Tipo,DIRECCION,A�O,Semana,Enviados,Asistencia,A�oSemana
NACIONAL,NACIONAL,2022,12,5,2,2022-12
NACIONAL,NACIONAL,2022,13,6,5,2022-13
NACIONAL,NACIONAL,2022,14,6,5,2022-14
NACIONAL,NACIONAL,2022,15,4,1,2022-15
NACIONAL,NACIONAL,2022,16,6,4,2022-16
NACIONAL,NACIONAL,2022,17,6,6,2022-17
DIRECCION,CENTRO,2022,12,5,4,2022-12
DIRECCION,CENTRO,2022,13,6,2,2022-13
DIRECCION,CENTRO,2022,14,5,4,2022-14
DIRECCION,CENTRO,2022,15,6,5,2022-15
DIRECCION,CENTRO,2022,16,4,3,2022-16
DIRECCION,CENTRO,2022,17,6,6,2022-17
DIRECCION,NORTE-NORESTE,2022,12,6,4,2022-12
DIRECCION,NORTE-NORESTE,2022,13,4,3,2022-13
DIRECCION,NORTE-NORESTE,2022,14,6,6,2022-14
DIRECCION,NORTE-NORESTE,2022,15,6,3,2022-15
DIRECCION,NORTE-NORESTE,2022,16,6,6,2022-16
DIRECCION,NORTE-NORESTE,2022,17,6,1,2022-17
DIRECCION,OCCIDENTE-BAJIO,2022,12,5,2,2022-12
DIRECCION,OCCIDENTE-BAJIO,2022,13,4,4,2022-13
DIRECCION,OCCIDENTE-BAJIO,2022,14,5,5,2022-14
DIRECCION,OCCIDENTE-BAJIO,2022,15,5,3,2022-15
DIRECCION,OCCIDENTE-BAJIO,2022,16,4,1,2022-16
DIRECCION,OCCIDENTE-BAJIO,2022,17,4,3,2022-17
DIRECCION,ORIENTE-SUR,2022,12,5,5,2022-12
DIRECCION,ORIENTE-SUR,2022,13,4,2,2022-13
DIRECCION,ORIENTE-SUR,2022,14,6,5,2022-14
DIRECCION,ORIENTE-SUR,2022,15,4,2,2022-15
DIRECCION,ORIENTE-SUR,2022,16,6,4,2022-16
DIRECCION,ORIENTE-SUR,2022,17,5,5,2022-17
PLAZA,ACAPULCO,2022,12,5,3,2022-12
PLAZA,ACAPULCO,2022,13,4,4,2022-13
PLAZA,ACAPULCO,2022,14,6,2,2022-14
PLAZA,ACAPULCO,2022,15,6,1,2022-15
PLAZA,ACAPULCO,2022,16,6,2,2022-16
PLAZA,ACAPULCO,2022,17,4,2,2022-17
PLAZA,AGUASCALIENTES,2022,12,4,1,2022-12
PLAZA,AGUASCALIENTES,2022,13,4,4,2022-13
PLAZA,AGUASCALIENTES,2022,14,6,5,2022-14
PLAZA,AGUASCALIENTES,2022,15,6,5,2022-15
PLAZA,AGUASCALIENTES,2022,16,4,4,2022-16
PLAZA,AGUASCALIENTES,2022,17,5,5,2022-17
PLAZA,CANCUN,2022,12,6,2,2022-12
PLAZA,CANCUN,2022,13,6,1,2022-13
PLAZA,CANCUN,2022,14,6,2,2022-14
PLAZA,CANCUN,2022,15,4,3,2022-15
PLAZA,CANCUN,2022,16,4,1,2022-16
PLAZA,CANCUN,2022,17,4,2,2022-17
PLAZA,CDMX,2022,12,4,4,2022-12
PLAZA,CDMX,2022,13,6,6,2022-13
PLAZA,CDMX,2022,14,5,4,2022-14
PLAZA,CDMX,2022,15,6,2,2022-15
PLAZA,CDMX,2022,16,6,2,2022-16
PLAZA,CDMX,2022,17,4,4,2022-17
PLAZA,CELAYA,2022,12,5,3,2022-12
PLAZA,CELAYA,2022,13,6,2,2022-13
PLAZA,CELAYA,2022,14,4,1,2022-14
PLAZA,CELAYA,2022,15,6,2,2022-15
PLAZA,CELAYA,2022,16,4,3,2022-16
PLAZA,CELAYA,2022,17,5,5,2022-17
PLAZA,CHIHUAHUA,2022,12,5,2,2022-12
PLAZA,CHIHUAHUA,2022,13,6,1,2022-13
PLAZA,CHIHUAHUA,2022,14,4,1,2022-14
PLAZA,CHIHUAHUA,2022,15,4,2,2022-15
PLAZA,CHIHUAHUA,2022,16,5,1,2022-16
PLAZA,CHIHUAHUA,2022,17,5,4,2022-17
PLAZA,CIUDAD JUAREZ,2022,12,4,3,2022-12
PLAZA,CIUDAD JUAREZ,2022,13,5,2,2022-13
PLAZA,CIUDAD JUAREZ,2022,14,4,1,2022-14
PLAZA,CIUDAD JUAREZ,2022,15,6,2,2022-15
PLAZA,CIUDAD JUAREZ,2022,16,5,1,2022-16
PLAZA,CIUDAD JUAREZ,2022,17,6,5,2022-17
PLAZA,CIUDAD OBREGON / NAVOJOA,2022,12,6,1,2022-12
PLAZA,CIUDAD OBREGON / NAVOJOA,2022,13,4,3,2022-13
PLAZA,CIUDAD OBREGON / NAVOJOA,2022,14,6,5,2022-14
PLAZA,CIUDAD OBREGON / NAVOJOA,2022,15,6,3,2022-15
PLAZA,CIUDAD OBREGON / NAVOJOA,2022,16,4,4,2022-16
PLAZA,CIUDAD OBREGON / NAVOJOA,2022,17,5,5,2022-17
PLAZA,CIUDAD VICTORIA,2022,13,5,3,2022-13
PLAZA,CIUDAD VICTORIA,2022,16,6,2,2022-16
PLAZA,CIUDAD VICTORIA,2022,17,4,4,2022-17
PLAZA,COATZA / MINA,2022,12,6,4,2022-12
PLAZA,COATZA / MINA,2022,13,5,3,2022-13
PLAZA,COATZA / MINA,2022,14,4,1,2022-14
PLAZA,COATZA / MINA,2022,15,6,6,2022-15
PLAZA,COATZA / MINA,2022,16,5,2,2022-16
PLAZA,COATZA / MINA,2022,17,5,4,2022-17
PLAZA,COLIMA / MANZANILLO,2022,13,5,5,2022-13
PLAZA,COLIMA / MANZANILLO,2022,14,6,4,2022-14
PLAZA,COLIMA / MANZANILLO,2022,15,5,4,2022-15
PLAZA,COLIMA / MANZANILLO,2022,16,4,4,2022-16
PLAZA,COLIMA / MANZANILLO,2022,17,5,3,2022-17
PLAZA,CORDOBA / ORIZABA,2022,12,4,4,2022-12
PLAZA,CORDOBA / ORIZABA,2022,13,5,2,2022-13
PLAZA,CORDOBA / ORIZABA,2022,14,5,2,2022-14
PLAZA,CORDOBA / ORIZABA,2022,15,4,3,2022-15
PLAZA,CORDOBA / ORIZABA,2022,16,4,3,2022-16
PLAZA,CORDOBA / ORIZABA,2022,17,4,2,2022-17
PLAZA,CUERNAVACA,2022,12,6,2,2022-12
PLAZA,CUERNAVACA,2022,13,6,4,2022-13
PLAZA,CUERNAVACA,2022,14,6,5,2022-14
PLAZA,CUERNAVACA,2022,15,6,4,2022-15
PLAZA,CUERNAVACA,2022,16,6,2,2022-16
PLAZA,CUERNAVACA,2022,17,6,5,2022-17
PLAZA,CULIACAN,2022,12,6,4,2022-12
PLAZA,CULIACAN,2022,13,5,5,2022-13
PLAZA,CULIACAN,2022,14,4,4,2022-14
PLAZA,CULIACAN,2022,15,6,5,2022-15
PLAZA,CULIACAN,2022,16,4,2,2022-16
PLAZA,CULIACAN,2022,17,6,4,2022-17
PLAZA,GUADALAJARA,2022,12,6,5,2022-12
PLAZA,GUADALAJARA,2022,13,4,2,2022-13
PLAZA,GUADALAJARA,2022,14,4,4,2022-14
PLAZA,GUADALAJARA,2022,15,6,3,2022-15
PLAZA,GUADALAJARA,2022,16,6,4,2022-16
PLAZA,GUADALAJARA,2022,17,6,5,2022-17
PLAZA,GUANAJUATO,2022,12,4,2,2022-12
PLAZA,GUANAJUATO,2022,13,6,6,2022-13
PLAZA,GUANAJUATO,2022,14,4,4,2022-14
PLAZA,GUANAJUATO,2022,15,4,4,2022-15
PLAZA,GUANAJUATO,2022,16,6,3,2022-16
PLAZA,GUANAJUATO,2022,17,4,3,2022-17
PLAZA,HERMOSILLO,2022,12,5,3,2022-12
PLAZA,HERMOSILLO,2022,13,5,1,2022-13
PLAZA,HERMOSILLO,2022,14,4,2,2022-14
PLAZA,HERMOSILLO,2022,15,5,5,2022-15
PLAZA,HERMOSILLO,2022,16,5,4,2022-16
PLAZA,HERMOSILLO,2022,17,5,1,2022-17
PLAZA,IRAPUATO,2022,12,6,1,2022-12
PLAZA,IRAPUATO,2022,13,5,4,2022-13
PLAZA,IRAPUATO,2022,14,4,3,2022-14
PLAZA,IRAPUATO,2022,15,4,2,2022-15
PLAZA,IRAPUATO,2022,16,4,3,2022-16
PLAZA,IRAPUATO,2022,17,6,1,2022-17
PLAZA,LA LAGUNA,2022,12,6,1,2022-12
PLAZA,LA LAGUNA,2022,13,4,1,2022-13
PLAZA,LA LAGUNA,2022,14,5,1,2022-14
PLAZA,LA LAGUNA,2022,15,5,5,2022-15
PLAZA,LA LAGUNA,2022,16,5,2,2022-16
PLAZA,LA LAGUNA,2022,17,5,2,2022-17
PLAZA,LEON,2022,12,6,4,2022-12
PLAZA,LEON,2022,13,5,2,2022-13
PLAZA,LEON,2022,14,5,3,2022-14
PLAZA,LEON,2022,15,5,3,2022-15
PLAZA,LEON,2022,16,5,4,2022-16
PLAZA,LEON,2022,17,4,4,2022-17
PLAZA,MAZATLAN,2022,12,6,2,2022-12
PLAZA,MAZATLAN,2022,13,6,5,2022-13
PLAZA,MAZATLAN,2022,14,5,2,2022-14
PLAZA,MAZATLAN,2022,15,5,1,2022-15
PLAZA,MAZATLAN,2022,16,6,4,2022-16
PLAZA,MAZATLAN,2022,17,5,3,2022-17
PLAZA,MERIDA,2022,12,6,3,2022-12
PLAZA,MERIDA,2022,13,4,2,2022-13
PLAZA,MERIDA,2022,14,4,4,2022-14
PLAZA,MERIDA,2022,15,5,1,2022-15
PLAZA,MERIDA,2022,16,4,2,2022-16
PLAZA,MERIDA,2022,17,5,5,2022-17
PLAZA,MEXICALI,2022,12,4,3,2022-12
PLAZA,MEXICALI,2022,13,5,3,2022-13
PLAZA,MEXICALI,2022,14,4,1,2022-14
PLAZA,MEXICALI,2022,15,4,3,2022-15
PLAZA,MEXICALI,2022,16,4,4,2022-16
PLAZA,MEXICALI,2022,17,5,2,2022-17
PLAZA,MONTERREY,2022,12,6,5,2022-12
PLAZA,MONTERREY,2022,13,5,1,2022-13
PLAZA,MONTERREY,2022,14,5,2,2022-14
PLAZA,MONTERREY,2022,15,5,3,2022-15
PLAZA,MONTERREY,2022,16,5,4,2022-16
PLAZA,MONTERREY,2022,17,6,1,2022-17
PLAZA,MORELIA,2022,12,6,3,2022-12
PLAZA,MORELIA,2022,13,5,5,2022-13
PLAZA,MORELIA,2022,14,5,2,2022-14
PLAZA,MORELIA,2022,15,5,5,2022-15
PLAZA,MORELIA,2022,16,5,1,2022-16
PLAZA,MORELIA,2022,17,6,5,2022-17
PLAZA,PACHUCA,2022,12,6,4,2022-12
PLAZA,PACHUCA,2022,13,5,5,2022-13
PLAZA,PACHUCA,2022,14,4,1,2022-14
PLAZA,PACHUCA,2022,15,6,1,2022-15
PLAZA,PACHUCA,2022,16,4,2,2022-16
PLAZA,PACHUCA,2022,17,6,4,2022-17
PLAZA,PIEDRAS NEGRAS / MONCLOVA,2022,16,5,5,2022-16
PLAZA,PIEDRAS NEGRAS / MONCLOVA,2022,17,6,1,2022-17
PLAZA,POZA RICA,2022,12,4,4,2022-12
PLAZA,POZA RICA,2022,13,6,5,2022-13
PLAZA,POZA RICA,2022,14,5,2,2022-14
PLAZA,POZA RICA,2022,15,4,3,2022-15
PLAZA,POZA RICA,2022,16,6,6,2022-16
PLAZA,POZA RICA,2022,17,4,1,2022-17
PLAZA,PUEBLA,2022,12,5,3,2022-12
PLAZA,PUEBLA,2022,13,5,5,2022-13
PLAZA,PUEBLA,2022,14,4,2,2022-14
PLAZA,PUEBLA,2022,15,6,4,2022-15
PLAZA,PUEBLA,2022,16,5,3,2022-16
PLAZA,PUEBLA,2022,17,6,5,2022-17
PLAZA,PUERTO VALLARTA,2022,12,6,1,2022-12
PLAZA,PUERTO VALLARTA,2022,13,6,3,2022-13
PLAZA,PUERTO VALLARTA,2022,14,4,4,2022-14
PLAZA,PUERTO VALLARTA,2022,15,5,2,2022-15
PLAZA,PUERTO VALLARTA,2022,16,6,5,2022-16
PLAZA,PUERTO VALLARTA,2022,17,4,2,2022-17
PLAZA,QUERETARO,2022,12,5,3,2022-12
PLAZA,QUERETARO,2022,13,4,1,2022-13
PLAZA,QUERETARO,2022,14,5,3,2022-14
PLAZA,QUERETARO,2022,15,5,3,2022-15
PLAZA,QUERETARO,2022,16,6,2,2022-16
PLAZA,QUERETARO,2022,17,5,1,2022-17
PLAZA,REYNOSA,2022,12,6,5,2022-12
PLAZA,REYNOSA,2022,13,4,2,2022-13
PLAZA,REYNOSA,2022,14,6,6,2022-14
PLAZA,REYNOSA,2022,15,5,2,2022-15
PLAZA,REYNOSA,2022,16,5,3,2022-16
PLAZA,REYNOSA,2022,17,4,3,2022-17
PLAZA,SALTILLO,2022,12,4,2,2022-12
PLAZA,SALTILLO,2022,13,4,1,2022-13
PLAZA,SALTILLO,2022,14,4,1,2022-14
PLAZA,SALTILLO,2022,15,5,5,2022-15
PLAZA,SALTILLO,2022,16,6,5,2022-16
PLAZA,SALTILLO,2022,17,6,2,2022-17
PLAZA,SAN LUIS POTOSI,2022,12,6,4,2022-12
PLAZA,SAN LUIS POTOSI,2022,13,4,3,2022-13
PLAZA,SAN LUIS POTOSI,2022,14,4,4,2022-14
PLAZA,SAN LUIS POTOSI,2022,15,6,3,2022-15
PLAZA,SAN LUIS POTOSI,2022,16,4,2,2022-16
PLAZA,SAN LUIS POTOSI,2022,17,6,4,2022-17
PLAZA,TAMPICO,2022,12,5,2,2022-12
PLAZA,TAMPICO,2022,13,4,4,2022-13
PLAZA,TAMPICO,2022,14,6,1,2022-14
PLAZA,TAMPICO,2022,15,5,1,2022-15
PLAZA,TAMPICO,2022,16,4,4,2022-16
PLAZA,TAMPICO,2022,17,4,1,2022-17
PLAZA,TEPIC,2022,12,5,4,2022-12
PLAZA,TEPIC,2022,13,6,6,2022-13
PLAZA,TEPIC,2022,14,5,4,2022-14
PLAZA,TEPIC,2022,15,5,4,2022-15
PLAZA,TIJUANA,2022,12,5,5,2022-12
PLAZA,TIJUANA,2022,13,4,1,2022-13
PLAZA,TIJUANA,2022,14,4,1,2022-14
PLAZA,TIJUANA,2022,15,5,3,2022-15
PLAZA,TIJUANA,2022,16,4,3,2022-16
PLAZA,TIJUANA,2022,17,4,1,2022-17
PLAZA,TOLUCA,2022,12,5,2,2022-12
PLAZA,TOLUCA,2022,13,5,3,2022-13
PLAZA,TOLUCA,2022,14,6,5,2022-14
PLAZA,TOLUCA,2022,15,4,4,2022-15
PLAZA,TOLUCA,2022,16,5,3,2022-16
PLAZA,TOLUCA,2022,17,6,2,2022-17
PLAZA,TUXTLA,2022,12,5,5,2022-12
PLAZA,TUXTLA,2022,13,6,4,2022-13
PLAZA,TUXTLA,2022,14,6,3,2022-14
PLAZA,TUXTLA,2022,15,4,3,2022-15
PLAZA,TUXTLA,2022,16,4,4,2022-16
PLAZA,TUXTLA,2022,17,4,4,2022-17
PLAZA,VERACRUZ,2022,12,6,1,2022-12
PLAZA,VERACRUZ,2022,13,5,2,2022-13
PLAZA,VERACRUZ,2022,14,5,2,2022-14
PLAZA,VERACRUZ,2022,15,4,3,2022-15
PLAZA,VERACRUZ,2022,16,6,2,2022-16
PLAZA,VERACRUZ,2022,17,6,3,2022-17
PLAZA,VILLAHERMOSA,2022,12,6,2,2022-12
PLAZA,VILLAHERMOSA,2022,13,5,5,2022-13
PLAZA,VILLAHERMOSA,2022,14,5,3,2022-14
PLAZA,VILLAHERMOSA,2022,15,5,2,2022-15
PLAZA,VILLAHERMOSA,2022,16,5,2,2022-16
PLAZA,VILLAHERMOSA,2022,17,4,1,2022-17
PLAZA,XALAPA,2022,12,6,2,2022-12
PLAZA,XALAPA,2022,13,6,4,2022-13
PLAZA,XALAPA,2022,14,6,1,2022-14
PLAZA,XALAPA,2022,15,4,1,2022-15
PLAZA,XALAPA,2022,16,4,1,2022-16
PLAZA,XALAPA,2022,17,4,4,2022-17
DISTRITO,ACAPULCO,2022,12,5,5,2022-12
DISTRITO,ACAPULCO,2022,13,4,3,2022-13
DISTRITO,ACAPULCO,2022,14,6,3,2022-14
DISTRITO,ACAPULCO,2022,15,4,1,2022-15
DISTRITO,ACAPULCO,2022,16,6,3,2022-16
DISTRITO,ACAPULCO,2022,17,6,1,2022-17
DISTRITO,AEROPUERTO,2022,12,6,2,2022-12
DISTRITO,AEROPUERTO,2022,13,4,1,2022-13
DISTRITO,AEROPUERTO,2022,14,4,4,2022-14
DISTRITO,AEROPUERTO,2022,15,5,4,2022-15
DISTRITO,AEROPUERTO,2022,16,5,1,2022-16
DISTRITO,AEROPUERTO,2022,17,4,3,2022-17
DISTRITO,AGUASCALIENTES,2022,12,6,2,2022-12
DISTRITO,AGUASCALIENTES,2022,13,4,1,2022-13
DISTRITO,AGUASCALIENTES,2022,14,6,6,2022-14
DISTRITO,AGUASCALIENTES,2022,15,5,2,2022-15
DISTRITO,AGUASCALIENTES,2022,16,4,4,2022-16
DISTRITO,AGUASCALIENTES,2022,17,6,1,2022-17
DISTRITO,ARAGON,2022,12,6,3,2022-12
DISTRITO,ARAGON,2022,13,4,2,2022-13
DISTRITO,ARAGON,2022,14,6,5,2022-14
DISTRITO,ARAGON,2022,15,4,3,2022-15
DISTRITO,ARAGON,2022,16,6,2,2022-16
DISTRITO,ARAGON,2022,17,5,4,2022-17
DISTRITO,AZCAPOTZALCO,2022,12,4,2,2022-12
DISTRITO,AZCAPOTZALCO,2022,13,6,1,2022-13
DISTRITO,AZCAPOTZALCO,2022,14,4,4,2022-14
DISTRITO,AZCAPOTZALCO,2022,15,6,3,2022-15
DISTRITO,AZCAPOTZALCO,2022,16,5,5,2022-16
DISTRITO,AZCAPOTZALCO,2022,17,4,4,2022-17
DISTRITO,CANCUN,2022,12,4,2,2022-12
DISTRITO,CANCUN,2022,13,4,4,2022-13
DISTRITO,CANCUN,2022,14,6,4,2022-14
DISTRITO,CANCUN,2022,15,6,6,2022-15
DISTRITO,CANCUN,2022,16,6,4,2022-16
DISTRITO,CANCUN,2022,17,4,3,2022-17
DISTRITO,CELAYA,2022,12,6,1,2022-12
DISTRITO,CELAYA,2022,13,6,3,2022-13
DISTRITO,CELAYA,2022,14,5,2,2022-14
DISTRITO,CELAYA,2022,15,5,5,2022-15
DISTRITO,CELAYA,2022,16,4,4,2022-16
DISTRITO,CELAYA,2022,17,5,3,2022-17
DISTRITO,CENTRO HISTORICO,2022,12,5,2,2022-12
DISTRITO,CENTRO HISTORICO,2022,13,6,2,2022-13
DISTRITO,CENTRO HISTORICO,2022,14,4,4,2022-14
DISTRITO,CENTRO HISTORICO,2022,15,6,5,2022-15
DISTRITO,CENTRO HISTORICO,2022,16,5,3,2022-16
DISTRITO,CENTRO HISTORICO,2022,17,5,2,2022-17
DISTRITO,CERRO GORDO,2022,12,5,4,2022-12
DISTRITO,CERRO GORDO,2022,13,6,1,2022-13
DISTRITO,CERRO GORDO,2022,14,5,4,2022-14
DISTRITO,CERRO GORDO,2022,15,4,4,2022-15
DISTRITO,CERRO GORDO,2022,16,4,2,2022-16
DISTRITO,CERRO GORDO,2022,17,5,1,2022-17
DISTRITO,CHALCO,2022,12,6,3,2022-12
DISTRITO,CHALCO,2022,13,5,2,2022-13
DISTRITO,CHALCO,2022,14,6,2,2022-14
DISTRITO,CHALCO,2022,15,6,3,2022-15
DISTRITO,CHALCO,2022,16,4,1,2022-16
DISTRITO,CHALCO,2022,17,5,3,2022-17
DISTRITO,CHIHUAHUA CUMBRES,2022,12,4,2,2022-12
DISTRITO,CHIHUAHUA CUMBRES,2022,13,5,2,2022-13
DISTRITO,CHIHUAHUA CUMBRES,2022,14,6,4,2022-14
DISTRITO,CHIHUAHUA CUMBRES,2022,15,5,3,2022-15
DISTRITO,CHIHUAHUA CUMBRES,2022,16,4,2,2022-16
DISTRITO,CHIHUAHUA CUMBRES,2022,17,4,3,2022-17
DISTRITO,CHIHUAHUA DEL RELIZ,2022,12,6,2,2022-12
DISTRITO,CHIHUAHUA DEL RELIZ,2022,13,5,4,2022-13
DISTRITO,CHIHUAHUA DEL RELIZ,2022,14,5,1,2022-14
DISTRITO,CHIHUAHUA DEL RELIZ,2022,15,5,1,2022-15
DISTRITO,CHIHUAHUA DEL RELIZ,2022,16,6,1,2022-16
DISTRITO,CHIHUAHUA DEL RELIZ,2022,17,6,1,2022-17
DISTRITO,CIUDAD OBREGON / NAVOJOA,2022,12,5,4,2022-12
DISTRITO,CIUDAD OBREGON / NAVOJOA,2022,13,6,6,2022-13
DISTRITO,CIUDAD OBREGON / NAVOJOA,2022,14,5,2,2022-14
DISTRITO,CIUDAD OBREGON / NAVOJOA,2022,15,6,2,2022-15
DISTRITO,CIUDAD OBREGON / NAVOJOA,2022,16,4,1,2022-16
DISTRITO,CIUDAD OBREGON / NAVOJOA,2022,17,4,4,2022-17
DISTRITO,CIUDAD VICTORIA,2022,13,6,3,2022-13
DISTRITO,CIUDAD VICTORIA,2022,16,5,1,2022-16
DISTRITO,CIUDAD VICTORIA,2022,17,6,5,2022-17
DISTRITO,COACALCO,2022,12,6,3,2022-12
DISTRITO,COACALCO,2022,13,4,2,2022-13
DISTRITO,COACALCO,2022,14,6,1,2022-14
DISTRITO,COACALCO,2022,15,5,1,2022-15
DISTRITO,COACALCO,2022,16,6,3,2022-16
DISTRITO,COACALCO,2022,17,4,3,2022-17
DISTRITO,COATZA / MINA,2022,12,6,2,2022-12
DISTRITO,COATZA / MINA,2022,13,5,1,2022-13
DISTRITO,COATZA / MINA,2022,14,5,5,2022-14
DISTRITO,COATZA / MINA,2022,15,5,1,2022-15
DISTRITO,COATZA / MINA,2022,16,5,3,2022-16
DISTRITO,COATZA / MINA,2022,17,6,4,2022-17
DISTRITO,COLIMA / MANZANILLO,2022,13,6,4,2022-13
DISTRITO,COLIMA / MANZANILLO,2022,14,6,6,2022-14
DISTRITO,COLIMA / MANZANILLO,2022,15,6,5,2022-15
DISTRITO,COLIMA / MANZANILLO,2022,16,4,4,2022-16
DISTRITO,COLIMA / MANZANILLO,2022,17,6,3,2022-17
DISTRITO,CONDESA,2022,12,6,5,2022-12
DISTRITO,CONDESA,2022,13,5,1,2022-13
DISTRITO,CONDESA,2022,14,5,3,2022-14
DISTRITO,CONDESA,2022,15,4,4,2022-15
DISTRITO,CONDESA,2022,16,5,3,2022-16
DISTRITO,CONDESA,2022,17,6,1,2022-17
DISTRITO,CONSTITUCION,2022,12,6,2,2022-12
DISTRITO,CONSTITUCION,2022,13,6,4,2022-13
DISTRITO,CONSTITUCION,2022,14,5,2,2022-14
DISTRITO,CONSTITUCION,2022,15,5,1,2022-15
DISTRITO,CONSTITUCION,2022,16,5,4,2022-16
DISTRITO,CONSTITUCION,2022,17,4,4,2022-17
DISTRITO,CORDOBA / ORIZABA,2022,12,6,5,2022-12
DISTRITO,CORDOBA / ORIZABA,2022,13,6,6,2022-13
DISTRITO,CORDOBA / ORIZABA,2022,14,5,4,2022-14
DISTRITO,CORDOBA / ORIZABA,2022,15,6,4,2022-15
DISTRITO,CORDOBA / ORIZABA,2022,16,4,2,2022-16
DISTRITO,CORDOBA / ORIZABA,2022,17,4,2,2022-17
DISTRITO,CUERNAVACA BUGAMBILIAS,2022,12,4,4,2022-12
DISTRITO,CUERNAVACA BUGAMBILIAS,2022,13,4,4,2022-13
DISTRITO,CUERNAVACA BUGAMBILIAS,2022,14,4,1,2022-14
DISTRITO,CUERNAVACA BUGAMBILIAS,2022,15,5,1,2022-15
DISTRITO,CUERNAVACA BUGAMBILIAS,2022,16,4,3,2022-16
DISTRITO,CUERNAVACA BUGAMBILIAS,2022,17,4,4,2022-17
DISTRITO,CUERNAVACA DE CORTEZ,2022,12,4,4,2022-12
DISTRITO,CUERNAVACA DE CORTEZ,2022,13,4,2,2022-13
DISTRITO,CUERNAVACA DE CORTEZ,2022,14,6,5,2022-14
DISTRITO,CUERNAVACA DE CORTEZ,2022,15,4,3,2022-15
DISTRITO,CUERNAVACA DE CORTEZ,2022,16,4,1,2022-16
DISTRITO,CUERNAVACA DE CORTEZ,2022,17,5,5,2022-17
DISTRITO,CULIACAN,2022,12,5,5,2022-12
DISTRITO,CULIACAN,2022,13,5,3,2022-13
DISTRITO,CULIACAN,2022,14,6,3,2022-14
DISTRITO,CULIACAN,2022,15,6,3,2022-15
DISTRITO,CULIACAN,2022,16,5,3,2022-16
DISTRITO,CULIACAN,2022,17,5,5,2022-17
DISTRITO,DELTA,2022,12,6,6,2022-12
DISTRITO,DELTA,2022,13,4,1,2022-13
DISTRITO,DELTA,2022,14,5,2,2022-14
DISTRITO,DELTA,2022,15,6,4,2022-15
DISTRITO,DELTA,2022,16,5,3,2022-16
DISTRITO,DELTA,2022,17,4,2,2022-17
DISTRITO,ECATEPEC,2022,12,4,2,2022-12
DISTRITO,ECATEPEC,2022,13,6,1,2022-13
DISTRITO,ECATEPEC,2022,14,4,1,2022-14
DISTRITO,ECATEPEC,2022,15,6,1,2022-15
DISTRITO,ECATEPEC,2022,16,5,1,2022-16
DISTRITO,ECATEPEC,2022,17,5,4,2022-17
DISTRITO,GDL BARRANCA,2022,12,6,4,2022-12
DISTRITO,GDL BARRANCA,2022,13,4,3,2022-13
DISTRITO,GDL BARRANCA,2022,14,6,4,2022-14
DISTRITO,GDL BARRANCA,2022,15,6,3,2022-15
DISTRITO,GDL BARRANCA,2022,16,6,1,2022-16
DISTRITO,GDL BARRANCA,2022,17,4,4,2022-17
DISTRITO,GDL CHAPULTEPEC,2022,12,6,3,2022-12
DISTRITO,GDL CHAPULTEPEC,2022,13,4,3,2022-13
DISTRITO,GDL CHAPULTEPEC,2022,14,6,4,2022-14
DISTRITO,GDL CHAPULTEPEC,2022,15,4,3,2022-15
DISTRITO,GDL CHAPULTEPEC,2022,16,5,3,2022-16
DISTRITO,GDL CHAPULTEPEC,2022,17,5,5,2022-17
DISTRITO,GDL COLOMOS,2022,12,5,1,2022-12
DISTRITO,GDL COLOMOS,2022,13,6,3,2022-13
DISTRITO,GDL COLOMOS,2022,14,6,1,2022-14
DISTRITO,GDL COLOMOS,2022,15,5,1,2022-15
DISTRITO,GDL COLOMOS,2022,16,4,3,2022-16
DISTRITO,GDL COLOMOS,2022,17,5,4,2022-17
DISTRITO,GDL EL TAPATIO,2022,12,6,1,2022-12
DISTRITO,GDL EL TAPATIO,2022,13,6,6,2022-13
DISTRITO,GDL EL TAPATIO,2022,14,4,3,2022-14
DISTRITO,GDL EL TAPATIO,2022,15,6,1,2022-15
DISTRITO,GDL EL TAPATIO,2022,16,4,2,2022-16
DISTRITO,GDL EL TAPATIO,2022,17,4,3,2022-17
DISTRITO,GDL ESTADIO,2022,12,6,1,2022-12
DISTRITO,GDL ESTADIO,2022,13,6,6,2022-13
DISTRITO,GDL ESTADIO,2022,14,5,4,2022-14
DISTRITO,GDL ESTADIO,2022,15,6,1,2022-15
DISTRITO,GDL ESTADIO,2022,16,4,4,2022-16
DISTRITO,GDL ESTADIO,2022,17,5,1,2022-17
DISTRITO,GDL LA PRIMAVERA,2022,12,5,2,2022-12
DISTRITO,GDL LA PRIMAVERA,2022,13,6,5,2022-13
DISTRITO,GDL LA PRIMAVERA,2022,14,6,4,2022-14
DISTRITO,GDL LA PRIMAVERA,2022,15,5,3,2022-15
DISTRITO,GDL LA PRIMAVERA,2022,16,5,5,2022-16
DISTRITO,GDL LA PRIMAVERA,2022,17,4,1,2022-17
DISTRITO,GDL LAZARO CARDENAS,2022,12,5,1,2022-12
DISTRITO,GDL LAZARO CARDENAS,2022,13,5,3,2022-13
DISTRITO,GDL LAZARO CARDENAS,2022,14,6,6,2022-14
DISTRITO,GDL LAZARO CARDENAS,2022,15,6,4,2022-15
DISTRITO,GDL LAZARO CARDENAS,2022,16,4,2,2022-16
DISTRITO,GDL LAZARO CARDENAS,2022,17,5,1,2022-17
DISTRITO,GDL LOPEZ MATEOS,2022,12,6,1,2022-12
DISTRITO,GDL LOPEZ MATEOS,2022,13,6,3,2022-13
DISTRITO,GDL LOPEZ MATEOS,2022,14,6,1,2022-14
DISTRITO,GDL LOPEZ MATEOS,2022,15,5,4,2022-15
DISTRITO,GDL LOPEZ MATEOS,2022,16,6,5,2022-16
DISTRITO,GDL LOPEZ MATEOS,2022,17,4,2,2022-17
DISTRITO,GUADALUPE TEPEYAC,2022,12,6,2,2022-12
DISTRITO,GUADALUPE TEPEYAC,2022,13,5,2,2022-13
DISTRITO,GUADALUPE TEPEYAC,2022,14,6,6,2022-14
DISTRITO,GUADALUPE TEPEYAC,2022,15,5,4,2022-15
DISTRITO,GUADALUPE TEPEYAC,2022,16,4,2,2022-16
DISTRITO,GUADALUPE TEPEYAC,2022,17,6,6,2022-17
DISTRITO,GUANAJUATO,2022,12,6,2,2022-12
DISTRITO,GUANAJUATO,2022,13,5,1,2022-13
DISTRITO,GUANAJUATO,2022,14,4,2,2022-14
DISTRITO,GUANAJUATO,2022,15,4,2,2022-15
DISTRITO,GUANAJUATO,2022,16,4,4,2022-16
DISTRITO,GUANAJUATO,2022,17,4,4,2022-17
DISTRITO,HERMOSILLO,2022,12,6,5,2022-12
DISTRITO,HERMOSILLO,2022,13,4,1,2022-13
DISTRITO,HERMOSILLO,2022,14,5,2,2022-14
DISTRITO,HERMOSILLO,2022,15,4,4,2022-15
DISTRITO,HERMOSILLO,2022,16,5,4,2022-16
DISTRITO,HERMOSILLO,2022,17,4,1,2022-17
DISTRITO,HUEHUETOCA,2022,12,6,5,2022-12
DISTRITO,HUEHUETOCA,2022,13,4,1,2022-13
DISTRITO,HUEHUETOCA,2022,14,4,2,2022-14
DISTRITO,HUEHUETOCA,2022,15,4,2,2022-15
DISTRITO,HUEHUETOCA,2022,16,6,5,2022-16
DISTRITO,HUEHUETOCA,2022,17,6,1,2022-17
DISTRITO,IRAPUATO,2022,12,5,2,2022-12
DISTRITO,IRAPUATO,2022,13,4,1,2022-13
DISTRITO,IRAPUATO,2022,14,5,4,2022-14
DISTRITO,IRAPUATO,2022,15,6,1,2022-15
DISTRITO,IRAPUATO,2022,16,5,3,2022-16
DISTRITO,IRAPUATO,2022,17,5,3,2022-17
DISTRITO,IZTAPALAPA,2022,12,5,5,2022-12
DISTRITO,IZTAPALAPA,2022,13,4,2,2022-13
DISTRITO,IZTAPALAPA,2022,14,6,5,2022-14
DISTRITO,IZTAPALAPA,2022,15,4,1,2022-15
DISTRITO,IZTAPALAPA,2022,16,5,1,2022-16
DISTRITO,IZTAPALAPA,2022,17,6,1,2022-17
DISTRITO,JUAREZ NORTE,2022,12,4,4,2022-12
DISTRITO,JUAREZ NORTE,2022,13,6,2,2022-13
DISTRITO,JUAREZ NORTE,2022,14,4,1,2022-14
DISTRITO,JUAREZ NORTE,2022,15,5,2,2022-15
DISTRITO,JUAREZ NORTE,2022,16,4,3,2022-16
DISTRITO,JUAREZ NORTE,2022,17,6,2,2022-17
DISTRITO,JUAREZ SUR,2022,12,5,3,2022-12
DISTRITO,JUAREZ SUR,2022,13,4,4,2022-13
DISTRITO,JUAREZ SUR,2022,14,6,5,2022-14
DISTRITO,JUAREZ SUR,2022,15,4,1,2022-15
DISTRITO,JUAREZ SUR,2022,16,4,4,2022-16
DISTRITO,JUAREZ SUR,2022,17,5,1,2022-17
DISTRITO,LA LAGUNA GOMEZ,2022,12,4,4,2022-12
DISTRITO,LA LAGUNA GOMEZ,2022,13,5,2,2022-13
DISTRITO,LA LAGUNA GOMEZ,2022,14,5,2,2022-14
DISTRITO,LA LAGUNA GOMEZ,2022,15,6,3,2022-15
DISTRITO,LA LAGUNA GOMEZ,2022,16,4,2,2022-16
DISTRITO,LA LAGUNA GOMEZ,2022,17,4,1,2022-17
DISTRITO,LA LAGUNA TORREON,2022,12,5,2,2022-12
DISTRITO,LA LAGUNA TORREON,2022,13,5,3,2022-13
DISTRITO,LA LAGUNA TORREON,2022,14,5,4,2022-14
DISTRITO,LA LAGUNA TORREON,2022,15,6,1,2022-15
DISTRITO,LA LAGUNA TORREON,2022,16,5,1,2022-16
DISTRITO,LA LAGUNA TORREON,2022,17,4,2,2022-17
DISTRITO,LAS AGUILAS,2022,12,4,4,2022-12
DISTRITO,LAS AGUILAS,2022,13,4,4,2022-13
DISTRITO,LAS AGUILAS,2022,14,4,4,2022-14
DISTRITO,LAS AGUILAS,2022,15,6,4,2022-15
DISTRITO,LAS AGUILAS,2022,16,5,3,2022-16
DISTRITO,LAS AGUILAS,2022,17,6,6,2022-17
DISTRITO,LOS MOCHIS,2022,12,4,1,2022-12
DISTRITO,LOS MOCHIS,2022,13,4,3,2022-13
DISTRITO,LOS MOCHIS,2022,14,5,5,2022-14
DISTRITO,LOS MOCHIS,2022,15,6,2,2022-15
DISTRITO,LOS MOCHIS,2022,16,6,5,2022-16
DISTRITO,LOS MOCHIS,2022,17,5,4,2022-17
DISTRITO,LOS REYES,2022,12,6,6,2022-12
DISTRITO,LOS REYES,2022,13,6,3,2022-13
DISTRITO,LOS REYES,2022,14,4,1,2022-14
DISTRITO,LOS REYES,2022,15,5,1,2022-15
DISTRITO,LOS REYES,2022,16,4,4,2022-16
DISTRITO,LOS REYES,2022,17,4,3,2022-17
DISTRITO,MAZATLAN,2022,12,5,1,2022-12
DISTRITO,MAZATLAN,2022,13,5,4,2022-13
DISTRITO,MAZATLAN,2022,14,6,4,2022-14
DISTRITO,MAZATLAN,2022,15,6,6,2022-15
DISTRITO,MAZATLAN,2022,16,6,1,2022-16
DISTRITO,MAZATLAN,2022,17,5,1,2022-17
DISTRITO,MERIDA NORTE,2022,12,6,3,2022-12
DISTRITO,MERIDA NORTE,2022,13,4,3,2022-13
DISTRITO,MERIDA NORTE,2022,14,5,4,2022-14
DISTRITO,MERIDA NORTE,2022,15,4,3,2022-15
DISTRITO,MERIDA NORTE,2022,16,5,4,2022-16
DISTRITO,MERIDA NORTE,2022,17,5,3,2022-17
DISTRITO,MERIDA SUR,2022,12,6,1,2022-12
DISTRITO,MERIDA SUR,2022,13,6,4,2022-13
DISTRITO,MERIDA SUR,2022,14,6,2,2022-14
DISTRITO,MERIDA SUR,2022,15,6,1,2022-15
DISTRITO,MERIDA SUR,2022,16,4,3,2022-16
DISTRITO,MERIDA SUR,2022,17,6,2,2022-17
DISTRITO,MEXICALI,2022,12,5,2,2022-12
DISTRITO,MEXICALI,2022,13,6,4,2022-13
DISTRITO,MEXICALI,2022,14,6,6,2022-14
DISTRITO,MEXICALI,2022,15,5,5,2022-15
DISTRITO,MEXICALI,2022,16,6,3,2022-16
DISTRITO,MEXICALI,2022,17,4,1,2022-17
DISTRITO,MORELIA,2022,12,5,3,2022-12
DISTRITO,MORELIA,2022,13,4,3,2022-13
DISTRITO,MORELIA,2022,14,6,5,2022-14
DISTRITO,MORELIA,2022,15,5,5,2022-15
DISTRITO,MORELIA,2022,16,4,2,2022-16
DISTRITO,MORELIA,2022,17,6,1,2022-17
DISTRITO,MTY AEROPUERTO,2022,12,6,1,2022-12
DISTRITO,MTY AEROPUERTO,2022,13,6,4,2022-13
DISTRITO,MTY AEROPUERTO,2022,14,5,1,2022-14
DISTRITO,MTY AEROPUERTO,2022,15,4,4,2022-15
DISTRITO,MTY AEROPUERTO,2022,16,5,3,2022-16
DISTRITO,MTY AEROPUERTO,2022,17,4,3,2022-17
DISTRITO,MTY CARRETERA NACIONAL,2022,12,4,1,2022-12
DISTRITO,MTY CARRETERA NACIONAL,2022,13,5,2,2022-13
DISTRITO,MTY CARRETERA NACIONAL,2022,14,6,3,2022-14
DISTRITO,MTY CARRETERA NACIONAL,2022,15,5,4,2022-15
DISTRITO,MTY CARRETERA NACIONAL,2022,16,4,4,2022-16
DISTRITO,MTY CARRETERA NACIONAL,2022,17,6,6,2022-17
DISTRITO,MTY CERRO DE LA SILLA,2022,12,5,2,2022-12
DISTRITO,MTY CERRO DE LA SILLA,2022,13,4,3,2022-13
DISTRITO,MTY CERRO DE LA SILLA,2022,14,5,3,2022-14
DISTRITO,MTY CERRO DE LA SILLA,2022,15,5,3,2022-15
DISTRITO,MTY CERRO DE LA SILLA,2022,16,5,3,2022-16
DISTRITO,MTY CERRO DE LA SILLA,2022,17,5,2,2022-17
DISTRITO,MTY GARCIA,2022,12,5,2,2022-12
DISTRITO,MTY GARCIA,2022,13,5,1,2022-13
DISTRITO,MTY GARCIA,2022,14,5,1,2022-14
DISTRITO,MTY GARCIA,2022,15,5,1,2022-15
DISTRITO,MTY GARCIA,2022,16,4,1,2022-16
DISTRITO,MTY GARCIA,2022,17,4,3,2022-17
DISTRITO,MTY MITRAS,2022,12,4,2,2022-12
DISTRITO,MTY MITRAS,2022,13,5,2,2022-13
DISTRITO,MTY MITRAS,2022,14,6,1,2022-14
DISTRITO,MTY MITRAS,2022,15,4,1,2022-15
DISTRITO,MTY MITRAS,2022,16,4,3,2022-16
DISTRITO,MTY MITRAS,2022,17,5,1,2022-17
DISTRITO,MTY SANTA LUCIA,2022,12,4,1,2022-12
DISTRITO,MTY SANTA LUCIA,2022,13,4,2,2022-13
DISTRITO,MTY SANTA LUCIA,2022,14,4,3,2022-14
DISTRITO,MTY SANTA LUCIA,2022,15,6,5,2022-15
DISTRITO,MTY SANTA LUCIA,2022,16,5,2,2022-16
DISTRITO,MTY SANTA LUCIA,2022,17,6,2,2022-17
DISTRITO,MTY SENDERO DIVISORIO,2022,12,5,1,2022-12
DISTRITO,MTY SENDERO DIVISORIO,2022,13,4,3,2022-13
DISTRITO,MTY SENDERO DIVISORIO,2022,14,6,2,2022-14
DISTRITO,MTY SENDERO DIVISORIO,2022,15,4,1,2022-15
DISTRITO,MTY SENDERO DIVISORIO,2022,16,6,3,2022-16
DISTRITO,MTY SENDERO DIVISORIO,2022,17,6,6,2022-17
DISTRITO,MTY SIERRA MADRE,2022,12,5,5,2022-12
DISTRITO,MTY SIERRA MADRE,2022,13,4,3,2022-13
DISTRITO,MTY SIERRA MADRE,2022,14,6,2,2022-14
DISTRITO,MTY SIERRA MADRE,2022,15,4,3,2022-15
DISTRITO,MTY SIERRA MADRE,2022,16,6,4,2022-16
DISTRITO,MTY SIERRA MADRE,2022,17,6,2,2022-17
DISTRITO,NAUCALPAN,2022,12,5,3,2022-12
DISTRITO,NAUCALPAN,2022,13,6,1,2022-13
DISTRITO,NAUCALPAN,2022,14,6,5,2022-14
DISTRITO,NAUCALPAN,2022,15,5,1,2022-15
DISTRITO,NAUCALPAN,2022,16,5,5,2022-16
DISTRITO,NAUCALPAN,2022,17,5,3,2022-17
DISTRITO,NEZA 1,2022,12,4,3,2022-12
DISTRITO,NEZA 1,2022,13,4,2,2022-13
DISTRITO,NEZA 1,2022,14,4,4,2022-14
DISTRITO,NEZA 1,2022,15,5,2,2022-15
DISTRITO,NEZA 1,2022,16,4,1,2022-16
DISTRITO,NEZA 1,2022,17,4,4,2022-17
DISTRITO,NEZA 2,2022,12,4,4,2022-12
DISTRITO,NEZA 2,2022,13,4,1,2022-13
DISTRITO,NEZA 2,2022,14,6,5,2022-14
DISTRITO,NEZA 2,2022,15,4,1,2022-15
DISTRITO,NEZA 2,2022,16,5,1,2022-16
DISTRITO,NEZA 2,2022,17,6,1,2022-17
DISTRITO,NICOLAS ROMERO,2022,12,5,4,2022-12
DISTRITO,NICOLAS ROMERO,2022,13,4,4,2022-13
DISTRITO,NICOLAS ROMERO,2022,14,5,3,2022-14
DISTRITO,NICOLAS ROMERO,2022,15,6,3,2022-15
DISTRITO,NICOLAS ROMERO,2022,16,4,1,2022-16
DISTRITO,NICOLAS ROMERO,2022,17,6,4,2022-17
DISTRITO,OJO DE AGUA,2022,12,5,2,2022-12
DISTRITO,OJO DE AGUA,2022,13,5,3,2022-13
DISTRITO,OJO DE AGUA,2022,14,4,2,2022-14
DISTRITO,OJO DE AGUA,2022,15,6,1,2022-15
DISTRITO,OJO DE AGUA,2022,16,4,2,2022-16
DISTRITO,OJO DE AGUA,2022,17,6,3,2022-17
DISTRITO,PACHUCA,2022,12,4,4,2022-12
DISTRITO,PACHUCA,2022,13,4,3,2022-13
DISTRITO,PACHUCA,2022,14,6,2,2022-14
DISTRITO,PACHUCA,2022,15,4,1,2022-15
DISTRITO,PACHUCA,2022,16,4,3,2022-16
DISTRITO,PACHUCA,2022,17,4,1,2022-17
DISTRITO,PEDREGAL,2022,12,5,3,2022-12
DISTRITO,PEDREGAL,2022,13,5,3,2022-13
DISTRITO,PEDREGAL,2022,14,5,1,2022-14
DISTRITO,PEDREGAL,2022,15,5,4,2022-15
DISTRITO,PEDREGAL,2022,16,4,2,2022-16
DISTRITO,PEDREGAL,2022,17,4,3,2022-17
DISTRITO,PIEDRAS NEGRAS / MONCLOVA,2022,16,5,5,2022-16
DISTRITO,PIEDRAS NEGRAS / MONCLOVA,2022,17,6,4,2022-17
DISTRITO,POLANCO,2022,12,4,2,2022-12
DISTRITO,POLANCO,2022,13,4,1,2022-13
DISTRITO,POLANCO,2022,14,4,1,2022-14
DISTRITO,POLANCO,2022,15,4,3,2022-15
DISTRITO,POLANCO,2022,16,5,2,2022-16
DISTRITO,POLANCO,2022,17,4,2,2022-17
DISTRITO,PORTALES,2022,12,6,3,2022-12
DISTRITO,PORTALES,2022,13,4,2,2022-13
DISTRITO,PORTALES,2022,14,5,2,2022-14
DISTRITO,PORTALES,2022,15,5,3,2022-15
DISTRITO,PORTALES,2022,16,4,3,2022-16
DISTRITO,PORTALES,2022,17,6,4,2022-17
DISTRITO,POZA RICA,2022,12,5,4,2022-12
DISTRITO,POZA RICA,2022,13,5,1,2022-13
DISTRITO,POZA RICA,2022,14,5,2,2022-14
DISTRITO,POZA RICA,2022,15,6,5,2022-15
DISTRITO,POZA RICA,2022,16,4,2,2022-16
DISTRITO,POZA RICA,2022,17,6,1,2022-17
DISTRITO,PUE ANGELOPOLIS,2022,12,4,3,2022-12
DISTRITO,PUE ANGELOPOLIS,2022,13,4,2,2022-13
DISTRITO,PUE ANGELOPOLIS,2022,14,4,2,2022-14
DISTRITO,PUE ANGELOPOLIS,2022,15,4,2,2022-15
DISTRITO,PUE ANGELOPOLIS,2022,16,5,1,2022-16
DISTRITO,PUE ANGELOPOLIS,2022,17,5,3,2022-17
DISTRITO,PUE LA NORIA,2022,12,5,1,2022-12
DISTRITO,PUE LA NORIA,2022,13,5,4,2022-13
DISTRITO,PUE LA NORIA,2022,14,4,3,2022-14
DISTRITO,PUE LA NORIA,2022,15,5,4,2022-15
DISTRITO,PUE LA NORIA,2022,16,5,2,2022-16
DISTRITO,PUE LA NORIA,2022,17,6,3,2022-17
DISTRITO,PUE LORETO,2022,12,5,1,2022-12
DISTRITO,PUE LORETO,2022,13,4,3,2022-13
DISTRITO,PUE LORETO,2022,14,4,1,2022-14
DISTRITO,PUE LORETO,2022,15,4,4,2022-15
DISTRITO,PUE LORETO,2022,16,5,4,2022-16
DISTRITO,PUE LORETO,2022,17,5,3,2022-17
DISTRITO,PUERTO VALLARTA,2022,12,5,4,2022-12
DISTRITO,PUERTO VALLARTA,2022,13,5,3,2022-13
DISTRITO,PUERTO VALLARTA,2022,14,6,1,2022-14
DISTRITO,PUERTO VALLARTA,2022,15,5,2,2022-15
DISTRITO,PUERTO VALLARTA,2022,16,6,5,2022-16
DISTRITO,PUERTO VALLARTA,2022,17,5,3,2022-17
DISTRITO,QUERETARO CORREGIDORA,2022,12,5,2,2022-12
DISTRITO,QUERETARO CORREGIDORA,2022,13,4,3,2022-13
DISTRITO,QUERETARO CORREGIDORA,2022,14,4,1,2022-14
DISTRITO,QUERETARO CORREGIDORA,2022,15,6,4,2022-15
DISTRITO,QUERETARO CORREGIDORA,2022,16,5,5,2022-16
DISTRITO,QUERETARO CORREGIDORA,2022,17,4,4,2022-17
DISTRITO,QUERETARO SANTIAGO,2022,12,6,4,2022-12
DISTRITO,QUERETARO SANTIAGO,2022,13,5,5,2022-13
DISTRITO,QUERETARO SANTIAGO,2022,14,5,2,2022-14
DISTRITO,QUERETARO SANTIAGO,2022,15,6,5,2022-15
DISTRITO,QUERETARO SANTIAGO,2022,16,5,1,2022-16
DISTRITO,QUERETARO SANTIAGO,2022,17,5,3,2022-17
DISTRITO,REYNOSA,2022,12,5,3,2022-12
DISTRITO,REYNOSA,2022,13,5,4,2022-13
DISTRITO,REYNOSA,2022,14,6,2,2022-14
DISTRITO,REYNOSA,2022,15,4,1,2022-15
DISTRITO,REYNOSA,2022,16,5,2,2022-16
DISTRITO,REYNOSA,2022,17,6,4,2022-17
DISTRITO,SALTILLO,2022,12,6,3,2022-12
DISTRITO,SALTILLO,2022,13,4,2,2022-13
DISTRITO,SALTILLO,2022,14,5,5,2022-14
DISTRITO,SALTILLO,2022,15,6,6,2022-15
DISTRITO,SALTILLO,2022,16,6,5,2022-16
DISTRITO,SALTILLO,2022,17,5,5,2022-17
DISTRITO,SAN LUIS POTOSI ORIENTE,2022,12,6,1,2022-12
DISTRITO,SAN LUIS POTOSI ORIENTE,2022,13,4,2,2022-13
DISTRITO,SAN LUIS POTOSI ORIENTE,2022,14,4,3,2022-14
DISTRITO,SAN LUIS POTOSI ORIENTE,2022,15,6,3,2022-15
DISTRITO,SAN LUIS POTOSI ORIENTE,2022,16,5,5,2022-16
DISTRITO,SAN LUIS POTOSI ORIENTE,2022,17,4,2,2022-17
DISTRITO,SAN LUIS POTOSI PONIENTE,2022,12,4,1,2022-12
DISTRITO,SAN LUIS POTOSI PONIENTE,2022,13,6,2,2022-13
DISTRITO,SAN LUIS POTOSI PONIENTE,2022,14,5,4,2022-14
DISTRITO,SAN LUIS POTOSI PONIENTE,2022,15,5,5,2022-15
DISTRITO,SAN LUIS POTOSI PONIENTE,2022,16,6,5,2022-16
DISTRITO,SAN LUIS POTOSI PONIENTE,2022,17,4,4,2022-17
DISTRITO,SANTA FE,2022,12,5,3,2022-12
DISTRITO,SANTA FE,2022,13,6,2,2022-13
DISTRITO,SANTA FE,2022,14,5,5,2022-14
DISTRITO,SANTA FE,2022,15,5,1,2022-15
DISTRITO,SANTA FE,2022,16,5,2,2022-16
DISTRITO,SANTA FE,2022,17,6,5,2022-17
DISTRITO,SATELITE,2022,12,6,3,2022-12
DISTRITO,SATELITE,2022,13,5,1,2022-13
DISTRITO,SATELITE,2022,14,4,2,2022-14
DISTRITO,SATELITE,2022,15,5,4,2022-15
DISTRITO,SATELITE,2022,16,6,6,2022-16
DISTRITO,SATELITE,2022,17,6,5,2022-17
DISTRITO,TAMPICO,2022,12,6,6,2022-12
DISTRITO,TAMPICO,2022,13,6,1,2022-13
DISTRITO,TAMPICO,2022,14,4,3,2022-14
DISTRITO,TAMPICO,2022,15,5,2,2022-15
DISTRITO,TAMPICO,2022,16,4,2,2022-16
DISTRITO,TAMPICO,2022,17,6,4,2022-17
DISTRITO,TECAMAC,2022,12,5,3,2022-12
DISTRITO,TECAMAC,2022,13,4,4,2022-13
DISTRITO,TECAMAC,2022,14,4,3,2022-14
DISTRITO,TECAMAC,2022,15,4,1,2022-15
DISTRITO,TECAMAC,2022,16,4,2,2022-16
DISTRITO,TECAMAC,2022,17,4,2,2022-17
DISTRITO,TEPIC,2022,12,4,4,2022-12
DISTRITO,TEPIC,2022,13,5,1,2022-13
DISTRITO,TEPIC,2022,14,6,6,2022-14
DISTRITO,TEPIC,2022,15,5,3,2022-15
DISTRITO,TEXCOCO,2022,12,4,4,2022-12
DISTRITO,TEXCOCO,2022,13,5,1,2022-13
DISTRITO,TEXCOCO,2022,14,5,5,2022-14
DISTRITO,TEXCOCO,2022,15,4,1,2022-15
DISTRITO,TEXCOCO,2022,16,4,3,2022-16
DISTRITO,TEXCOCO,2022,17,6,5,2022-17
DISTRITO,TIJ FRONTERA,2022,12,6,6,2022-12
DISTRITO,TIJ FRONTERA,2022,13,5,2,2022-13
DISTRITO,TIJ FRONTERA,2022,14,5,2,2022-14
DISTRITO,TIJ FRONTERA,2022,15,6,4,2022-15
DISTRITO,TIJ FRONTERA,2022,16,4,1,2022-16
DISTRITO,TIJ FRONTERA,2022,17,4,3,2022-17
DISTRITO,TIJ PLAYAS,2022,12,4,2,2022-12
DISTRITO,TIJ PLAYAS,2022,13,4,4,2022-13
DISTRITO,TIJ PLAYAS,2022,14,6,4,2022-14
DISTRITO,TIJ PLAYAS,2022,15,5,1,2022-15
DISTRITO,TIJ PLAYAS,2022,16,4,3,2022-16
DISTRITO,TIJ PLAYAS,2022,17,5,1,2022-17
DISTRITO,TIJ RIO,2022,12,5,2,2022-12
DISTRITO,TIJ RIO,2022,13,6,6,2022-13
DISTRITO,TIJ RIO,2022,14,4,4,2022-14
DISTRITO,TIJ RIO,2022,15,5,2,2022-15
DISTRITO,TIJ RIO,2022,16,5,1,2022-16
DISTRITO,TIJ RIO,2022,17,5,1,2022-17
DISTRITO,TIJ TECATE,2022,12,5,1,2022-12
DISTRITO,TIJ TECATE,2022,13,4,1,2022-13
DISTRITO,TIJ TECATE,2022,14,6,3,2022-14
DISTRITO,TIJ TECATE,2022,15,6,4,2022-15
DISTRITO,TIJ TECATE,2022,16,5,4,2022-16
DISTRITO,TIJ TECATE,2022,17,4,2,2022-17
DISTRITO,TLALNEPANTLA,2022,12,5,3,2022-12
DISTRITO,TLALNEPANTLA,2022,13,4,3,2022-13
DISTRITO,TLALNEPANTLA,2022,14,5,3,2022-14
DISTRITO,TLALNEPANTLA,2022,15,4,4,2022-15
DISTRITO,TLALNEPANTLA,2022,16,5,3,2022-16
DISTRITO,TLALNEPANTLA,2022,17,5,2,2022-17
DISTRITO,TLALPAN,2022,12,4,1,2022-12
DISTRITO,TLALPAN,2022,13,6,3,2022-13
DISTRITO,TLALPAN,2022,14,4,1,2022-14
DISTRITO,TLALPAN,2022,15,5,2,2022-15
DISTRITO,TLALPAN,2022,16,5,2,2022-16
DISTRITO,TLALPAN,2022,17,6,2,2022-17
DISTRITO,TOL LERMA SAN MATEO,2022,12,4,2,2022-12
DISTRITO,TOL LERMA SAN MATEO,2022,13,6,5,2022-13
DISTRITO,TOL LERMA SAN MATEO,2022,14,5,4,2022-14
DISTRITO,TOL LERMA SAN MATEO,2022,15,5,4,2022-15
DISTRITO,TOL LERMA SAN MATEO,2022,16,5,2,2022-16
DISTRITO,TOL LERMA SAN MATEO,2022,17,4,4,2022-17
DISTRITO,TOL METEPEC,2022,12,6,1,2022-12
DISTRITO,TOL METEPEC,2022,13,4,2,2022-13
DISTRITO,TOL METEPEC,2022,14,5,4,2022-14
DISTRITO,TOL METEPEC,2022,15,4,1,2022-15
DISTRITO,TOL METEPEC,2022,16,4,1,2022-16
DISTRITO,TOL METEPEC,2022,17,5,5,2022-17
DISTRITO,TOL SAN CARLOS,2022,12,5,5,2022-12
DISTRITO,TOL SAN CARLOS,2022,13,6,6,2022-13
DISTRITO,TOL SAN CARLOS,2022,14,6,2,2022-14
DISTRITO,TOL SAN CARLOS,2022,15,6,1,2022-15
DISTRITO,TOL SAN CARLOS,2022,16,4,3,2022-16
DISTRITO,TOL SAN CARLOS,2022,17,4,1,2022-17
DISTRITO,TULTEPEC,2022,12,5,5,2022-12
DISTRITO,TULTEPEC,2022,13,6,5,2022-13
DISTRITO,TULTEPEC,2022,14,4,1,2022-14
DISTRITO,TULTEPEC,2022,15,4,2,2022-15
DISTRITO,TULTEPEC,2022,16,5,3,2022-16
DISTRITO,TULTEPEC,2022,17,6,6,2022-17
DISTRITO,TULTITLAN,2022,12,6,2,2022-12
DISTRITO,TULTITLAN,2022,13,4,1,2022-13
DISTRITO,TULTITLAN,2022,14,4,4,2022-14
DISTRITO,TULTITLAN,2022,15,4,2,2022-15
DISTRITO,TULTITLAN,2022,16,6,4,2022-16
DISTRITO,TULTITLAN,2022,17,5,3,2022-17
DISTRITO,TUXTLA,2022,12,6,4,2022-12
DISTRITO,TUXTLA,2022,13,5,3,2022-13
DISTRITO,TUXTLA,2022,14,6,5,2022-14
DISTRITO,TUXTLA,2022,15,4,1,2022-15
DISTRITO,TUXTLA,2022,16,4,1,2022-16
DISTRITO,TUXTLA,2022,17,4,2,2022-17
DISTRITO,VERACRUZ,2022,12,5,3,2022-12
DISTRITO,VERACRUZ,2022,13,6,5,2022-13
DISTRITO,VERACRUZ,2022,14,4,2,2022-14
DISTRITO,VERACRUZ,2022,15,4,3,2022-15
DISTRITO,VERACRUZ,2022,16,4,3,2022-16
DISTRITO,VERACRUZ,2022,17,6,6,2022-17
DISTRITO,VILLAHERMOSA,2022,12,4,3,2022-12
DISTRITO,VILLAHERMOSA,2022,13,6,3,2022-13
DISTRITO,VILLAHERMOSA,2022,14,5,5,2022-14
DISTRITO,VILLAHERMOSA,2022,15,5,1,2022-15
DISTRITO,VILLAHERMOSA,2022,16,5,2,2022-16
DISTRITO,VILLAHERMOSA,2022,17,5,1,2022-17
DISTRITO,XALAPA,2022,12,5,2,2022-12
DISTRITO,XALAPA,2022,13,5,1,2022-13
DISTRITO,XALAPA,2022,14,6,5,2022-14
DISTRITO,XALAPA,2022,15,5,5,2022-15
DISTRITO,XALAPA,2022,16,5,4,2022-16
DISTRITO,XALAPA,2022,17,5,2,2022-17
DISTRITO,XOCHIMILCO,2022,12,4,3,2022-12
DISTRITO,XOCHIMILCO,2022,13,5,2,2022-13
DISTRITO,XOCHIMILCO,2022,14,6,3,2022-14
DISTRITO,XOCHIMILCO,2022,15,5,1,2022-15
DISTRITO,XOCHIMILCO,2022,16,4,3,2022-16
DISTRITO,XOCHIMILCO,2022,17,6,2,2022-17
