Nivel,NOMBRE,Year,SEMANA_REGISTRO,No requiere,Por supervisor,Por CCMC,Year_Semana
NACIONAL,NACIONAL,2022,19,270,13,11,2022-19
NACIONAL,NACIONAL,2022,20,337,25,24,2022-20
NACIONAL,NACIONAL,2022,21,387,19,18,2022-21
NACIONAL,NACIONAL,2022,22,415,19,26,2022-22
NACIONAL,NACIONAL,2022,23,455,12,26,2022-23
NACIONAL,NACIONAL,2022,24,127,8,12,2022-24
NACIONAL,NACIONAL,2022,25,468,11,44,2022-25
NACIONAL,NACIONAL,2022,26,153,4,7,2022-26
NACIONAL,NACIONAL,2022,27,440,12,26,2022-27
NACIONAL,NACIONAL,2022,28,197,10,9,2022-28
NACIONAL,NACIONAL,2022,29,354,9,29,2022-29
DIRECCION,CENTRO,2022,19,100,6,6,2022-19
DIRECCION,NORTE-NORESTE,2022,19,67,1,0,2022-19
DIRECCION,OCCIDENTE-BAJIO,2022,19,32,2,0,2022-19
DIRECCION,ORIENTE-SUR,2022,19,71,4,5,2022-19
DIRECCION,CENTRO,2022,20,155,16,9,2022-20
DIRECCION,NORTE-NORESTE,2022,20,65,7,3,2022-20
DIRECCION,OCCIDENTE-BAJIO,2022,20,45,1,2,2022-20
DIRECCION,ORIENTE-SUR,2022,20,72,1,10,2022-20
DIRECCION,CENTRO,2022,21,158,5,10,2022-21
DIRECCION,NORTE-NORESTE,2022,21,88,9,4,2022-21
DIRECCION,OCCIDENTE-BAJIO,2022,21,62,2,1,2022-21
DIRECCION,ORIENTE-SUR,2022,21,79,3,3,2022-21
DIRECCION,CENTRO,2022,22,149,8,18,2022-22
DIRECCION,NORTE-NORESTE,2022,22,97,3,3,2022-22
DIRECCION,OCCIDENTE-BAJIO,2022,22,79,6,2,2022-22
DIRECCION,ORIENTE-SUR,2022,22,90,2,3,2022-22
DIRECCION,CENTRO,2022,23,147,6,12,2022-23
DIRECCION,NORTE-NORESTE,2022,23,98,3,8,2022-23
DIRECCION,OCCIDENTE-BAJIO,2022,23,101,3,2,2022-23
DIRECCION,ORIENTE-SUR,2022,23,109,0,4,2022-23
DIRECCION,CENTRO,2022,24,58,1,8,2022-24
DIRECCION,NORTE-NORESTE,2022,24,42,5,3,2022-24
DIRECCION,OCCIDENTE-BAJIO,2022,24,19,2,0,2022-24
DIRECCION,ORIENTE-SUR,2022,24,8,0,1,2022-24
DIRECCION,CENTRO,2022,25,178,10,25,2022-25
DIRECCION,NORTE-NORESTE,2022,25,107,0,3,2022-25
DIRECCION,OCCIDENTE-BAJIO,2022,25,86,0,10,2022-25
DIRECCION,ORIENTE-SUR,2022,25,97,1,6,2022-25
DIRECCION,CENTRO,2022,26,37,2,1,2022-26
DIRECCION,NORTE-NORESTE,2022,26,79,2,4,2022-26
DIRECCION,OCCIDENTE-BAJIO,2022,26,25,0,1,2022-26
DIRECCION,ORIENTE-SUR,2022,26,12,0,1,2022-26
DIRECCION,CENTRO,2022,27,167,7,12,2022-27
DIRECCION,NORTE-NORESTE,2022,27,93,2,0,2022-27
DIRECCION,OCCIDENTE-BAJIO,2022,27,85,2,3,2022-27
DIRECCION,ORIENTE-SUR,2022,27,95,1,11,2022-27
DIRECCION,CENTRO,2022,28,50,2,0,2022-28
DIRECCION,NORTE-NORESTE,2022,28,81,8,4,2022-28
DIRECCION,OCCIDENTE-BAJIO,2022,28,44,0,3,2022-28
DIRECCION,ORIENTE-SUR,2022,28,22,0,2,2022-28
DIRECCION,CENTRO,2022,29,110,6,14,2022-29
DIRECCION,NORTE-NORESTE,2022,29,67,2,1,2022-29
DIRECCION,OCCIDENTE-BAJIO,2022,29,85,0,3,2022-29
DIRECCION,ORIENTE-SUR,2022,29,92,1,11,2022-29
PLAZA,CDMX,2022,19,90,5,6,2022-19
PLAZA,TOLUCA,2022,19,10,1,0,2022-19
PLAZA,CHIHUAHUA,2022,19,2,0,0,2022-19
PLAZA,CIUDAD JUAREZ,2022,19,4,0,0,2022-19
PLAZA,CIUDAD OBREGON / NAVOJOA,2022,19,7,1,0,2022-19
PLAZA,CIUDAD VICTORIA,2022,19,0,0,0,2022-19
PLAZA,CULIACAN,2022,19,4,0,0,2022-19
PLAZA,LA LAGUNA,2022,19,6,0,0,2022-19
PLAZA,MATAMOROS,2022,19,11,0,0,2022-19
PLAZA,MAZATLAN,2022,19,0,0,0,2022-19
PLAZA,MONTERREY,2022,19,8,0,0,2022-19
PLAZA,PIEDRAS NEGRAS / MONCLOVA,2022,19,2,0,0,2022-19
PLAZA,REYNOSA,2022,19,0,0,0,2022-19
PLAZA,SALTILLO,2022,19,13,0,0,2022-19
PLAZA,SAN LUIS POTOSI,2022,19,5,0,0,2022-19
PLAZA,TAMPICO,2022,19,1,0,0,2022-19
PLAZA,TIJUANA,2022,19,4,0,0,2022-19
PLAZA,AGUASCALIENTES,2022,19,1,0,0,2022-19
PLAZA,COLIMA / MANZANILLO,2022,19,0,0,0,2022-19
PLAZA,GUADALAJARA,2022,19,16,2,0,2022-19
PLAZA,GUANAJUATO,2022,19,0,0,0,2022-19
PLAZA,IRAPUATO,2022,19,2,0,0,2022-19
PLAZA,LEON,2022,19,11,0,0,2022-19
PLAZA,MORELIA,2022,19,1,0,0,2022-19
PLAZA,PUERTO VALLARTA,2022,19,0,0,0,2022-19
PLAZA,QUERETARO,2022,19,1,0,0,2022-19
PLAZA,ACAPULCO,2022,19,0,0,0,2022-19
PLAZA,CANCUN,2022,19,6,1,0,2022-19
PLAZA,COATZA / MINA,2022,19,3,0,0,2022-19
PLAZA,CORDOBA / ORIZABA,2022,19,10,0,0,2022-19
PLAZA,CUERNAVACA,2022,19,8,1,0,2022-19
PLAZA,MERIDA,2022,19,5,0,0,2022-19
PLAZA,PACHUCA,2022,19,6,0,2,2022-19
PLAZA,POZA RICA,2022,19,1,2,0,2022-19
PLAZA,PUEBLA,2022,19,13,0,1,2022-19
PLAZA,TUXTLA,2022,19,1,0,0,2022-19
PLAZA,VERACRUZ,2022,19,10,0,2,2022-19
PLAZA,VILLAHERMOSA,2022,19,4,0,0,2022-19
PLAZA,XALAPA,2022,19,4,0,0,2022-19
PLAZA,CDMX,2022,20,147,15,8,2022-20
PLAZA,TOLUCA,2022,20,8,1,1,2022-20
PLAZA,CHIHUAHUA,2022,20,0,0,0,2022-20
PLAZA,CIUDAD JUAREZ,2022,20,1,0,0,2022-20
PLAZA,CIUDAD OBREGON / NAVOJOA,2022,20,4,0,0,2022-20
PLAZA,CIUDAD VICTORIA,2022,20,2,0,0,2022-20
PLAZA,CULIACAN,2022,20,3,0,0,2022-20
PLAZA,LA LAGUNA,2022,20,3,2,0,2022-20
PLAZA,MATAMOROS,2022,20,12,0,0,2022-20
PLAZA,MAZATLAN,2022,20,0,0,0,2022-20
PLAZA,MONTERREY,2022,20,20,4,0,2022-20
PLAZA,PIEDRAS NEGRAS / MONCLOVA,2022,20,3,0,0,2022-20
PLAZA,REYNOSA,2022,20,3,0,1,2022-20
PLAZA,SALTILLO,2022,20,6,0,2,2022-20
PLAZA,SAN LUIS POTOSI,2022,20,4,0,0,2022-20
PLAZA,TAMPICO,2022,20,1,1,0,2022-20
PLAZA,TIJUANA,2022,20,3,0,0,2022-20
PLAZA,AGUASCALIENTES,2022,20,7,0,0,2022-20
PLAZA,CELAYA,2022,20,4,0,0,2022-20
PLAZA,GUADALAJARA,2022,20,9,1,1,2022-20
PLAZA,IRAPUATO,2022,20,4,0,0,2022-20
PLAZA,LEON,2022,20,17,0,0,2022-20
PLAZA,MORELIA,2022,20,0,0,0,2022-20
PLAZA,PUERTO VALLARTA,2022,20,3,0,0,2022-20
PLAZA,QUERETARO,2022,20,1,0,1,2022-20
PLAZA,ACAPULCO,2022,20,1,0,0,2022-20
PLAZA,CANCUN,2022,20,7,1,0,2022-20
PLAZA,COATZA / MINA,2022,20,3,0,0,2022-20
PLAZA,CORDOBA / ORIZABA,2022,20,6,0,2,2022-20
PLAZA,CUERNAVACA,2022,20,5,0,0,2022-20
PLAZA,MERIDA,2022,20,7,0,2,2022-20
PLAZA,PACHUCA,2022,20,5,0,0,2022-20
PLAZA,POZA RICA,2022,20,3,0,0,2022-20
PLAZA,PUEBLA,2022,20,17,0,0,2022-20
PLAZA,TUXTLA,2022,20,2,0,0,2022-20
PLAZA,VERACRUZ,2022,20,7,0,6,2022-20
PLAZA,VILLAHERMOSA,2022,20,5,0,0,2022-20
PLAZA,XALAPA,2022,20,4,0,0,2022-20
PLAZA,CDMX,2022,21,143,4,9,2022-21
PLAZA,TOLUCA,2022,21,15,1,1,2022-21
PLAZA,CHIHUAHUA,2022,21,1,0,0,2022-21
PLAZA,CIUDAD JUAREZ,2022,21,12,4,0,2022-21
PLAZA,CIUDAD OBREGON / NAVOJOA,2022,21,7,0,0,2022-21
PLAZA,CIUDAD VICTORIA,2022,21,1,0,0,2022-21
PLAZA,CULIACAN,2022,21,4,0,0,2022-21
PLAZA,LA LAGUNA,2022,21,5,0,0,2022-21
PLAZA,MATAMOROS,2022,21,8,0,0,2022-21
PLAZA,MAZATLAN,2022,21,0,1,0,2022-21
PLAZA,MONTERREY,2022,21,26,2,1,2022-21
PLAZA,PIEDRAS NEGRAS / MONCLOVA,2022,21,3,0,0,2022-21
PLAZA,REYNOSA,2022,21,2,1,0,2022-21
PLAZA,SALTILLO,2022,21,6,0,2,2022-21
PLAZA,SAN LUIS POTOSI,2022,21,7,0,0,2022-21
PLAZA,TAMPICO,2022,21,2,0,0,2022-21
PLAZA,TIJUANA,2022,21,4,1,1,2022-21
PLAZA,AGUASCALIENTES,2022,21,7,0,0,2022-21
PLAZA,GUADALAJARA,2022,21,28,1,1,2022-21
PLAZA,GUANAJUATO,2022,21,1,0,0,2022-21
PLAZA,IRAPUATO,2022,21,2,0,0,2022-21
PLAZA,LEON,2022,21,16,0,0,2022-21
PLAZA,MORELIA,2022,21,1,0,0,2022-21
PLAZA,PUERTO VALLARTA,2022,21,5,0,0,2022-21
PLAZA,QUERETARO,2022,21,2,1,0,2022-21
PLAZA,ACAPULCO,2022,21,0,0,0,2022-21
PLAZA,CANCUN,2022,21,6,0,0,2022-21
PLAZA,COATZA / MINA,2022,21,4,0,0,2022-21
PLAZA,CORDOBA / ORIZABA,2022,21,5,0,1,2022-21
PLAZA,CUERNAVACA,2022,21,7,1,1,2022-21
PLAZA,MERIDA,2022,21,12,1,0,2022-21
PLAZA,PACHUCA,2022,21,2,0,0,2022-21
PLAZA,POZA RICA,2022,21,3,0,0,2022-21
PLAZA,PUEBLA,2022,21,13,1,1,2022-21
PLAZA,TUXTLA,2022,21,6,0,0,2022-21
PLAZA,VERACRUZ,2022,21,13,0,0,2022-21
PLAZA,VILLAHERMOSA,2022,21,3,0,0,2022-21
PLAZA,XALAPA,2022,21,5,0,0,2022-21
PLAZA,CDMX,2022,22,135,7,12,2022-22
PLAZA,TOLUCA,2022,22,14,1,6,2022-22
PLAZA,CHIHUAHUA,2022,22,3,0,0,2022-22
PLAZA,CIUDAD JUAREZ,2022,22,11,0,0,2022-22
PLAZA,CIUDAD OBREGON / NAVOJOA,2022,22,8,0,0,2022-22
PLAZA,CIUDAD VICTORIA,2022,22,0,0,0,2022-22
PLAZA,CULIACAN,2022,22,5,0,0,2022-22
PLAZA,HERMOSILLO,2022,22,2,0,0,2022-22
PLAZA,LA LAGUNA,2022,22,5,0,0,2022-22
PLAZA,MATAMOROS,2022,22,7,0,0,2022-22
PLAZA,MAZATLAN,2022,22,0,0,0,2022-22
PLAZA,MEXICALI,2022,22,7,0,0,2022-22
PLAZA,MONTERREY,2022,22,19,0,0,2022-22
PLAZA,PIEDRAS NEGRAS / MONCLOVA,2022,22,1,0,0,2022-22
PLAZA,REYNOSA,2022,22,3,0,0,2022-22
PLAZA,SALTILLO,2022,22,9,0,0,2022-22
PLAZA,SAN LUIS POTOSI,2022,22,6,0,0,2022-22
PLAZA,TAMPICO,2022,22,1,0,1,2022-22
PLAZA,TIJUANA,2022,22,10,3,2,2022-22
PLAZA,AGUASCALIENTES,2022,22,7,0,0,2022-22
PLAZA,CELAYA,2022,22,4,0,0,2022-22
PLAZA,COLIMA / MANZANILLO,2022,22,5,0,0,2022-22
PLAZA,GUADALAJARA,2022,22,33,4,1,2022-22
PLAZA,GUANAJUATO,2022,22,3,0,0,2022-22
PLAZA,IRAPUATO,2022,22,5,0,0,2022-22
PLAZA,LEON,2022,22,14,2,0,2022-22
PLAZA,MORELIA,2022,22,2,0,0,2022-22
PLAZA,PUERTO VALLARTA,2022,22,2,0,0,2022-22
PLAZA,QUERETARO,2022,22,4,0,1,2022-22
PLAZA,ACAPULCO,2022,22,1,0,0,2022-22
PLAZA,CANCUN,2022,22,8,1,0,2022-22
PLAZA,COATZA / MINA,2022,22,8,0,0,2022-22
PLAZA,CORDOBA / ORIZABA,2022,22,10,0,0,2022-22
PLAZA,CUERNAVACA,2022,22,6,0,1,2022-22
PLAZA,MERIDA,2022,22,9,1,0,2022-22
PLAZA,PACHUCA,2022,22,5,0,0,2022-22
PLAZA,POZA RICA,2022,22,3,0,0,2022-22
PLAZA,PUEBLA,2022,22,19,0,0,2022-22
PLAZA,TUXTLA,2022,22,2,0,0,2022-22
PLAZA,VERACRUZ,2022,22,8,0,1,2022-22
PLAZA,VILLAHERMOSA,2022,22,5,0,0,2022-22
PLAZA,XALAPA,2022,22,6,0,1,2022-22
PLAZA,CDMX,2022,23,122,6,11,2022-23
PLAZA,TOLUCA,2022,23,25,0,1,2022-23
PLAZA,CHIHUAHUA,2022,23,5,0,0,2022-23
PLAZA,CIUDAD JUAREZ,2022,23,5,0,1,2022-23
PLAZA,CIUDAD OBREGON / NAVOJOA,2022,23,4,0,3,2022-23
PLAZA,HERMOSILLO,2022,23,8,0,0,2022-23
PLAZA,LA LAGUNA,2022,23,4,0,0,2022-23
PLAZA,MATAMOROS,2022,23,7,0,0,2022-23
PLAZA,MAZATLAN,2022,23,1,0,0,2022-23
PLAZA,MEXICALI,2022,23,5,0,0,2022-23
PLAZA,MONTERREY,2022,23,25,1,1,2022-23
PLAZA,PIEDRAS NEGRAS / MONCLOVA,2022,23,3,0,0,2022-23
PLAZA,REYNOSA,2022,23,1,0,0,2022-23
PLAZA,SALTILLO,2022,23,7,0,0,2022-23
PLAZA,SAN LUIS POTOSI,2022,23,12,0,0,2022-23
PLAZA,TAMPICO,2022,23,2,0,0,2022-23
PLAZA,TIJUANA,2022,23,9,2,3,2022-23
PLAZA,AGUASCALIENTES,2022,23,8,0,0,2022-23
PLAZA,CELAYA,2022,23,6,0,0,2022-23
PLAZA,COLIMA / MANZANILLO,2022,23,8,0,0,2022-23
PLAZA,GUADALAJARA,2022,23,37,2,2,2022-23
PLAZA,GUANAJUATO,2022,23,2,0,0,2022-23
PLAZA,IRAPUATO,2022,23,6,0,0,2022-23
PLAZA,LEON,2022,23,22,1,0,2022-23
PLAZA,MORELIA,2022,23,2,0,0,2022-23
PLAZA,PUERTO VALLARTA,2022,23,6,0,0,2022-23
PLAZA,QUERETARO,2022,23,4,0,0,2022-23
PLAZA,ACAPULCO,2022,23,2,0,0,2022-23
PLAZA,CANCUN,2022,23,14,0,0,2022-23
PLAZA,COATZA / MINA,2022,23,8,0,0,2022-23
PLAZA,CORDOBA / ORIZABA,2022,23,9,0,0,2022-23
PLAZA,CUERNAVACA,2022,23,3,0,2,2022-23
PLAZA,MERIDA,2022,23,10,0,0,2022-23
PLAZA,PACHUCA,2022,23,7,0,0,2022-23
PLAZA,POZA RICA,2022,23,6,0,0,2022-23
PLAZA,PUEBLA,2022,23,21,0,1,2022-23
PLAZA,TUXTLA,2022,23,3,0,0,2022-23
PLAZA,VERACRUZ,2022,23,13,0,0,2022-23
PLAZA,VILLAHERMOSA,2022,23,4,0,1,2022-23
PLAZA,XALAPA,2022,23,9,0,0,2022-23
PLAZA,CDMX,2022,24,57,1,3,2022-24
PLAZA,TOLUCA,2022,24,1,0,5,2022-24
PLAZA,CHIHUAHUA,2022,24,0,0,0,2022-24
PLAZA,CIUDAD JUAREZ,2022,24,7,5,0,2022-24
PLAZA,CIUDAD OBREGON / NAVOJOA,2022,24,5,0,0,2022-24
PLAZA,CIUDAD VICTORIA,2022,24,2,0,0,2022-24
PLAZA,CULIACAN,2022,24,12,0,0,2022-24
PLAZA,MEXICALI,2022,24,2,0,0,2022-24
PLAZA,MONTERREY,2022,24,6,0,0,2022-24
PLAZA,TIJUANA,2022,24,8,0,3,2022-24
PLAZA,AGUASCALIENTES,2022,24,3,0,0,2022-24
PLAZA,CELAYA,2022,24,4,0,0,2022-24
PLAZA,GUADALAJARA,2022,24,10,0,0,2022-24
PLAZA,GUANAJUATO,2022,24,0,2,0,2022-24
PLAZA,IRAPUATO,2022,24,0,0,0,2022-24
PLAZA,LEON,2022,24,2,0,0,2022-24
PLAZA,CANCUN,2022,24,1,0,0,2022-24
PLAZA,COATZA / MINA,2022,24,3,0,0,2022-24
PLAZA,CORDOBA / ORIZABA,2022,24,0,0,0,2022-24
PLAZA,MERIDA,2022,24,2,0,1,2022-24
PLAZA,VILLAHERMOSA,2022,24,2,0,0,2022-24
PLAZA,CDMX,2022,25,156,9,15,2022-25
PLAZA,TOLUCA,2022,25,22,1,10,2022-25
PLAZA,CHIHUAHUA,2022,25,2,0,0,2022-25
PLAZA,CIUDAD JUAREZ,2022,25,5,0,0,2022-25
PLAZA,CIUDAD OBREGON / NAVOJOA,2022,25,11,0,0,2022-25
PLAZA,CIUDAD VICTORIA,2022,25,3,0,0,2022-25
PLAZA,HERMOSILLO,2022,25,13,0,1,2022-25
PLAZA,LA LAGUNA,2022,25,4,0,0,2022-25
PLAZA,MATAMOROS,2022,25,10,0,1,2022-25
PLAZA,MEXICALI,2022,25,6,0,0,2022-25
PLAZA,MONTERREY,2022,25,28,0,0,2022-25
PLAZA,PIEDRAS NEGRAS / MONCLOVA,2022,25,4,0,0,2022-25
PLAZA,REYNOSA,2022,25,3,0,0,2022-25
PLAZA,SALTILLO,2022,25,8,0,0,2022-25
PLAZA,SAN LUIS POTOSI,2022,25,4,0,0,2022-25
PLAZA,TIJUANA,2022,25,6,0,1,2022-25
PLAZA,AGUASCALIENTES,2022,25,7,0,0,2022-25
PLAZA,CELAYA,2022,25,5,0,0,2022-25
PLAZA,COLIMA / MANZANILLO,2022,25,5,0,0,2022-25
PLAZA,GUADALAJARA,2022,25,32,0,4,2022-25
PLAZA,GUANAJUATO,2022,25,2,0,0,2022-25
PLAZA,IRAPUATO,2022,25,5,0,0,2022-25
PLAZA,LEON,2022,25,23,0,1,2022-25
PLAZA,MORELIA,2022,25,0,0,4,2022-25
PLAZA,QUERETARO,2022,25,7,0,1,2022-25
PLAZA,ACAPULCO,2022,25,2,0,0,2022-25
PLAZA,CANCUN,2022,25,13,1,0,2022-25
PLAZA,COATZA / MINA,2022,25,5,0,0,2022-25
PLAZA,CORDOBA / ORIZABA,2022,25,8,0,0,2022-25
PLAZA,CUERNAVACA,2022,25,3,0,0,2022-25
PLAZA,MERIDA,2022,25,11,0,3,2022-25
PLAZA,PACHUCA,2022,25,8,0,2,2022-25
PLAZA,POZA RICA,2022,25,6,0,0,2022-25
PLAZA,PUEBLA,2022,25,21,0,1,2022-25
PLAZA,TUXTLA,2022,25,2,0,0,2022-25
PLAZA,VERACRUZ,2022,25,12,0,0,2022-25
PLAZA,XALAPA,2022,25,6,0,0,2022-25
PLAZA,CDMX,2022,26,37,2,1,2022-26
PLAZA,CHIHUAHUA,2022,26,6,0,0,2022-26
PLAZA,CIUDAD JUAREZ,2022,26,20,1,0,2022-26
PLAZA,CULIACAN,2022,26,12,0,0,2022-26
PLAZA,MAZATLAN,2022,26,4,0,0,2022-26
PLAZA,MEXICALI,2022,26,2,0,0,2022-26
PLAZA,MONTERREY,2022,26,8,0,1,2022-26
PLAZA,REYNOSA,2022,26,0,0,0,2022-26
PLAZA,SAN LUIS POTOSI,2022,26,15,1,0,2022-26
PLAZA,TIJUANA,2022,26,12,0,3,2022-26
PLAZA,AGUASCALIENTES,2022,26,3,0,0,2022-26
PLAZA,GUADALAJARA,2022,26,15,0,0,2022-26
PLAZA,LEON,2022,26,6,0,0,2022-26
PLAZA,MORELIA,2022,26,0,0,0,2022-26
PLAZA,PUERTO VALLARTA,2022,26,1,0,1,2022-26
PLAZA,COATZA / MINA,2022,26,1,0,0,2022-26
PLAZA,CUERNAVACA,2022,26,1,0,1,2022-26
PLAZA,MERIDA,2022,26,1,0,0,2022-26
PLAZA,PUEBLA,2022,26,3,0,0,2022-26
PLAZA,TUXTLA,2022,26,1,0,0,2022-26
PLAZA,VILLAHERMOSA,2022,26,5,0,0,2022-26
PLAZA,CDMX,2022,27,149,7,6,2022-27
PLAZA,TOLUCA,2022,27,18,0,6,2022-27
PLAZA,CHIHUAHUA,2022,27,13,0,0,2022-27
PLAZA,CIUDAD JUAREZ,2022,27,9,0,0,2022-27
PLAZA,CIUDAD OBREGON / NAVOJOA,2022,27,7,0,0,2022-27
PLAZA,CIUDAD VICTORIA,2022,27,1,0,0,2022-27
PLAZA,CULIACAN,2022,27,4,0,0,2022-27
PLAZA,LA LAGUNA,2022,27,2,1,0,2022-27
PLAZA,MATAMOROS,2022,27,9,0,0,2022-27
PLAZA,MAZATLAN,2022,27,1,0,0,2022-27
PLAZA,MONTERREY,2022,27,19,1,0,2022-27
PLAZA,PIEDRAS NEGRAS / MONCLOVA,2022,27,6,0,0,2022-27
PLAZA,REYNOSA,2022,27,4,0,0,2022-27
PLAZA,SALTILLO,2022,27,9,0,0,2022-27
PLAZA,SAN LUIS POTOSI,2022,27,9,0,0,2022-27
PLAZA,TIJUANA,2022,27,0,0,0,2022-27
PLAZA,AGUASCALIENTES,2022,27,1,0,0,2022-27
PLAZA,CELAYA,2022,27,8,0,0,2022-27
PLAZA,COLIMA / MANZANILLO,2022,27,7,0,0,2022-27
PLAZA,GUADALAJARA,2022,27,24,1,1,2022-27
PLAZA,GUANAJUATO,2022,27,3,1,0,2022-27
PLAZA,IRAPUATO,2022,27,8,0,0,2022-27
PLAZA,LEON,2022,27,27,0,2,2022-27
PLAZA,QUERETARO,2022,27,7,0,0,2022-27
PLAZA,ACAPULCO,2022,27,1,0,0,2022-27
PLAZA,CANCUN,2022,27,9,0,0,2022-27
PLAZA,COATZA / MINA,2022,27,2,0,0,2022-27
PLAZA,CORDOBA / ORIZABA,2022,27,6,1,0,2022-27
PLAZA,CUERNAVACA,2022,27,11,0,2,2022-27
PLAZA,MERIDA,2022,27,8,0,4,2022-27
PLAZA,PACHUCA,2022,27,10,0,2,2022-27
PLAZA,POZA RICA,2022,27,5,0,2,2022-27
PLAZA,PUEBLA,2022,27,22,0,0,2022-27
PLAZA,TUXTLA,2022,27,2,0,0,2022-27
PLAZA,VERACRUZ,2022,27,11,0,1,2022-27
PLAZA,XALAPA,2022,27,8,0,0,2022-27
PLAZA,CDMX,2022,28,46,2,0,2022-28
PLAZA,TOLUCA,2022,28,4,0,0,2022-28
PLAZA,CIUDAD JUAREZ,2022,28,17,6,1,2022-28
PLAZA,CIUDAD OBREGON / NAVOJOA,2022,28,3,0,0,2022-28
PLAZA,CULIACAN,2022,28,9,0,0,2022-28
PLAZA,HERMOSILLO,2022,28,5,0,0,2022-28
PLAZA,LA LAGUNA,2022,28,1,0,0,2022-28
PLAZA,MAZATLAN,2022,28,1,0,0,2022-28
PLAZA,MEXICALI,2022,28,5,0,1,2022-28
PLAZA,MONTERREY,2022,28,15,0,1,2022-28
PLAZA,SAN LUIS POTOSI,2022,28,4,0,0,2022-28
PLAZA,TIJUANA,2022,28,21,2,1,2022-28
PLAZA,AGUASCALIENTES,2022,28,13,0,0,2022-28
PLAZA,GUADALAJARA,2022,28,20,0,2,2022-28
PLAZA,LEON,2022,28,2,0,0,2022-28
PLAZA,MORELIA,2022,28,3,0,0,2022-28
PLAZA,PUERTO VALLARTA,2022,28,2,0,1,2022-28
PLAZA,QUERETARO,2022,28,4,0,0,2022-28
PLAZA,CANCUN,2022,28,3,0,1,2022-28
PLAZA,CUERNAVACA,2022,28,2,0,0,2022-28
PLAZA,MERIDA,2022,28,3,0,0,2022-28
PLAZA,PUEBLA,2022,28,5,0,1,2022-28
PLAZA,TUXTLA,2022,28,3,0,0,2022-28
PLAZA,VILLAHERMOSA,2022,28,6,0,0,2022-28
PLAZA,CDMX,2022,29,92,6,9,2022-29
PLAZA,TOLUCA,2022,29,18,0,5,2022-29
PLAZA,CHIHUAHUA,2022,29,3,0,0,2022-29
PLAZA,CIUDAD JUAREZ,2022,29,11,0,0,2022-29
PLAZA,CIUDAD OBREGON / NAVOJOA,2022,29,2,0,0,2022-29
PLAZA,CIUDAD VICTORIA,2022,29,0,0,0,2022-29
PLAZA,LA LAGUNA,2022,29,5,0,0,2022-29
PLAZA,MATAMOROS,2022,29,2,0,1,2022-29
PLAZA,MEXICALI,2022,29,2,0,0,2022-29
PLAZA,MONTERREY,2022,29,20,1,0,2022-29
PLAZA,PIEDRAS NEGRAS / MONCLOVA,2022,29,1,0,0,2022-29
PLAZA,REYNOSA,2022,29,1,0,0,2022-29
PLAZA,SALTILLO,2022,29,10,1,0,2022-29
PLAZA,SAN LUIS POTOSI,2022,29,9,0,0,2022-29
PLAZA,TIJUANA,2022,29,1,0,0,2022-29
PLAZA,AGUASCALIENTES,2022,29,4,0,0,2022-29
PLAZA,CELAYA,2022,29,11,0,0,2022-29
PLAZA,COLIMA / MANZANILLO,2022,29,3,0,0,2022-29
PLAZA,GUADALAJARA,2022,29,21,0,0,2022-29
PLAZA,GUANAJUATO,2022,29,1,0,3,2022-29
PLAZA,IRAPUATO,2022,29,3,0,0,2022-29
PLAZA,LEON,2022,29,30,0,0,2022-29
PLAZA,MORELIA,2022,29,3,0,0,2022-29
PLAZA,PUERTO VALLARTA,2022,29,1,0,0,2022-29
PLAZA,QUERETARO,2022,29,8,0,0,2022-29
PLAZA,ACAPULCO,2022,29,2,0,0,2022-29
PLAZA,CANCUN,2022,29,11,0,0,2022-29
PLAZA,COATZA / MINA,2022,29,2,0,0,2022-29
PLAZA,CORDOBA / ORIZABA,2022,29,8,1,4,2022-29
PLAZA,CUERNAVACA,2022,29,8,0,0,2022-29
PLAZA,MERIDA,2022,29,6,0,1,2022-29
PLAZA,PACHUCA,2022,29,7,0,6,2022-29
PLAZA,POZA RICA,2022,29,5,0,0,2022-29
PLAZA,PUEBLA,2022,29,22,0,0,2022-29
PLAZA,TUXTLA,2022,29,2,0,0,2022-29
PLAZA,VERACRUZ,2022,29,12,0,0,2022-29
PLAZA,XALAPA,2022,29,7,0,0,2022-29
DISTRITO,AEROPUERTO,2022,19,4,0,0,2022-19
DISTRITO,ARAGON,2022,19,11,1,0,2022-19
DISTRITO,AZCAPOTZALCO,2022,19,2,0,1,2022-19
DISTRITO,CHALCO,2022,19,9,0,0,2022-19
DISTRITO,COACALCO,2022,19,2,2,0,2022-19
DISTRITO,CONSTITUCION,2022,19,6,0,0,2022-19
DISTRITO,ECATEPEC,2022,19,5,0,0,2022-19
DISTRITO,HUEHUETOCA,2022,19,6,0,0,2022-19
DISTRITO,IZTAPALAPA,2022,19,3,0,0,2022-19
DISTRITO,LAS AGUILAS,2022,19,0,0,0,2022-19
DISTRITO,LOS REYES,2022,19,1,0,0,2022-19
DISTRITO,NAUCALPAN,2022,19,6,0,0,2022-19
DISTRITO,NEZA 1,2022,19,5,0,0,2022-19
DISTRITO,NICOLAS ROMERO,2022,19,11,0,0,2022-19
DISTRITO,OJO DE AGUA,2022,19,1,0,0,2022-19
DISTRITO,PEDREGAL,2022,19,0,0,0,2022-19
DISTRITO,POLANCO,2022,19,0,0,0,2022-19
DISTRITO,PORTALES,2022,19,2,1,0,2022-19
DISTRITO,SANTA FE,2022,19,1,0,0,2022-19
DISTRITO,SATELITE,2022,19,2,0,0,2022-19
DISTRITO,TECAMAC,2022,19,1,1,0,2022-19
DISTRITO,TEXCOCO,2022,19,1,0,0,2022-19
DISTRITO,TLALPAN,2022,19,0,0,1,2022-19
DISTRITO,TULTEPEC,2022,19,2,0,0,2022-19
DISTRITO,TULTITLAN,2022,19,4,0,0,2022-19
DISTRITO,XOCHIMILCO,2022,19,5,0,4,2022-19
DISTRITO,TOL LERMA SAN MATEO,2022,19,4,1,0,2022-19
DISTRITO,TOL METEPEC,2022,19,2,0,0,2022-19
DISTRITO,TOL SAN CARLOS,2022,19,4,0,0,2022-19
DISTRITO,CHIHUAHUA CUMBRES,2022,19,0,0,0,2022-19
DISTRITO,CHIHUAHUA DEL RELIZ,2022,19,2,0,0,2022-19
DISTRITO,JUAREZ NORTE,2022,19,1,0,0,2022-19
DISTRITO,JUAREZ SUR,2022,19,3,0,0,2022-19
DISTRITO,CIUDAD OBREGON / NAVOJOA,2022,19,7,1,0,2022-19
DISTRITO,CIUDAD VICTORIA,2022,19,0,0,0,2022-19
DISTRITO,CULIACAN,2022,19,4,0,0,2022-19
DISTRITO,LA LAGUNA GOMEZ,2022,19,4,0,0,2022-19
DISTRITO,LA LAGUNA TORREON,2022,19,2,0,0,2022-19
DISTRITO,MATAMOROS,2022,19,11,0,0,2022-19
DISTRITO,MAZATLAN,2022,19,0,0,0,2022-19
DISTRITO,MTY CARRETERA NACIONAL,2022,19,6,0,0,2022-19
DISTRITO,MTY GARCIA,2022,19,2,0,0,2022-19
DISTRITO,PIEDRAS NEGRAS / MONCLOVA,2022,19,2,0,0,2022-19
DISTRITO,REYNOSA,2022,19,0,0,0,2022-19
DISTRITO,SALTILLO,2022,19,13,0,0,2022-19
DISTRITO,SAN LUIS POTOSI ORIENTE,2022,19,4,0,0,2022-19
DISTRITO,SAN LUIS POTOSI PONIENTE,2022,19,1,0,0,2022-19
DISTRITO,TAMPICO,2022,19,1,0,0,2022-19
DISTRITO,TIJ RIO,2022,19,1,0,0,2022-19
DISTRITO,TIJ TECATE,2022,19,3,0,0,2022-19
DISTRITO,AGUASCALIENTES,2022,19,1,0,0,2022-19
DISTRITO,COLIMA / MANZANILLO,2022,19,0,0,0,2022-19
DISTRITO,GDL BARRANCA,2022,19,1,0,0,2022-19
DISTRITO,GDL CHAPULTEPEC,2022,19,6,2,0,2022-19
DISTRITO,GDL EL TAPATIO,2022,19,1,0,0,2022-19
DISTRITO,GDL ESTADIO,2022,19,4,0,0,2022-19
DISTRITO,GDL LA PRIMAVERA,2022,19,0,0,0,2022-19
DISTRITO,GDL LAZARO CARDENAS,2022,19,3,0,0,2022-19
DISTRITO,GDL LOPEZ MATEOS,2022,19,1,0,0,2022-19
DISTRITO,GUANAJUATO,2022,19,0,0,0,2022-19
DISTRITO,IRAPUATO,2022,19,2,0,0,2022-19
DISTRITO,CERRO GORDO,2022,19,6,0,0,2022-19
DISTRITO,DELTA,2022,19,5,0,0,2022-19
DISTRITO,MORELIA,2022,19,1,0,0,2022-19
DISTRITO,PUERTO VALLARTA,2022,19,0,0,0,2022-19
DISTRITO,QUERETARO SANTIAGO,2022,19,1,0,0,2022-19
DISTRITO,ACAPULCO,2022,19,0,0,0,2022-19
DISTRITO,CANCUN,2022,19,6,1,0,2022-19
DISTRITO,COATZA / MINA,2022,19,3,0,0,2022-19
DISTRITO,CORDOBA / ORIZABA,2022,19,10,0,0,2022-19
DISTRITO,CUERNAVACA BUGAMBILIAS,2022,19,6,0,0,2022-19
DISTRITO,CUERNAVACA DE CORTEZ,2022,19,2,1,0,2022-19
DISTRITO,MERIDA NORTE,2022,19,3,0,0,2022-19
DISTRITO,MERIDA SUR,2022,19,2,0,0,2022-19
DISTRITO,PACHUCA,2022,19,6,0,2,2022-19
DISTRITO,POZA RICA,2022,19,1,2,0,2022-19
DISTRITO,PUE ANGELOPOLIS,2022,19,7,0,0,2022-19
DISTRITO,PUE LA NORIA,2022,19,1,0,0,2022-19
DISTRITO,PUE LORETO,2022,19,5,0,1,2022-19
DISTRITO,TUXTLA,2022,19,1,0,0,2022-19
DISTRITO,VERACRUZ,2022,19,10,0,2,2022-19
DISTRITO,VILLAHERMOSA,2022,19,4,0,0,2022-19
DISTRITO,XALAPA,2022,19,4,0,0,2022-19
DISTRITO,AEROPUERTO,2022,20,5,0,1,2022-20
DISTRITO,ARAGON,2022,20,7,0,1,2022-20
DISTRITO,AZCAPOTZALCO,2022,20,5,0,1,2022-20
DISTRITO,CENTRO HISTORICO,2022,20,0,0,0,2022-20
DISTRITO,CHALCO,2022,20,10,0,0,2022-20
DISTRITO,COACALCO,2022,20,4,2,0,2022-20
DISTRITO,CONDESA,2022,20,1,0,0,2022-20
DISTRITO,CONSTITUCION,2022,20,10,2,2,2022-20
DISTRITO,ECATEPEC,2022,20,10,2,0,2022-20
DISTRITO,GUADALUPE TEPEYAC,2022,20,5,1,0,2022-20
DISTRITO,HUEHUETOCA,2022,20,7,1,0,2022-20
DISTRITO,IZTAPALAPA,2022,20,5,0,0,2022-20
DISTRITO,LAS AGUILAS,2022,20,1,0,0,2022-20
DISTRITO,LOS REYES,2022,20,7,0,0,2022-20
DISTRITO,NAUCALPAN,2022,20,5,0,2,2022-20
DISTRITO,NEZA 1,2022,20,7,1,0,2022-20
DISTRITO,NEZA 2,2022,20,6,1,0,2022-20
DISTRITO,NICOLAS ROMERO,2022,20,9,0,0,2022-20
DISTRITO,OJO DE AGUA,2022,20,2,0,0,2022-20
DISTRITO,PEDREGAL,2022,20,1,0,0,2022-20
DISTRITO,POLANCO,2022,20,5,0,0,2022-20
DISTRITO,PORTALES,2022,20,3,0,0,2022-20
DISTRITO,SANTA FE,2022,20,3,0,0,2022-20
DISTRITO,SATELITE,2022,20,4,0,0,2022-20
DISTRITO,TECAMAC,2022,20,3,0,0,2022-20
DISTRITO,TEXCOCO,2022,20,1,1,0,2022-20
DISTRITO,TLALNEPANTLA,2022,20,0,0,0,2022-20
DISTRITO,TLALPAN,2022,20,2,1,0,2022-20
DISTRITO,TULTEPEC,2022,20,3,3,1,2022-20
DISTRITO,TULTITLAN,2022,20,9,0,0,2022-20
DISTRITO,XOCHIMILCO,2022,20,7,0,0,2022-20
DISTRITO,TOL LERMA SAN MATEO,2022,20,5,1,0,2022-20
DISTRITO,TOL METEPEC,2022,20,3,0,0,2022-20
DISTRITO,TOL SAN CARLOS,2022,20,0,0,1,2022-20
DISTRITO,CHIHUAHUA CUMBRES,2022,20,0,0,0,2022-20
DISTRITO,JUAREZ NORTE,2022,20,1,0,0,2022-20
DISTRITO,JUAREZ SUR,2022,20,0,0,0,2022-20
DISTRITO,CIUDAD OBREGON / NAVOJOA,2022,20,4,0,0,2022-20
DISTRITO,CIUDAD VICTORIA,2022,20,2,0,0,2022-20
DISTRITO,CULIACAN,2022,20,3,0,0,2022-20
DISTRITO,LA LAGUNA GOMEZ,2022,20,3,2,0,2022-20
DISTRITO,LA LAGUNA TORREON,2022,20,0,0,0,2022-20
DISTRITO,MATAMOROS,2022,20,12,0,0,2022-20
DISTRITO,MAZATLAN,2022,20,0,0,0,2022-20
DISTRITO,MTY AEROPUERTO,2022,20,1,0,0,2022-20
DISTRITO,MTY CARRETERA NACIONAL,2022,20,5,0,0,2022-20
DISTRITO,MTY CERRO DE LA SILLA,2022,20,6,2,0,2022-20
DISTRITO,MTY GARCIA,2022,20,1,1,0,2022-20
DISTRITO,MTY MITRAS,2022,20,1,0,0,2022-20
DISTRITO,MTY SANTA LUCIA,2022,20,1,0,0,2022-20
DISTRITO,MTY SENDERO DIVISORIO,2022,20,2,1,0,2022-20
DISTRITO,MTY SIERRA MADRE,2022,20,3,0,0,2022-20
DISTRITO,PIEDRAS NEGRAS / MONCLOVA,2022,20,3,0,0,2022-20
DISTRITO,REYNOSA,2022,20,3,0,1,2022-20
DISTRITO,SALTILLO,2022,20,6,0,2,2022-20
DISTRITO,SAN LUIS POTOSI ORIENTE,2022,20,1,0,0,2022-20
DISTRITO,SAN LUIS POTOSI PONIENTE,2022,20,3,0,0,2022-20
DISTRITO,TAMPICO,2022,20,1,1,0,2022-20
DISTRITO,TIJ RIO,2022,20,3,0,0,2022-20
DISTRITO,AGUASCALIENTES,2022,20,7,0,0,2022-20
DISTRITO,CELAYA,2022,20,4,0,0,2022-20
DISTRITO,GDL BARRANCA,2022,20,2,0,0,2022-20
DISTRITO,GDL CHAPULTEPEC,2022,20,4,0,0,2022-20
DISTRITO,GDL COLOMOS,2022,20,0,1,0,2022-20
DISTRITO,GDL EL TAPATIO,2022,20,0,0,0,2022-20
DISTRITO,GDL LA PRIMAVERA,2022,20,1,0,1,2022-20
DISTRITO,GDL LAZARO CARDENAS,2022,20,0,0,0,2022-20
DISTRITO,GDL LOPEZ MATEOS,2022,20,2,0,0,2022-20
DISTRITO,IRAPUATO,2022,20,4,0,0,2022-20
DISTRITO,CERRO GORDO,2022,20,12,0,0,2022-20
DISTRITO,DELTA,2022,20,5,0,0,2022-20
DISTRITO,MORELIA,2022,20,0,0,0,2022-20
DISTRITO,PUERTO VALLARTA,2022,20,3,0,0,2022-20
DISTRITO,QUERETARO CORREGIDORA,2022,20,0,0,0,2022-20
DISTRITO,QUERETARO SANTIAGO,2022,20,1,0,1,2022-20
DISTRITO,ACAPULCO,2022,20,1,0,0,2022-20
DISTRITO,CANCUN,2022,20,7,1,0,2022-20
DISTRITO,COATZA / MINA,2022,20,3,0,0,2022-20
DISTRITO,CORDOBA / ORIZABA,2022,20,6,0,2,2022-20
DISTRITO,CUERNAVACA BUGAMBILIAS,2022,20,1,0,0,2022-20
DISTRITO,CUERNAVACA DE CORTEZ,2022,20,4,0,0,2022-20
DISTRITO,MERIDA NORTE,2022,20,3,0,1,2022-20
DISTRITO,MERIDA SUR,2022,20,4,0,1,2022-20
DISTRITO,PACHUCA,2022,20,5,0,0,2022-20
DISTRITO,POZA RICA,2022,20,3,0,0,2022-20
DISTRITO,PUE ANGELOPOLIS,2022,20,8,0,0,2022-20
DISTRITO,PUE LA NORIA,2022,20,2,0,0,2022-20
DISTRITO,PUE LORETO,2022,20,7,0,0,2022-20
DISTRITO,TUXTLA,2022,20,2,0,0,2022-20
DISTRITO,VERACRUZ,2022,20,7,0,6,2022-20
DISTRITO,VILLAHERMOSA,2022,20,5,0,0,2022-20
DISTRITO,XALAPA,2022,20,4,0,0,2022-20
DISTRITO,AEROPUERTO,2022,21,4,0,0,2022-21
DISTRITO,ARAGON,2022,21,10,0,0,2022-21
DISTRITO,AZCAPOTZALCO,2022,21,4,1,2,2022-21
DISTRITO,CENTRO HISTORICO,2022,21,2,0,0,2022-21
DISTRITO,CHALCO,2022,21,8,0,0,2022-21
DISTRITO,COACALCO,2022,21,3,1,0,2022-21
DISTRITO,CONDESA,2022,21,0,0,0,2022-21
DISTRITO,CONSTITUCION,2022,21,13,1,1,2022-21
DISTRITO,ECATEPEC,2022,21,4,0,0,2022-21
DISTRITO,GUADALUPE TEPEYAC,2022,21,7,0,0,2022-21
DISTRITO,HUEHUETOCA,2022,21,7,0,0,2022-21
DISTRITO,IZTAPALAPA,2022,21,0,0,0,2022-21
DISTRITO,LAS AGUILAS,2022,21,1,1,0,2022-21
DISTRITO,LOS REYES,2022,21,7,0,0,2022-21
DISTRITO,NAUCALPAN,2022,21,5,0,1,2022-21
DISTRITO,NEZA 1,2022,21,6,0,0,2022-21
DISTRITO,NEZA 2,2022,21,8,0,0,2022-21
DISTRITO,NICOLAS ROMERO,2022,21,9,0,0,2022-21
DISTRITO,OJO DE AGUA,2022,21,2,0,0,2022-21
DISTRITO,PEDREGAL,2022,21,3,0,0,2022-21
DISTRITO,POLANCO,2022,21,4,0,0,2022-21
DISTRITO,PORTALES,2022,21,5,0,1,2022-21
DISTRITO,SANTA FE,2022,21,3,0,0,2022-21
DISTRITO,SATELITE,2022,21,5,0,0,2022-21
DISTRITO,TECAMAC,2022,21,2,0,0,2022-21
DISTRITO,TEXCOCO,2022,21,2,0,0,2022-21
DISTRITO,TLALNEPANTLA,2022,21,0,0,1,2022-21
DISTRITO,TLALPAN,2022,21,3,0,0,2022-21
DISTRITO,TULTEPEC,2022,21,5,0,1,2022-21
DISTRITO,TULTITLAN,2022,21,5,0,0,2022-21
DISTRITO,XOCHIMILCO,2022,21,6,0,2,2022-21
DISTRITO,TOL LERMA SAN MATEO,2022,21,10,1,0,2022-21
DISTRITO,TOL METEPEC,2022,21,4,0,0,2022-21
DISTRITO,TOL SAN CARLOS,2022,21,1,0,1,2022-21
DISTRITO,CHIHUAHUA CUMBRES,2022,21,0,0,0,2022-21
DISTRITO,CHIHUAHUA DEL RELIZ,2022,21,1,0,0,2022-21
DISTRITO,JUAREZ NORTE,2022,21,5,1,0,2022-21
DISTRITO,JUAREZ SUR,2022,21,7,3,0,2022-21
DISTRITO,CIUDAD OBREGON / NAVOJOA,2022,21,7,0,0,2022-21
DISTRITO,CIUDAD VICTORIA,2022,21,1,0,0,2022-21
DISTRITO,CULIACAN,2022,21,4,0,0,2022-21
DISTRITO,LA LAGUNA GOMEZ,2022,21,2,0,0,2022-21
DISTRITO,LA LAGUNA TORREON,2022,21,3,0,0,2022-21
DISTRITO,MATAMOROS,2022,21,8,0,0,2022-21
DISTRITO,MAZATLAN,2022,21,0,1,0,2022-21
DISTRITO,MTY AEROPUERTO,2022,21,1,0,0,2022-21
DISTRITO,MTY CARRETERA NACIONAL,2022,21,8,0,0,2022-21
DISTRITO,MTY CERRO DE LA SILLA,2022,21,4,2,0,2022-21
DISTRITO,MTY GARCIA,2022,21,2,0,0,2022-21
DISTRITO,MTY MITRAS,2022,21,4,0,0,2022-21
DISTRITO,MTY SANTA LUCIA,2022,21,0,0,0,2022-21
DISTRITO,MTY SENDERO DIVISORIO,2022,21,3,0,0,2022-21
DISTRITO,MTY SIERRA MADRE,2022,21,4,0,1,2022-21
DISTRITO,PIEDRAS NEGRAS / MONCLOVA,2022,21,3,0,0,2022-21
DISTRITO,REYNOSA,2022,21,2,1,0,2022-21
DISTRITO,SALTILLO,2022,21,6,0,2,2022-21
DISTRITO,SAN LUIS POTOSI ORIENTE,2022,21,6,0,0,2022-21
DISTRITO,SAN LUIS POTOSI PONIENTE,2022,21,1,0,0,2022-21
DISTRITO,TAMPICO,2022,21,2,0,0,2022-21
DISTRITO,TIJ PLAYAS,2022,21,0,0,0,2022-21
DISTRITO,TIJ RIO,2022,21,4,1,1,2022-21
DISTRITO,AGUASCALIENTES,2022,21,7,0,0,2022-21
DISTRITO,GDL BARRANCA,2022,21,6,0,0,2022-21
DISTRITO,GDL CHAPULTEPEC,2022,21,9,0,0,2022-21
DISTRITO,GDL COLOMOS,2022,21,1,0,1,2022-21
DISTRITO,GDL EL TAPATIO,2022,21,0,0,0,2022-21
DISTRITO,GDL ESTADIO,2022,21,7,1,0,2022-21
DISTRITO,GDL LA PRIMAVERA,2022,21,2,0,0,2022-21
DISTRITO,GDL LAZARO CARDENAS,2022,21,1,0,0,2022-21
DISTRITO,GDL LOPEZ MATEOS,2022,21,2,0,0,2022-21
DISTRITO,GUANAJUATO,2022,21,1,0,0,2022-21
DISTRITO,IRAPUATO,2022,21,2,0,0,2022-21
DISTRITO,CERRO GORDO,2022,21,14,0,0,2022-21
DISTRITO,DELTA,2022,21,2,0,0,2022-21
DISTRITO,MORELIA,2022,21,1,0,0,2022-21
DISTRITO,PUERTO VALLARTA,2022,21,5,0,0,2022-21
DISTRITO,QUERETARO CORREGIDORA,2022,21,1,0,0,2022-21
DISTRITO,QUERETARO SANTIAGO,2022,21,1,1,0,2022-21
DISTRITO,ACAPULCO,2022,21,0,0,0,2022-21
DISTRITO,CANCUN,2022,21,6,0,0,2022-21
DISTRITO,COATZA / MINA,2022,21,4,0,0,2022-21
DISTRITO,CORDOBA / ORIZABA,2022,21,5,0,1,2022-21
DISTRITO,CUERNAVACA BUGAMBILIAS,2022,21,5,0,0,2022-21
DISTRITO,CUERNAVACA DE CORTEZ,2022,21,2,1,1,2022-21
DISTRITO,MERIDA NORTE,2022,21,6,0,0,2022-21
DISTRITO,MERIDA SUR,2022,21,6,1,0,2022-21
DISTRITO,PACHUCA,2022,21,2,0,0,2022-21
DISTRITO,POZA RICA,2022,21,3,0,0,2022-21
DISTRITO,PUE ANGELOPOLIS,2022,21,6,0,0,2022-21
DISTRITO,PUE LA NORIA,2022,21,4,1,0,2022-21
DISTRITO,PUE LORETO,2022,21,3,0,1,2022-21
DISTRITO,TUXTLA,2022,21,6,0,0,2022-21
DISTRITO,VERACRUZ,2022,21,13,0,0,2022-21
DISTRITO,VILLAHERMOSA,2022,21,3,0,0,2022-21
DISTRITO,XALAPA,2022,21,5,0,0,2022-21
DISTRITO,AEROPUERTO,2022,22,3,0,2,2022-22
DISTRITO,ARAGON,2022,22,10,0,0,2022-22
DISTRITO,AZCAPOTZALCO,2022,22,8,1,0,2022-22
DISTRITO,CENTRO HISTORICO,2022,22,0,0,1,2022-22
DISTRITO,CHALCO,2022,22,8,0,0,2022-22
DISTRITO,COACALCO,2022,22,0,0,4,2022-22
DISTRITO,CONDESA,2022,22,1,2,0,2022-22
DISTRITO,CONSTITUCION,2022,22,10,0,0,2022-22
DISTRITO,ECATEPEC,2022,22,1,1,0,2022-22
DISTRITO,GUADALUPE TEPEYAC,2022,22,4,0,0,2022-22
DISTRITO,HUEHUETOCA,2022,22,7,1,0,2022-22
DISTRITO,IZTAPALAPA,2022,22,4,1,0,2022-22
DISTRITO,LAS AGUILAS,2022,22,1,0,0,2022-22
DISTRITO,LOS REYES,2022,22,6,0,0,2022-22
DISTRITO,NAUCALPAN,2022,22,4,0,1,2022-22
DISTRITO,NEZA 1,2022,22,7,1,0,2022-22
DISTRITO,NEZA 2,2022,22,8,0,0,2022-22
DISTRITO,NICOLAS ROMERO,2022,22,8,0,0,2022-22
DISTRITO,OJO DE AGUA,2022,22,1,0,0,2022-22
DISTRITO,PEDREGAL,2022,22,1,0,0,2022-22
DISTRITO,POLANCO,2022,22,5,0,0,2022-22
DISTRITO,PORTALES,2022,22,5,0,0,2022-22
DISTRITO,SANTA FE,2022,22,6,0,0,2022-22
DISTRITO,SATELITE,2022,22,4,0,0,2022-22
DISTRITO,TECAMAC,2022,22,1,0,1,2022-22
DISTRITO,TEXCOCO,2022,22,2,0,0,2022-22
DISTRITO,TLALNEPANTLA,2022,22,0,0,3,2022-22
DISTRITO,TLALPAN,2022,22,4,0,0,2022-22
DISTRITO,TULTEPEC,2022,22,6,0,0,2022-22
DISTRITO,TULTITLAN,2022,22,4,0,0,2022-22
DISTRITO,XOCHIMILCO,2022,22,6,0,0,2022-22
DISTRITO,TOL LERMA SAN MATEO,2022,22,4,0,1,2022-22
DISTRITO,TOL METEPEC,2022,22,5,1,5,2022-22
DISTRITO,TOL SAN CARLOS,2022,22,5,0,0,2022-22
DISTRITO,CHIHUAHUA CUMBRES,2022,22,1,0,0,2022-22
DISTRITO,CHIHUAHUA DEL RELIZ,2022,22,2,0,0,2022-22
DISTRITO,JUAREZ NORTE,2022,22,6,0,0,2022-22
DISTRITO,JUAREZ SUR,2022,22,5,0,0,2022-22
DISTRITO,CIUDAD OBREGON / NAVOJOA,2022,22,8,0,0,2022-22
DISTRITO,CIUDAD VICTORIA,2022,22,0,0,0,2022-22
DISTRITO,CULIACAN,2022,22,4,0,0,2022-22
DISTRITO,LOS MOCHIS,2022,22,1,0,0,2022-22
DISTRITO,HERMOSILLO,2022,22,2,0,0,2022-22
DISTRITO,LA LAGUNA GOMEZ,2022,22,2,0,0,2022-22
DISTRITO,LA LAGUNA TORREON,2022,22,3,0,0,2022-22
DISTRITO,MATAMOROS,2022,22,7,0,0,2022-22
DISTRITO,MAZATLAN,2022,22,0,0,0,2022-22
DISTRITO,MEXICALI,2022,22,7,0,0,2022-22
DISTRITO,MTY AEROPUERTO,2022,22,1,0,0,2022-22
DISTRITO,MTY CARRETERA NACIONAL,2022,22,5,0,0,2022-22
DISTRITO,MTY CERRO DE LA SILLA,2022,22,3,0,0,2022-22
DISTRITO,MTY GARCIA,2022,22,0,0,0,2022-22
DISTRITO,MTY MITRAS,2022,22,4,0,0,2022-22
DISTRITO,MTY SANTA LUCIA,2022,22,1,0,0,2022-22
DISTRITO,MTY SENDERO DIVISORIO,2022,22,0,0,0,2022-22
DISTRITO,MTY SIERRA MADRE,2022,22,5,0,0,2022-22
DISTRITO,PIEDRAS NEGRAS / MONCLOVA,2022,22,1,0,0,2022-22
DISTRITO,REYNOSA,2022,22,3,0,0,2022-22
DISTRITO,SALTILLO,2022,22,9,0,0,2022-22
DISTRITO,SAN LUIS POTOSI ORIENTE,2022,22,4,0,0,2022-22
DISTRITO,SAN LUIS POTOSI PONIENTE,2022,22,2,0,0,2022-22
DISTRITO,TAMPICO,2022,22,1,0,1,2022-22
DISTRITO,TIJ RIO,2022,22,4,0,0,2022-22
DISTRITO,TIJ TECATE,2022,22,6,3,2,2022-22
DISTRITO,AGUASCALIENTES,2022,22,7,0,0,2022-22
DISTRITO,CELAYA,2022,22,4,0,0,2022-22
DISTRITO,COLIMA / MANZANILLO,2022,22,5,0,0,2022-22
DISTRITO,GDL BARRANCA,2022,22,6,0,0,2022-22
DISTRITO,GDL CHAPULTEPEC,2022,22,9,0,0,2022-22
DISTRITO,GDL COLOMOS,2022,22,5,0,0,2022-22
DISTRITO,GDL EL TAPATIO,2022,22,0,0,0,2022-22
DISTRITO,GDL ESTADIO,2022,22,4,4,0,2022-22
DISTRITO,GDL LA PRIMAVERA,2022,22,1,0,1,2022-22
DISTRITO,GDL LAZARO CARDENAS,2022,22,1,0,0,2022-22
DISTRITO,GDL LOPEZ MATEOS,2022,22,7,0,0,2022-22
DISTRITO,GUANAJUATO,2022,22,3,0,0,2022-22
DISTRITO,IRAPUATO,2022,22,5,0,0,2022-22
DISTRITO,CERRO GORDO,2022,22,11,0,0,2022-22
DISTRITO,DELTA,2022,22,3,2,0,2022-22
DISTRITO,MORELIA,2022,22,2,0,0,2022-22
DISTRITO,PUERTO VALLARTA,2022,22,2,0,0,2022-22
DISTRITO,QUERETARO CORREGIDORA,2022,22,2,0,0,2022-22
DISTRITO,QUERETARO SANTIAGO,2022,22,2,0,1,2022-22
DISTRITO,ACAPULCO,2022,22,1,0,0,2022-22
DISTRITO,CANCUN,2022,22,8,1,0,2022-22
DISTRITO,COATZA / MINA,2022,22,8,0,0,2022-22
DISTRITO,CORDOBA / ORIZABA,2022,22,10,0,0,2022-22
DISTRITO,CUERNAVACA BUGAMBILIAS,2022,22,3,0,0,2022-22
DISTRITO,CUERNAVACA DE CORTEZ,2022,22,3,0,1,2022-22
DISTRITO,MERIDA NORTE,2022,22,4,0,0,2022-22
DISTRITO,MERIDA SUR,2022,22,5,1,0,2022-22
DISTRITO,PACHUCA,2022,22,5,0,0,2022-22
DISTRITO,POZA RICA,2022,22,3,0,0,2022-22
DISTRITO,PUE ANGELOPOLIS,2022,22,8,0,0,2022-22
DISTRITO,PUE LA NORIA,2022,22,5,0,0,2022-22
DISTRITO,PUE LORETO,2022,22,6,0,0,2022-22
DISTRITO,TUXTLA,2022,22,2,0,0,2022-22
DISTRITO,VERACRUZ,2022,22,8,0,1,2022-22
DISTRITO,VILLAHERMOSA,2022,22,5,0,0,2022-22
DISTRITO,XALAPA,2022,22,6,0,1,2022-22
DISTRITO,AEROPUERTO,2022,23,0,1,0,2022-23
DISTRITO,ARAGON,2022,23,13,0,0,2022-23
DISTRITO,AZCAPOTZALCO,2022,23,1,4,0,2022-23
DISTRITO,CENTRO HISTORICO,2022,23,3,0,1,2022-23
DISTRITO,CHALCO,2022,23,9,0,0,2022-23
DISTRITO,COACALCO,2022,23,5,0,1,2022-23
DISTRITO,CONDESA,2022,23,4,0,0,2022-23
DISTRITO,CONSTITUCION,2022,23,7,0,1,2022-23
DISTRITO,ECATEPEC,2022,23,8,0,0,2022-23
DISTRITO,GUADALUPE TEPEYAC,2022,23,4,0,0,2022-23
DISTRITO,IZTAPALAPA,2022,23,7,0,0,2022-23
DISTRITO,LAS AGUILAS,2022,23,6,0,0,2022-23
DISTRITO,LOS REYES,2022,23,5,0,0,2022-23
DISTRITO,NAUCALPAN,2022,23,3,0,3,2022-23
DISTRITO,NEZA 1,2022,23,9,0,0,2022-23
DISTRITO,NEZA 2,2022,23,7,0,0,2022-23
DISTRITO,NICOLAS ROMERO,2022,23,7,0,0,2022-23
DISTRITO,OJO DE AGUA,2022,23,0,0,0,2022-23
DISTRITO,PEDREGAL,2022,23,1,1,1,2022-23
DISTRITO,POLANCO,2022,23,2,0,0,2022-23
DISTRITO,PORTALES,2022,23,2,0,0,2022-23
DISTRITO,SANTA FE,2022,23,2,0,0,2022-23
DISTRITO,SATELITE,2022,23,3,0,1,2022-23
DISTRITO,TECAMAC,2022,23,4,0,0,2022-23
DISTRITO,TEXCOCO,2022,23,2,0,0,2022-23
DISTRITO,TLALNEPANTLA,2022,23,1,0,0,2022-23
DISTRITO,TLALPAN,2022,23,2,0,1,2022-23
DISTRITO,TULTEPEC,2022,23,0,0,0,2022-23
DISTRITO,TULTITLAN,2022,23,5,0,2,2022-23
DISTRITO,XOCHIMILCO,2022,23,0,0,0,2022-23
DISTRITO,TOL LERMA SAN MATEO,2022,23,12,0,0,2022-23
DISTRITO,TOL METEPEC,2022,23,5,0,1,2022-23
DISTRITO,TOL SAN CARLOS,2022,23,8,0,0,2022-23
DISTRITO,CHIHUAHUA CUMBRES,2022,23,4,0,0,2022-23
DISTRITO,CHIHUAHUA DEL RELIZ,2022,23,1,0,0,2022-23
DISTRITO,JUAREZ NORTE,2022,23,1,0,0,2022-23
DISTRITO,JUAREZ SUR,2022,23,4,0,1,2022-23
DISTRITO,CIUDAD OBREGON / NAVOJOA,2022,23,4,0,3,2022-23
DISTRITO,HERMOSILLO,2022,23,8,0,0,2022-23
DISTRITO,LA LAGUNA GOMEZ,2022,23,3,0,0,2022-23
DISTRITO,LA LAGUNA TORREON,2022,23,1,0,0,2022-23
DISTRITO,MATAMOROS,2022,23,7,0,0,2022-23
DISTRITO,MAZATLAN,2022,23,1,0,0,2022-23
DISTRITO,MEXICALI,2022,23,5,0,0,2022-23
DISTRITO,MTY CARRETERA NACIONAL,2022,23,7,0,0,2022-23
DISTRITO,MTY CERRO DE LA SILLA,2022,23,6,1,0,2022-23
DISTRITO,MTY GARCIA,2022,23,1,0,0,2022-23
DISTRITO,MTY MITRAS,2022,23,3,0,0,2022-23
DISTRITO,MTY SANTA LUCIA,2022,23,0,0,0,2022-23
DISTRITO,MTY SENDERO DIVISORIO,2022,23,1,0,0,2022-23
DISTRITO,MTY SIERRA MADRE,2022,23,7,0,1,2022-23
DISTRITO,PIEDRAS NEGRAS / MONCLOVA,2022,23,3,0,0,2022-23
DISTRITO,REYNOSA,2022,23,1,0,0,2022-23
DISTRITO,SALTILLO,2022,23,7,0,0,2022-23
DISTRITO,SAN LUIS POTOSI ORIENTE,2022,23,6,0,0,2022-23
DISTRITO,SAN LUIS POTOSI PONIENTE,2022,23,6,0,0,2022-23
DISTRITO,TAMPICO,2022,23,2,0,0,2022-23
DISTRITO,TIJ RIO,2022,23,7,1,2,2022-23
DISTRITO,TIJ TECATE,2022,23,2,1,1,2022-23
DISTRITO,AGUASCALIENTES,2022,23,8,0,0,2022-23
DISTRITO,CELAYA,2022,23,6,0,0,2022-23
DISTRITO,COLIMA / MANZANILLO,2022,23,8,0,0,2022-23
DISTRITO,GDL BARRANCA,2022,23,10,0,0,2022-23
DISTRITO,GDL CHAPULTEPEC,2022,23,11,0,0,2022-23
DISTRITO,GDL COLOMOS,2022,23,3,2,0,2022-23
DISTRITO,GDL EL TAPATIO,2022,23,0,0,0,2022-23
DISTRITO,GDL ESTADIO,2022,23,7,0,1,2022-23
DISTRITO,GDL LA PRIMAVERA,2022,23,1,0,0,2022-23
DISTRITO,GDL LAZARO CARDENAS,2022,23,2,0,0,2022-23
DISTRITO,GDL LOPEZ MATEOS,2022,23,3,0,1,2022-23
DISTRITO,GUANAJUATO,2022,23,2,0,0,2022-23
DISTRITO,IRAPUATO,2022,23,6,0,0,2022-23
DISTRITO,CERRO GORDO,2022,23,14,0,0,2022-23
DISTRITO,DELTA,2022,23,8,1,0,2022-23
DISTRITO,MORELIA,2022,23,2,0,0,2022-23
DISTRITO,PUERTO VALLARTA,2022,23,6,0,0,2022-23
DISTRITO,QUERETARO CORREGIDORA,2022,23,1,0,0,2022-23
DISTRITO,QUERETARO SANTIAGO,2022,23,3,0,0,2022-23
DISTRITO,ACAPULCO,2022,23,2,0,0,2022-23
DISTRITO,CANCUN,2022,23,14,0,0,2022-23
DISTRITO,COATZA / MINA,2022,23,8,0,0,2022-23
DISTRITO,CORDOBA / ORIZABA,2022,23,9,0,0,2022-23
DISTRITO,CUERNAVACA BUGAMBILIAS,2022,23,1,0,0,2022-23
DISTRITO,CUERNAVACA DE CORTEZ,2022,23,2,0,2,2022-23
DISTRITO,MERIDA NORTE,2022,23,4,0,0,2022-23
DISTRITO,MERIDA SUR,2022,23,6,0,0,2022-23
DISTRITO,PACHUCA,2022,23,7,0,0,2022-23
DISTRITO,POZA RICA,2022,23,6,0,0,2022-23
DISTRITO,PUE ANGELOPOLIS,2022,23,6,0,1,2022-23
DISTRITO,PUE LA NORIA,2022,23,7,0,0,2022-23
DISTRITO,PUE LORETO,2022,23,8,0,0,2022-23
DISTRITO,TUXTLA,2022,23,3,0,0,2022-23
DISTRITO,VERACRUZ,2022,23,13,0,0,2022-23
DISTRITO,VILLAHERMOSA,2022,23,4,0,1,2022-23
DISTRITO,XALAPA,2022,23,9,0,0,2022-23
DISTRITO,AEROPUERTO,2022,24,1,0,0,2022-24
DISTRITO,AZCAPOTZALCO,2022,24,6,0,1,2022-24
DISTRITO,CENTRO HISTORICO,2022,24,2,0,0,2022-24
DISTRITO,COACALCO,2022,24,0,0,0,2022-24
DISTRITO,CONDESA,2022,24,1,0,0,2022-24
DISTRITO,CONSTITUCION,2022,24,3,0,0,2022-24
DISTRITO,ECATEPEC,2022,24,0,0,0,2022-24
DISTRITO,GUADALUPE TEPEYAC,2022,24,3,0,0,2022-24
DISTRITO,HUEHUETOCA,2022,24,12,0,0,2022-24
DISTRITO,IZTAPALAPA,2022,24,0,0,0,2022-24
DISTRITO,LAS AGUILAS,2022,24,1,0,0,2022-24
DISTRITO,NAUCALPAN,2022,24,3,0,0,2022-24
DISTRITO,NICOLAS ROMERO,2022,24,5,0,0,2022-24
DISTRITO,OJO DE AGUA,2022,24,1,0,0,2022-24
DISTRITO,SANTA FE,2022,24,6,0,0,2022-24
DISTRITO,TLALPAN,2022,24,0,0,0,2022-24
DISTRITO,TULTEPEC,2022,24,2,1,0,2022-24
DISTRITO,XOCHIMILCO,2022,24,11,0,2,2022-24
DISTRITO,TOL LERMA SAN MATEO,2022,24,1,0,4,2022-24
DISTRITO,TOL METEPEC,2022,24,0,0,1,2022-24
DISTRITO,TOL SAN CARLOS,2022,24,0,0,0,2022-24
DISTRITO,CHIHUAHUA CUMBRES,2022,24,0,0,0,2022-24
DISTRITO,JUAREZ NORTE,2022,24,5,1,0,2022-24
DISTRITO,JUAREZ SUR,2022,24,2,4,0,2022-24
DISTRITO,CIUDAD OBREGON / NAVOJOA,2022,24,5,0,0,2022-24
DISTRITO,CIUDAD VICTORIA,2022,24,2,0,0,2022-24
DISTRITO,CULIACAN,2022,24,11,0,0,2022-24
DISTRITO,LOS MOCHIS,2022,24,1,0,0,2022-24
DISTRITO,MEXICALI,2022,24,2,0,0,2022-24
DISTRITO,MTY CARRETERA NACIONAL,2022,24,1,0,0,2022-24
DISTRITO,MTY CERRO DE LA SILLA,2022,24,1,0,0,2022-24
DISTRITO,MTY GARCIA,2022,24,0,0,0,2022-24
DISTRITO,MTY SENDERO DIVISORIO,2022,24,2,0,0,2022-24
DISTRITO,MTY SIERRA MADRE,2022,24,2,0,0,2022-24
DISTRITO,TIJ RIO,2022,24,3,0,2,2022-24
DISTRITO,TIJ TECATE,2022,24,5,0,1,2022-24
DISTRITO,AGUASCALIENTES,2022,24,3,0,0,2022-24
DISTRITO,CELAYA,2022,24,4,0,0,2022-24
DISTRITO,GDL BARRANCA,2022,24,3,0,0,2022-24
DISTRITO,GDL CHAPULTEPEC,2022,24,1,0,0,2022-24
DISTRITO,GDL COLOMOS,2022,24,1,0,0,2022-24
DISTRITO,GDL EL TAPATIO,2022,24,3,0,0,2022-24
DISTRITO,GDL LA PRIMAVERA,2022,24,0,0,0,2022-24
DISTRITO,GDL LAZARO CARDENAS,2022,24,2,0,0,2022-24
DISTRITO,GUANAJUATO,2022,24,0,2,0,2022-24
DISTRITO,IRAPUATO,2022,24,0,0,0,2022-24
DISTRITO,CERRO GORDO,2022,24,2,0,0,2022-24
DISTRITO,CANCUN,2022,24,1,0,0,2022-24
DISTRITO,COATZA / MINA,2022,24,3,0,0,2022-24
DISTRITO,CORDOBA / ORIZABA,2022,24,0,0,0,2022-24
DISTRITO,MERIDA NORTE,2022,24,2,0,1,2022-24
DISTRITO,MERIDA SUR,2022,24,0,0,0,2022-24
DISTRITO,VILLAHERMOSA,2022,24,2,0,0,2022-24
DISTRITO,AEROPUERTO,2022,25,6,0,0,2022-25
DISTRITO,ARAGON,2022,25,13,0,0,2022-25
DISTRITO,AZCAPOTZALCO,2022,25,8,2,0,2022-25
DISTRITO,CENTRO HISTORICO,2022,25,1,0,1,2022-25
DISTRITO,CHALCO,2022,25,10,0,0,2022-25
DISTRITO,COACALCO,2022,25,6,0,0,2022-25
DISTRITO,CONDESA,2022,25,5,2,0,2022-25
DISTRITO,CONSTITUCION,2022,25,11,0,2,2022-25
DISTRITO,ECATEPEC,2022,25,5,0,0,2022-25
DISTRITO,GUADALUPE TEPEYAC,2022,25,9,0,0,2022-25
DISTRITO,HUEHUETOCA,2022,25,3,0,0,2022-25
DISTRITO,IZTAPALAPA,2022,25,3,1,0,2022-25
DISTRITO,LAS AGUILAS,2022,25,4,0,0,2022-25
DISTRITO,LOS REYES,2022,25,5,0,0,2022-25
DISTRITO,NAUCALPAN,2022,25,5,1,4,2022-25
DISTRITO,NEZA 1,2022,25,3,0,0,2022-25
DISTRITO,NEZA 2,2022,25,6,0,0,2022-25
DISTRITO,NICOLAS ROMERO,2022,25,12,0,0,2022-25
DISTRITO,OJO DE AGUA,2022,25,2,0,0,2022-25
DISTRITO,PEDREGAL,2022,25,1,3,1,2022-25
DISTRITO,POLANCO,2022,25,3,0,0,2022-25
DISTRITO,PORTALES,2022,25,4,0,0,2022-25
DISTRITO,SANTA FE,2022,25,3,0,0,2022-25
DISTRITO,SATELITE,2022,25,3,0,1,2022-25
DISTRITO,TECAMAC,2022,25,1,0,3,2022-25
DISTRITO,TEXCOCO,2022,25,4,0,0,2022-25
DISTRITO,TLALNEPANTLA,2022,25,1,0,1,2022-25
DISTRITO,TLALPAN,2022,25,3,0,1,2022-25
DISTRITO,TULTEPEC,2022,25,3,0,0,2022-25
DISTRITO,TULTITLAN,2022,25,6,0,0,2022-25
DISTRITO,XOCHIMILCO,2022,25,7,0,1,2022-25
DISTRITO,TOL LERMA SAN MATEO,2022,25,12,0,0,2022-25
DISTRITO,TOL METEPEC,2022,25,4,1,6,2022-25
DISTRITO,TOL SAN CARLOS,2022,25,6,0,4,2022-25
DISTRITO,CHIHUAHUA CUMBRES,2022,25,0,0,0,2022-25
DISTRITO,CHIHUAHUA DEL RELIZ,2022,25,2,0,0,2022-25
DISTRITO,JUAREZ SUR,2022,25,5,0,0,2022-25
DISTRITO,CIUDAD OBREGON / NAVOJOA,2022,25,11,0,0,2022-25
DISTRITO,CIUDAD VICTORIA,2022,25,3,0,0,2022-25
DISTRITO,HERMOSILLO,2022,25,13,0,1,2022-25
DISTRITO,LA LAGUNA GOMEZ,2022,25,2,0,0,2022-25
DISTRITO,LA LAGUNA TORREON,2022,25,2,0,0,2022-25
DISTRITO,MATAMOROS,2022,25,10,0,1,2022-25
DISTRITO,MEXICALI,2022,25,6,0,0,2022-25
DISTRITO,MTY CARRETERA NACIONAL,2022,25,7,0,0,2022-25
DISTRITO,MTY CERRO DE LA SILLA,2022,25,3,0,0,2022-25
DISTRITO,MTY GARCIA,2022,25,1,0,0,2022-25
DISTRITO,MTY MITRAS,2022,25,7,0,0,2022-25
DISTRITO,MTY SANTA LUCIA,2022,25,0,0,0,2022-25
DISTRITO,MTY SENDERO DIVISORIO,2022,25,4,0,0,2022-25
DISTRITO,MTY SIERRA MADRE,2022,25,6,0,0,2022-25
DISTRITO,PIEDRAS NEGRAS / MONCLOVA,2022,25,4,0,0,2022-25
DISTRITO,REYNOSA,2022,25,3,0,0,2022-25
DISTRITO,SALTILLO,2022,25,8,0,0,2022-25
DISTRITO,SAN LUIS POTOSI PONIENTE,2022,25,4,0,0,2022-25
DISTRITO,TIJ RIO,2022,25,3,0,0,2022-25
DISTRITO,TIJ TECATE,2022,25,3,0,1,2022-25
DISTRITO,AGUASCALIENTES,2022,25,7,0,0,2022-25
DISTRITO,CELAYA,2022,25,5,0,0,2022-25
DISTRITO,COLIMA / MANZANILLO,2022,25,5,0,0,2022-25
DISTRITO,GDL BARRANCA,2022,25,3,0,0,2022-25
DISTRITO,GDL CHAPULTEPEC,2022,25,12,0,2,2022-25
DISTRITO,GDL COLOMOS,2022,25,3,0,0,2022-25
DISTRITO,GDL ESTADIO,2022,25,8,0,1,2022-25
DISTRITO,GDL LA PRIMAVERA,2022,25,3,0,1,2022-25
DISTRITO,GDL LAZARO CARDENAS,2022,25,2,0,0,2022-25
DISTRITO,GDL LOPEZ MATEOS,2022,25,1,0,0,2022-25
DISTRITO,GUANAJUATO,2022,25,2,0,0,2022-25
DISTRITO,IRAPUATO,2022,25,5,0,0,2022-25
DISTRITO,CERRO GORDO,2022,25,14,0,1,2022-25
DISTRITO,DELTA,2022,25,9,0,0,2022-25
DISTRITO,MORELIA,2022,25,0,0,4,2022-25
DISTRITO,QUERETARO CORREGIDORA,2022,25,1,0,0,2022-25
DISTRITO,QUERETARO SANTIAGO,2022,25,6,0,1,2022-25
DISTRITO,ACAPULCO,2022,25,2,0,0,2022-25
DISTRITO,CANCUN,2022,25,13,1,0,2022-25
DISTRITO,COATZA / MINA,2022,25,5,0,0,2022-25
DISTRITO,CORDOBA / ORIZABA,2022,25,8,0,0,2022-25
DISTRITO,CUERNAVACA BUGAMBILIAS,2022,25,3,0,0,2022-25
DISTRITO,MERIDA NORTE,2022,25,6,0,3,2022-25
DISTRITO,MERIDA SUR,2022,25,5,0,0,2022-25
DISTRITO,PACHUCA,2022,25,8,0,2,2022-25
DISTRITO,POZA RICA,2022,25,6,0,0,2022-25
DISTRITO,PUE ANGELOPOLIS,2022,25,5,0,0,2022-25
DISTRITO,PUE LA NORIA,2022,25,7,0,1,2022-25
DISTRITO,PUE LORETO,2022,25,9,0,0,2022-25
DISTRITO,TUXTLA,2022,25,2,0,0,2022-25
DISTRITO,VERACRUZ,2022,25,12,0,0,2022-25
DISTRITO,XALAPA,2022,25,6,0,0,2022-25
DISTRITO,ARAGON,2022,26,2,0,0,2022-26
DISTRITO,AZCAPOTZALCO,2022,26,5,0,0,2022-26
DISTRITO,CHALCO,2022,26,1,0,0,2022-26
DISTRITO,HUEHUETOCA,2022,26,10,0,0,2022-26
DISTRITO,IZTAPALAPA,2022,26,0,0,0,2022-26
DISTRITO,NAUCALPAN,2022,26,0,1,0,2022-26
DISTRITO,NEZA 1,2022,26,5,0,0,2022-26
DISTRITO,NEZA 2,2022,26,1,0,0,2022-26
DISTRITO,OJO DE AGUA,2022,26,6,0,0,2022-26
DISTRITO,PORTALES,2022,26,2,0,0,2022-26
DISTRITO,TLALPAN,2022,26,1,0,0,2022-26
DISTRITO,TULTEPEC,2022,26,3,1,0,2022-26
DISTRITO,XOCHIMILCO,2022,26,1,0,1,2022-26
DISTRITO,CHIHUAHUA DEL RELIZ,2022,26,6,0,0,2022-26
DISTRITO,JUAREZ NORTE,2022,26,12,0,0,2022-26
DISTRITO,JUAREZ SUR,2022,26,8,1,0,2022-26
DISTRITO,CULIACAN,2022,26,11,0,0,2022-26
DISTRITO,LOS MOCHIS,2022,26,1,0,0,2022-26
DISTRITO,MAZATLAN,2022,26,4,0,0,2022-26
DISTRITO,MEXICALI,2022,26,2,0,0,2022-26
DISTRITO,MTY AEROPUERTO,2022,26,0,0,0,2022-26
DISTRITO,MTY CARRETERA NACIONAL,2022,26,3,0,0,2022-26
DISTRITO,MTY CERRO DE LA SILLA,2022,26,1,0,0,2022-26
DISTRITO,MTY GARCIA,2022,26,0,0,0,2022-26
DISTRITO,MTY MITRAS,2022,26,3,0,0,2022-26
DISTRITO,MTY SIERRA MADRE,2022,26,1,0,1,2022-26
DISTRITO,REYNOSA,2022,26,0,0,0,2022-26
DISTRITO,SAN LUIS POTOSI ORIENTE,2022,26,11,1,0,2022-26
DISTRITO,SAN LUIS POTOSI PONIENTE,2022,26,4,0,0,2022-26
DISTRITO,TIJ RIO,2022,26,6,0,2,2022-26
DISTRITO,TIJ TECATE,2022,26,6,0,1,2022-26
DISTRITO,AGUASCALIENTES,2022,26,3,0,0,2022-26
DISTRITO,GDL BARRANCA,2022,26,9,0,0,2022-26
DISTRITO,GDL COLOMOS,2022,26,0,0,0,2022-26
DISTRITO,GDL EL TAPATIO,2022,26,5,0,0,2022-26
DISTRITO,GDL ESTADIO,2022,26,1,0,0,2022-26
DISTRITO,CERRO GORDO,2022,26,6,0,0,2022-26
DISTRITO,MORELIA,2022,26,0,0,0,2022-26
DISTRITO,PUERTO VALLARTA,2022,26,1,0,1,2022-26
DISTRITO,COATZA / MINA,2022,26,1,0,0,2022-26
DISTRITO,CUERNAVACA BUGAMBILIAS,2022,26,1,0,0,2022-26
DISTRITO,CUERNAVACA DE CORTEZ,2022,26,0,0,1,2022-26
DISTRITO,MERIDA SUR,2022,26,1,0,0,2022-26
DISTRITO,PUE ANGELOPOLIS,2022,26,0,0,0,2022-26
DISTRITO,PUE LORETO,2022,26,3,0,0,2022-26
DISTRITO,TUXTLA,2022,26,1,0,0,2022-26
DISTRITO,VILLAHERMOSA,2022,26,5,0,0,2022-26
DISTRITO,AEROPUERTO,2022,27,3,0,1,2022-27
DISTRITO,ARAGON,2022,27,10,0,1,2022-27
DISTRITO,AZCAPOTZALCO,2022,27,7,1,0,2022-27
DISTRITO,CENTRO HISTORICO,2022,27,0,0,0,2022-27
DISTRITO,CHALCO,2022,27,12,0,0,2022-27
DISTRITO,COACALCO,2022,27,5,0,0,2022-27
DISTRITO,CONDESA,2022,27,6,2,0,2022-27
DISTRITO,CONSTITUCION,2022,27,15,0,1,2022-27
DISTRITO,ECATEPEC,2022,27,8,0,0,2022-27
DISTRITO,GUADALUPE TEPEYAC,2022,27,7,0,0,2022-27
DISTRITO,HUEHUETOCA,2022,27,14,0,0,2022-27
DISTRITO,IZTAPALAPA,2022,27,0,0,0,2022-27
DISTRITO,LAS AGUILAS,2022,27,2,0,0,2022-27
DISTRITO,LOS REYES,2022,27,1,0,0,2022-27
DISTRITO,NAUCALPAN,2022,27,6,0,1,2022-27
DISTRITO,NEZA 1,2022,27,2,0,0,2022-27
DISTRITO,NEZA 2,2022,27,6,0,1,2022-27
DISTRITO,NICOLAS ROMERO,2022,27,10,0,0,2022-27
DISTRITO,OJO DE AGUA,2022,27,1,0,0,2022-27
DISTRITO,PEDREGAL,2022,27,3,4,0,2022-27
DISTRITO,POLANCO,2022,27,4,0,0,2022-27
DISTRITO,PORTALES,2022,27,6,0,0,2022-27
DISTRITO,SANTA FE,2022,27,5,0,0,2022-27
DISTRITO,SATELITE,2022,27,2,0,0,2022-27
DISTRITO,TECAMAC,2022,27,0,0,0,2022-27
DISTRITO,TEXCOCO,2022,27,3,0,0,2022-27
DISTRITO,TLALNEPANTLA,2022,27,1,0,0,2022-27
DISTRITO,TLALPAN,2022,27,2,0,0,2022-27
DISTRITO,TULTITLAN,2022,27,3,0,0,2022-27
DISTRITO,XOCHIMILCO,2022,27,5,0,1,2022-27
DISTRITO,TOL LERMA SAN MATEO,2022,27,4,0,3,2022-27
DISTRITO,TOL METEPEC,2022,27,6,0,3,2022-27
DISTRITO,TOL SAN CARLOS,2022,27,8,0,0,2022-27
DISTRITO,CHIHUAHUA CUMBRES,2022,27,4,0,0,2022-27
DISTRITO,CHIHUAHUA DEL RELIZ,2022,27,9,0,0,2022-27
DISTRITO,JUAREZ NORTE,2022,27,5,0,0,2022-27
DISTRITO,JUAREZ SUR,2022,27,4,0,0,2022-27
DISTRITO,CIUDAD OBREGON / NAVOJOA,2022,27,7,0,0,2022-27
DISTRITO,CIUDAD VICTORIA,2022,27,1,0,0,2022-27
DISTRITO,CULIACAN,2022,27,1,0,0,2022-27
DISTRITO,LOS MOCHIS,2022,27,3,0,0,2022-27
DISTRITO,LA LAGUNA GOMEZ,2022,27,2,0,0,2022-27
DISTRITO,LA LAGUNA TORREON,2022,27,0,1,0,2022-27
DISTRITO,MATAMOROS,2022,27,9,0,0,2022-27
DISTRITO,MAZATLAN,2022,27,1,0,0,2022-27
DISTRITO,MTY CARRETERA NACIONAL,2022,27,3,1,0,2022-27
DISTRITO,MTY CERRO DE LA SILLA,2022,27,3,0,0,2022-27
DISTRITO,MTY MITRAS,2022,27,3,0,0,2022-27
DISTRITO,MTY SANTA LUCIA,2022,27,0,0,0,2022-27
DISTRITO,MTY SENDERO DIVISORIO,2022,27,1,0,0,2022-27
DISTRITO,MTY SIERRA MADRE,2022,27,9,0,0,2022-27
DISTRITO,PIEDRAS NEGRAS / MONCLOVA,2022,27,6,0,0,2022-27
DISTRITO,REYNOSA,2022,27,4,0,0,2022-27
DISTRITO,SALTILLO,2022,27,9,0,0,2022-27
DISTRITO,SAN LUIS POTOSI ORIENTE,2022,27,9,0,0,2022-27
DISTRITO,SAN LUIS POTOSI PONIENTE,2022,27,0,0,0,2022-27
DISTRITO,TIJ RIO,2022,27,0,0,0,2022-27
DISTRITO,AGUASCALIENTES,2022,27,1,0,0,2022-27
DISTRITO,CELAYA,2022,27,8,0,0,2022-27
DISTRITO,COLIMA / MANZANILLO,2022,27,7,0,0,2022-27
DISTRITO,GDL BARRANCA,2022,27,3,0,0,2022-27
DISTRITO,GDL CHAPULTEPEC,2022,27,3,0,0,2022-27
DISTRITO,GDL COLOMOS,2022,27,3,0,0,2022-27
DISTRITO,GDL EL TAPATIO,2022,27,1,0,0,2022-27
DISTRITO,GDL ESTADIO,2022,27,6,0,0,2022-27
DISTRITO,GDL LA PRIMAVERA,2022,27,0,0,0,2022-27
DISTRITO,GDL LAZARO CARDENAS,2022,27,1,0,0,2022-27
DISTRITO,GDL LOPEZ MATEOS,2022,27,7,1,1,2022-27
DISTRITO,GUANAJUATO,2022,27,3,1,0,2022-27
DISTRITO,IRAPUATO,2022,27,8,0,0,2022-27
DISTRITO,CERRO GORDO,2022,27,16,0,2,2022-27
DISTRITO,DELTA,2022,27,11,0,0,2022-27
DISTRITO,QUERETARO CORREGIDORA,2022,27,0,0,0,2022-27
DISTRITO,QUERETARO SANTIAGO,2022,27,7,0,0,2022-27
DISTRITO,ACAPULCO,2022,27,1,0,0,2022-27
DISTRITO,CANCUN,2022,27,9,0,0,2022-27
DISTRITO,COATZA / MINA,2022,27,2,0,0,2022-27
DISTRITO,CORDOBA / ORIZABA,2022,27,6,1,0,2022-27
DISTRITO,CUERNAVACA BUGAMBILIAS,2022,27,5,0,1,2022-27
DISTRITO,CUERNAVACA DE CORTEZ,2022,27,6,0,1,2022-27
DISTRITO,MERIDA NORTE,2022,27,7,0,1,2022-27
DISTRITO,MERIDA SUR,2022,27,1,0,3,2022-27
DISTRITO,PACHUCA,2022,27,10,0,2,2022-27
DISTRITO,POZA RICA,2022,27,5,0,2,2022-27
DISTRITO,PUE ANGELOPOLIS,2022,27,9,0,0,2022-27
DISTRITO,PUE LA NORIA,2022,27,6,0,0,2022-27
DISTRITO,PUE LORETO,2022,27,7,0,0,2022-27
DISTRITO,TUXTLA,2022,27,2,0,0,2022-27
DISTRITO,VERACRUZ,2022,27,11,0,1,2022-27
DISTRITO,XALAPA,2022,27,8,0,0,2022-27
DISTRITO,AEROPUERTO,2022,28,1,0,0,2022-28
DISTRITO,ARAGON,2022,28,2,0,0,2022-28
DISTRITO,AZCAPOTZALCO,2022,28,2,0,0,2022-28
DISTRITO,CENTRO HISTORICO,2022,28,0,0,0,2022-28
DISTRITO,CHALCO,2022,28,5,0,0,2022-28
DISTRITO,COACALCO,2022,28,1,0,0,2022-28
DISTRITO,CONDESA,2022,28,0,0,0,2022-28
DISTRITO,ECATEPEC,2022,28,0,0,0,2022-28
DISTRITO,GUADALUPE TEPEYAC,2022,28,2,0,0,2022-28
DISTRITO,HUEHUETOCA,2022,28,3,0,0,2022-28
DISTRITO,IZTAPALAPA,2022,28,4,0,0,2022-28
DISTRITO,LAS AGUILAS,2022,28,0,0,0,2022-28
DISTRITO,LOS REYES,2022,28,2,0,0,2022-28
DISTRITO,NEZA 1,2022,28,6,0,0,2022-28
DISTRITO,NICOLAS ROMERO,2022,28,4,0,0,2022-28
DISTRITO,OJO DE AGUA,2022,28,0,0,0,2022-28
DISTRITO,SANTA FE,2022,28,1,0,0,2022-28
DISTRITO,SATELITE,2022,28,3,0,0,2022-28
DISTRITO,TEXCOCO,2022,28,0,0,0,2022-28
DISTRITO,TLALPAN,2022,28,1,0,0,2022-28
DISTRITO,TULTEPEC,2022,28,3,2,0,2022-28
DISTRITO,TULTITLAN,2022,28,4,0,0,2022-28
DISTRITO,XOCHIMILCO,2022,28,2,0,0,2022-28
DISTRITO,TOL METEPEC,2022,28,4,0,0,2022-28
DISTRITO,TOL SAN CARLOS,2022,28,0,0,0,2022-28
DISTRITO,JUAREZ NORTE,2022,28,11,0,0,2022-28
DISTRITO,JUAREZ SUR,2022,28,6,6,1,2022-28
DISTRITO,CIUDAD OBREGON / NAVOJOA,2022,28,3,0,0,2022-28
DISTRITO,CULIACAN,2022,28,9,0,0,2022-28
DISTRITO,HERMOSILLO,2022,28,5,0,0,2022-28
DISTRITO,LA LAGUNA TORREON,2022,28,1,0,0,2022-28
DISTRITO,MAZATLAN,2022,28,1,0,0,2022-28
DISTRITO,MEXICALI,2022,28,5,0,1,2022-28
DISTRITO,MTY CARRETERA NACIONAL,2022,28,5,0,0,2022-28
DISTRITO,MTY CERRO DE LA SILLA,2022,28,3,0,1,2022-28
DISTRITO,MTY GARCIA,2022,28,3,0,0,2022-28
DISTRITO,MTY MITRAS,2022,28,3,0,0,2022-28
DISTRITO,MTY SANTA LUCIA,2022,28,0,0,0,2022-28
DISTRITO,MTY SENDERO DIVISORIO,2022,28,1,0,0,2022-28
DISTRITO,SAN LUIS POTOSI PONIENTE,2022,28,4,0,0,2022-28
DISTRITO,TIJ RIO,2022,28,10,1,0,2022-28
DISTRITO,TIJ TECATE,2022,28,11,1,1,2022-28
DISTRITO,AGUASCALIENTES,2022,28,13,0,0,2022-28
DISTRITO,GDL BARRANCA,2022,28,11,0,0,2022-28
DISTRITO,GDL CHAPULTEPEC,2022,28,2,0,0,2022-28
DISTRITO,GDL COLOMOS,2022,28,2,0,0,2022-28
DISTRITO,GDL EL TAPATIO,2022,28,3,0,0,2022-28
DISTRITO,GDL LA PRIMAVERA,2022,28,0,0,2,2022-28
DISTRITO,GDL LAZARO CARDENAS,2022,28,2,0,0,2022-28
DISTRITO,GDL LOPEZ MATEOS,2022,28,0,0,0,2022-28
DISTRITO,CERRO GORDO,2022,28,2,0,0,2022-28
DISTRITO,MORELIA,2022,28,3,0,0,2022-28
DISTRITO,PUERTO VALLARTA,2022,28,2,0,1,2022-28
DISTRITO,QUERETARO CORREGIDORA,2022,28,4,0,0,2022-28
DISTRITO,CANCUN,2022,28,3,0,1,2022-28
DISTRITO,CUERNAVACA DE CORTEZ,2022,28,2,0,0,2022-28
DISTRITO,MERIDA NORTE,2022,28,0,0,0,2022-28
DISTRITO,MERIDA SUR,2022,28,3,0,0,2022-28
DISTRITO,PUE LORETO,2022,28,5,0,1,2022-28
DISTRITO,TUXTLA,2022,28,3,0,0,2022-28
DISTRITO,VILLAHERMOSA,2022,28,6,0,0,2022-28
DISTRITO,AEROPUERTO,2022,29,2,0,0,2022-29
DISTRITO,ARAGON,2022,29,10,0,0,2022-29
DISTRITO,AZCAPOTZALCO,2022,29,4,0,0,2022-29
DISTRITO,CENTRO HISTORICO,2022,29,0,1,0,2022-29
DISTRITO,CHALCO,2022,29,2,0,0,2022-29
DISTRITO,COACALCO,2022,29,3,0,1,2022-29
DISTRITO,CONDESA,2022,29,2,0,0,2022-29
DISTRITO,CONSTITUCION,2022,29,9,0,2,2022-29
DISTRITO,ECATEPEC,2022,29,0,0,0,2022-29
DISTRITO,GUADALUPE TEPEYAC,2022,29,5,0,0,2022-29
DISTRITO,HUEHUETOCA,2022,29,3,0,0,2022-29
DISTRITO,LAS AGUILAS,2022,29,2,0,1,2022-29
DISTRITO,NAUCALPAN,2022,29,1,0,2,2022-29
DISTRITO,NEZA 2,2022,29,5,0,0,2022-29
DISTRITO,NICOLAS ROMERO,2022,29,2,0,0,2022-29
DISTRITO,OJO DE AGUA,2022,29,1,0,0,2022-29
DISTRITO,PEDREGAL,2022,29,3,5,0,2022-29
DISTRITO,POLANCO,2022,29,8,0,0,2022-29
DISTRITO,PORTALES,2022,29,12,0,0,2022-29
DISTRITO,SANTA FE,2022,29,2,0,0,2022-29
DISTRITO,TECAMAC,2022,29,2,0,1,2022-29
DISTRITO,TLALNEPANTLA,2022,29,0,0,2,2022-29
DISTRITO,TLALPAN,2022,29,0,0,0,2022-29
DISTRITO,TULTEPEC,2022,29,1,0,0,2022-29
DISTRITO,TULTITLAN,2022,29,6,0,0,2022-29
DISTRITO,XOCHIMILCO,2022,29,7,0,0,2022-29
DISTRITO,TOL LERMA SAN MATEO,2022,29,4,0,0,2022-29
DISTRITO,TOL METEPEC,2022,29,6,0,2,2022-29
DISTRITO,TOL SAN CARLOS,2022,29,8,0,3,2022-29
DISTRITO,CHIHUAHUA DEL RELIZ,2022,29,3,0,0,2022-29
DISTRITO,JUAREZ NORTE,2022,29,9,0,0,2022-29
DISTRITO,JUAREZ SUR,2022,29,2,0,0,2022-29
DISTRITO,CIUDAD OBREGON / NAVOJOA,2022,29,2,0,0,2022-29
DISTRITO,CIUDAD VICTORIA,2022,29,0,0,0,2022-29
DISTRITO,LA LAGUNA GOMEZ,2022,29,3,0,0,2022-29
DISTRITO,LA LAGUNA TORREON,2022,29,2,0,0,2022-29
DISTRITO,MATAMOROS,2022,29,2,0,1,2022-29
DISTRITO,MEXICALI,2022,29,2,0,0,2022-29
DISTRITO,MTY AEROPUERTO,2022,29,0,0,0,2022-29
DISTRITO,MTY CARRETERA NACIONAL,2022,29,10,0,0,2022-29
DISTRITO,MTY CERRO DE LA SILLA,2022,29,2,1,0,2022-29
DISTRITO,MTY GARCIA,2022,29,4,0,0,2022-29
DISTRITO,MTY SANTA LUCIA,2022,29,0,0,0,2022-29
DISTRITO,MTY SIERRA MADRE,2022,29,4,0,0,2022-29
DISTRITO,PIEDRAS NEGRAS / MONCLOVA,2022,29,1,0,0,2022-29
DISTRITO,REYNOSA,2022,29,1,0,0,2022-29
DISTRITO,SALTILLO,2022,29,10,1,0,2022-29
DISTRITO,SAN LUIS POTOSI ORIENTE,2022,29,4,0,0,2022-29
DISTRITO,SAN LUIS POTOSI PONIENTE,2022,29,5,0,0,2022-29
DISTRITO,TIJ PLAYAS,2022,29,0,0,0,2022-29
DISTRITO,TIJ TECATE,2022,29,1,0,0,2022-29
DISTRITO,AGUASCALIENTES,2022,29,4,0,0,2022-29
DISTRITO,CELAYA,2022,29,11,0,0,2022-29
DISTRITO,COLIMA / MANZANILLO,2022,29,3,0,0,2022-29
DISTRITO,GDL BARRANCA,2022,29,2,0,0,2022-29
DISTRITO,GDL CHAPULTEPEC,2022,29,4,0,0,2022-29
DISTRITO,GDL COLOMOS,2022,29,3,0,0,2022-29
DISTRITO,GDL EL TAPATIO,2022,29,4,0,0,2022-29
DISTRITO,GDL ESTADIO,2022,29,4,0,0,2022-29
DISTRITO,GDL LA PRIMAVERA,2022,29,0,0,0,2022-29
DISTRITO,GDL LAZARO CARDENAS,2022,29,3,0,0,2022-29
DISTRITO,GDL LOPEZ MATEOS,2022,29,1,0,0,2022-29
DISTRITO,GUANAJUATO,2022,29,1,0,3,2022-29
DISTRITO,IRAPUATO,2022,29,3,0,0,2022-29
DISTRITO,CERRO GORDO,2022,29,20,0,0,2022-29
DISTRITO,DELTA,2022,29,10,0,0,2022-29
DISTRITO,MORELIA,2022,29,3,0,0,2022-29
DISTRITO,PUERTO VALLARTA,2022,29,1,0,0,2022-29
DISTRITO,QUERETARO CORREGIDORA,2022,29,3,0,0,2022-29
DISTRITO,QUERETARO SANTIAGO,2022,29,5,0,0,2022-29
DISTRITO,ACAPULCO,2022,29,2,0,0,2022-29
DISTRITO,CANCUN,2022,29,11,0,0,2022-29
DISTRITO,COATZA / MINA,2022,29,2,0,0,2022-29
DISTRITO,CORDOBA / ORIZABA,2022,29,8,1,4,2022-29
DISTRITO,CUERNAVACA BUGAMBILIAS,2022,29,1,0,0,2022-29
DISTRITO,CUERNAVACA DE CORTEZ,2022,29,7,0,0,2022-29
DISTRITO,MERIDA NORTE,2022,29,3,0,0,2022-29
DISTRITO,MERIDA SUR,2022,29,3,0,1,2022-29
DISTRITO,PACHUCA,2022,29,7,0,6,2022-29
DISTRITO,POZA RICA,2022,29,5,0,0,2022-29
DISTRITO,PUE ANGELOPOLIS,2022,29,5,0,0,2022-29
DISTRITO,PUE LA NORIA,2022,29,5,0,0,2022-29
DISTRITO,PUE LORETO,2022,29,12,0,0,2022-29
DISTRITO,TUXTLA,2022,29,2,0,0,2022-29
DISTRITO,VERACRUZ,2022,29,12,0,0,2022-29
DISTRITO,XALAPA,2022,29,7,0,0,2022-29
