Nivel,NOMBRE,Year,SEMANA_REGISTRO,80-20,Actividades multiples,Armado de conectores Prepulidos,Armado de conectores RJ45,Como subir tu venta en FFM,Consumo de Materiales,De Técnico a experto en Servicio a Domicilio,Entrega de Servicios,Justificación de Materiales,Plan de Vida y Carrera,Proceso de instalación,Proceso de Instalación (Enfoque a Calidad),Productividad,Reincidencias y revisión de herramientas (impartido 06 de junio 2022),"Trayectoría, alturas y Flejados",Trayectorías,Venta Técnico,Ventas,Year_Semana
NACIONAL,NACIONAL,2022,19,1,0,4,0,0,0,1,0,0,0,1,1,1,0,1,0,0,0,2022-19
NACIONAL,NACIONAL,2022,20,0,0,5,1,0,0,0,0,0,1,2,2,2,0,3,1,7,0,2022-20
NACIONAL,NACIONAL,2022,21,0,0,4,1,1,1,0,0,1,0,3,1,0,0,0,1,4,1,2022-21
NACIONAL,NACIONAL,2022,22,0,0,6,1,0,0,0,0,0,0,3,4,6,0,1,1,5,0,2022-22
NACIONAL,NACIONAL,2022,23,0,2,4,0,0,1,0,0,0,0,3,2,0,1,2,0,12,0,2022-23
NACIONAL,NACIONAL,2022,24,0,0,0,0,0,1,0,0,0,1,1,2,0,0,0,0,5,0,2022-24
NACIONAL,NACIONAL,2022,25,0,0,11,0,0,2,6,0,1,1,2,7,2,0,3,1,10,0,2022-25
NACIONAL,NACIONAL,2022,26,0,0,4,0,0,0,0,0,0,0,1,2,0,0,1,0,0,0,2022-26
NACIONAL,NACIONAL,2022,27,0,1,5,0,0,1,2,0,0,0,3,3,0,0,1,4,4,0,2022-27
NACIONAL,NACIONAL,2022,28,0,0,4,0,0,0,0,0,0,0,0,3,0,0,3,0,0,0,2022-28
NACIONAL,NACIONAL,2022,29,0,0,8,0,0,2,0,0,1,0,2,1,2,0,1,1,10,0,2022-29
NACIONAL,NACIONAL,2022,30,0,0,1,0,0,3,1,0,0,0,4,4,1,0,0,0,0,0,2022-30
NACIONAL,NACIONAL,2022,31,1,0,2,0,0,2,0,0,0,0,3,3,1,0,2,0,1,0,2022-31
NACIONAL,NACIONAL,2022,32,0,0,2,1,0,0,0,0,1,0,0,3,0,0,0,1,1,0,2022-32
NACIONAL,NACIONAL,2022,33,0,0,4,0,0,0,0,0,0,0,1,1,0,0,0,1,1,0,2022-33
NACIONAL,NACIONAL,2022,34,0,0,0,0,0,0,0,0,0,0,0,5,2,0,1,0,1,0,2022-34
NACIONAL,NACIONAL,2022,35,0,0,0,0,0,0,1,0,0,0,1,3,2,0,0,0,2,0,2022-35
NACIONAL,NACIONAL,2022,36,0,1,6,0,0,0,0,0,0,0,2,0,0,0,3,0,2,0,2022-36
NACIONAL,NACIONAL,2022,37,1,0,7,0,0,0,0,0,0,0,2,1,1,0,2,0,2,0,2022-37
NACIONAL,NACIONAL,2022,38,0,0,1,0,0,2,1,0,0,0,5,5,0,0,0,0,3,0,2022-38
NACIONAL,NACIONAL,2022,39,0,0,1,0,0,0,0,0,0,0,3,1,1,0,2,0,4,0,2022-39
NACIONAL,NACIONAL,2022,40,0,0,6,0,0,0,1,0,0,0,1,1,2,0,3,0,6,0,2022-40
NACIONAL,NACIONAL,2022,41,0,0,3,0,0,1,0,0,0,0,1,1,2,0,0,0,2,0,2022-41
NACIONAL,NACIONAL,2022,42,0,0,2,0,0,0,0,0,0,0,1,1,1,0,1,0,1,0,2022-42
NACIONAL,NACIONAL,2022,43,0,0,8,0,0,0,0,0,0,2,1,3,3,0,1,0,1,0,2022-43
NACIONAL,NACIONAL,2022,44,0,0,2,0,0,0,0,0,0,0,2,2,1,0,1,0,4,0,2022-44
NACIONAL,NACIONAL,2022,45,0,1,6,0,0,1,0,0,0,0,0,3,3,0,1,0,2,0,2022-45
NACIONAL,NACIONAL,2022,46,0,0,5,0,0,0,0,0,0,0,0,2,1,0,0,0,1,0,2022-46
NACIONAL,NACIONAL,2022,47,0,0,0,0,0,2,0,0,0,0,0,0,4,0,1,0,2,0,2022-47
NACIONAL,NACIONAL,2022,48,0,0,4,0,0,0,0,1,0,0,1,1,2,0,0,0,1,0,2022-48
NACIONAL,NACIONAL,2022,49,0,0,0,1,0,0,0,0,0,0,0,5,0,0,0,0,2,0,2022-49
NACIONAL,NACIONAL,2022,50,0,1,2,0,1,0,0,0,0,0,0,1,0,0,0,0,0,0,2022-50
NACIONAL,NACIONAL,2022,51,0,1,2,0,2,0,1,0,0,0,2,9,0,0,0,0,0,0,2022-51
NACIONAL,NACIONAL,2022,52,0,0,3,0,3,0,2,0,0,0,2,3,0,0,0,0,0,0,2022-52
NACIONAL,NACIONAL,2023,0,0,0,1,1,0,0,0,0,0,0,2,0,0,0,0,0,0,0,2023-0
NACIONAL,NACIONAL,2023,1,0,0,0,0,0,0,0,0,0,0,0,1,0,0,0,0,0,0,2023-1
NACIONAL,NACIONAL,2023,2,0,0,8,0,0,0,1,0,0,0,4,2,0,0,1,0,0,0,2023-2
DIRECCION,CENTRO,2022,19,1,0,0,0,0,0,1,0,0,0,1,1,1,0,0,0,0,0,2022-19
DIRECCION,ORIENTE-SUR,2022,19,0,0,4,0,0,0,0,0,0,0,0,0,0,0,1,0,0,0,2022-19
DIRECCION,CENTRO,2022,20,0,0,1,0,0,0,0,0,0,0,1,0,1,0,1,0,5,0,2022-20
DIRECCION,NORTE-NORESTE,2022,20,0,0,0,0,0,0,0,0,0,1,0,0,0,0,0,1,1,0,2022-20
DIRECCION,OCCIDENTE-BAJIO,2022,20,0,0,0,0,0,0,0,0,0,0,0,1,0,0,0,0,1,0,2022-20
DIRECCION,ORIENTE-SUR,2022,20,0,0,4,1,0,0,0,0,0,0,1,1,1,0,2,0,0,0,2022-20
DIRECCION,CENTRO,2022,21,0,0,1,0,1,1,0,0,1,0,1,0,0,0,0,1,3,1,2022-21
DIRECCION,NORTE-NORESTE,2022,21,0,0,1,0,0,0,0,0,0,0,2,1,0,0,0,0,0,0,2022-21
DIRECCION,OCCIDENTE-BAJIO,2022,21,0,0,1,0,0,0,0,0,0,0,0,0,0,0,0,0,0,0,2022-21
DIRECCION,ORIENTE-SUR,2022,21,0,0,1,1,0,0,0,0,0,0,0,0,0,0,0,0,1,0,2022-21
DIRECCION,CENTRO,2022,22,0,0,3,1,0,0,0,0,0,0,0,4,4,0,1,1,4,0,2022-22
DIRECCION,NORTE-NORESTE,2022,22,0,0,3,0,0,0,0,0,0,0,0,0,0,0,0,0,0,0,2022-22
DIRECCION,OCCIDENTE-BAJIO,2022,22,0,0,0,0,0,0,0,0,0,0,1,0,1,0,0,0,0,0,2022-22
DIRECCION,ORIENTE-SUR,2022,22,0,0,0,0,0,0,0,0,0,0,2,0,1,0,0,0,1,0,2022-22
DIRECCION,CENTRO,2022,23,0,1,1,0,0,1,0,0,0,0,1,2,0,0,2,0,4,0,2022-23
DIRECCION,NORTE-NORESTE,2022,23,0,1,1,0,0,0,0,0,0,0,2,0,0,1,0,0,3,0,2022-23
DIRECCION,OCCIDENTE-BAJIO,2022,23,0,0,1,0,0,0,0,0,0,0,0,0,0,0,0,0,2,0,2022-23
DIRECCION,ORIENTE-SUR,2022,23,0,0,1,0,0,0,0,0,0,0,0,0,0,0,0,0,3,0,2022-23
DIRECCION,CENTRO,2022,24,0,0,0,0,0,1,0,0,0,1,0,1,0,0,0,0,3,0,2022-24
DIRECCION,NORTE-NORESTE,2022,24,0,0,0,0,0,0,0,0,0,0,1,0,0,0,0,0,2,0,2022-24
DIRECCION,ORIENTE-SUR,2022,24,0,0,0,0,0,0,0,0,0,0,0,1,0,0,0,0,0,0,2022-24
DIRECCION,CENTRO,2022,25,0,0,4,0,0,2,3,0,1,1,1,7,1,0,1,0,5,0,2022-25
DIRECCION,NORTE-NORESTE,2022,25,0,0,2,0,0,0,0,0,0,0,0,0,0,0,0,0,1,0,2022-25
DIRECCION,OCCIDENTE-BAJIO,2022,25,0,0,3,0,0,0,2,0,0,0,0,0,1,0,1,0,4,0,2022-25
DIRECCION,ORIENTE-SUR,2022,25,0,0,2,0,0,0,1,0,0,0,1,0,0,0,1,1,0,0,2022-25
DIRECCION,CENTRO,2022,26,0,0,1,0,0,0,0,0,0,0,0,0,0,0,0,0,0,0,2022-26
DIRECCION,NORTE-NORESTE,2022,26,0,0,3,0,0,0,0,0,0,0,1,0,0,0,1,0,0,0,2022-26
DIRECCION,OCCIDENTE-BAJIO,2022,26,0,0,0,0,0,0,0,0,0,0,0,1,0,0,0,0,0,0,2022-26
DIRECCION,ORIENTE-SUR,2022,26,0,0,0,0,0,0,0,0,0,0,0,1,0,0,0,0,0,0,2022-26
DIRECCION,CENTRO,2022,27,0,1,2,0,0,1,1,0,0,0,1,3,0,0,0,1,1,0,2022-27
DIRECCION,OCCIDENTE-BAJIO,2022,27,0,0,0,0,0,0,1,0,0,0,0,0,0,0,0,0,1,0,2022-27
DIRECCION,ORIENTE-SUR,2022,27,0,0,3,0,0,0,0,0,0,0,2,0,0,0,1,3,2,0,2022-27
DIRECCION,NORTE-NORESTE,2022,28,0,0,3,0,0,0,0,0,0,0,0,2,0,0,0,0,0,0,2022-28
DIRECCION,OCCIDENTE-BAJIO,2022,28,0,0,1,0,0,0,0,0,0,0,0,0,0,0,2,0,0,0,2022-28
DIRECCION,ORIENTE-SUR,2022,28,0,0,0,0,0,0,0,0,0,0,0,1,0,0,1,0,0,0,2022-28
DIRECCION,CENTRO,2022,29,0,0,2,0,0,2,0,0,1,0,2,0,1,0,1,1,4,0,2022-29
DIRECCION,NORTE-NORESTE,2022,29,0,0,1,0,0,0,0,0,0,0,0,0,0,0,0,0,0,0,2022-29
DIRECCION,OCCIDENTE-BAJIO,2022,29,0,0,1,0,0,0,0,0,0,0,0,0,1,0,0,0,1,0,2022-29
DIRECCION,ORIENTE-SUR,2022,29,0,0,4,0,0,0,0,0,0,0,0,1,0,0,0,0,5,0,2022-29
DIRECCION,CENTRO,2022,30,0,0,1,0,0,0,1,0,0,0,2,2,0,0,0,0,0,0,2022-30
DIRECCION,NORTE-NORESTE,2022,30,0,0,0,0,0,3,0,0,0,0,0,0,0,0,0,0,0,0,2022-30
DIRECCION,OCCIDENTE-BAJIO,2022,30,0,0,0,0,0,0,0,0,0,0,1,1,1,0,0,0,0,0,2022-30
DIRECCION,ORIENTE-SUR,2022,30,0,0,0,0,0,0,0,0,0,0,1,1,0,0,0,0,0,0,2022-30
DIRECCION,CENTRO,2022,31,0,0,1,0,0,1,0,0,0,0,2,1,0,0,2,0,0,0,2022-31
DIRECCION,NORTE-NORESTE,2022,31,0,0,0,0,0,1,0,0,0,0,0,1,0,0,0,0,1,0,2022-31
DIRECCION,OCCIDENTE-BAJIO,2022,31,0,0,0,0,0,0,0,0,0,0,0,0,0,0,0,0,0,0,2022-31
DIRECCION,ORIENTE-SUR,2022,31,1,0,1,0,0,0,0,0,0,0,1,1,1,0,0,0,0,0,2022-31
DIRECCION,CENTRO,2022,32,0,0,1,0,0,0,0,0,1,0,0,2,0,0,0,0,1,0,2022-32
DIRECCION,NORTE-NORESTE,2022,32,0,0,0,1,0,0,0,0,0,0,0,1,0,0,0,0,0,0,2022-32
DIRECCION,OCCIDENTE-BAJIO,2022,32,0,0,1,0,0,0,0,0,0,0,0,0,0,0,0,0,0,0,2022-32
DIRECCION,ORIENTE-SUR,2022,32,0,0,0,0,0,0,0,0,0,0,0,0,0,0,0,1,0,0,2022-32
DIRECCION,CENTRO,2022,33,0,0,0,0,0,0,0,0,0,0,0,1,0,0,0,1,1,0,2022-33
DIRECCION,NORTE-NORESTE,2022,33,0,0,2,0,0,0,0,0,0,0,0,0,0,0,0,0,0,0,2022-33
DIRECCION,OCCIDENTE-BAJIO,2022,33,0,0,0,0,0,0,0,0,0,0,1,0,0,0,0,0,0,0,2022-33
DIRECCION,ORIENTE-SUR,2022,33,0,0,2,0,0,0,0,0,0,0,0,0,0,0,0,0,0,0,2022-33
DIRECCION,CENTRO,2022,34,0,0,0,0,0,0,0,0,0,0,0,3,1,0,1,0,1,0,2022-34
DIRECCION,NORTE-NORESTE,2022,34,0,0,0,0,0,0,0,0,0,0,0,2,1,0,0,0,0,0,2022-34
DIRECCION,CENTRO,2022,35,0,0,0,0,0,0,1,0,0,0,0,2,2,0,0,0,2,0,2022-35
DIRECCION,NORTE-NORESTE,2022,35,0,0,0,0,0,0,0,0,0,0,1,0,0,0,0,0,0,0,2022-35
DIRECCION,ORIENTE-SUR,2022,35,0,0,0,0,0,0,0,0,0,0,0,1,0,0,0,0,0,0,2022-35
DIRECCION,CENTRO,2022,36,0,1,6,0,0,0,0,0,0,0,2,0,0,0,0,0,1,0,2022-36
DIRECCION,NORTE-NORESTE,2022,36,0,0,0,0,0,0,0,0,0,0,0,0,0,0,2,0,0,0,2022-36
DIRECCION,ORIENTE-SUR,2022,36,0,0,0,0,0,0,0,0,0,0,0,0,0,0,1,0,1,0,2022-36
DIRECCION,CENTRO,2022,37,0,0,5,0,0,0,0,0,0,0,2,1,1,0,1,0,1,0,2022-37
DIRECCION,NORTE-NORESTE,2022,37,1,0,1,0,0,0,0,0,0,0,0,0,0,0,0,0,0,0,2022-37
DIRECCION,OCCIDENTE-BAJIO,2022,37,0,0,0,0,0,0,0,0,0,0,0,0,0,0,0,0,1,0,2022-37
DIRECCION,ORIENTE-SUR,2022,37,0,0,1,0,0,0,0,0,0,0,0,0,0,0,1,0,0,0,2022-37
DIRECCION,CENTRO,2022,38,0,0,0,0,0,2,0,0,0,0,4,5,0,0,0,0,1,0,2022-38
DIRECCION,NORTE-NORESTE,2022,38,0,0,1,0,0,0,1,0,0,0,1,0,0,0,0,0,1,0,2022-38
DIRECCION,ORIENTE-SUR,2022,38,0,0,0,0,0,0,0,0,0,0,0,0,0,0,0,0,1,0,2022-38
DIRECCION,CENTRO,2022,39,0,0,0,0,0,0,0,0,0,0,2,0,1,0,2,0,1,0,2022-39
DIRECCION,NORTE-NORESTE,2022,39,0,0,0,0,0,0,0,0,0,0,0,0,0,0,0,0,1,0,2022-39
DIRECCION,ORIENTE-SUR,2022,39,0,0,1,0,0,0,0,0,0,0,1,1,0,0,0,0,2,0,2022-39
DIRECCION,CENTRO,2022,40,0,0,2,0,0,0,1,0,0,0,1,0,2,0,2,0,1,0,2022-40
DIRECCION,NORTE-NORESTE,2022,40,0,0,3,0,0,0,0,0,0,0,0,0,0,0,0,0,0,0,2022-40
DIRECCION,OCCIDENTE-BAJIO,2022,40,0,0,0,0,0,0,0,0,0,0,0,1,0,0,1,0,0,0,2022-40
DIRECCION,ORIENTE-SUR,2022,40,0,0,1,0,0,0,0,0,0,0,0,0,0,0,0,0,5,0,2022-40
DIRECCION,CENTRO,2022,41,0,0,2,0,0,1,0,0,0,0,0,1,2,0,0,0,1,0,2022-41
DIRECCION,NORTE-NORESTE,2022,41,0,0,0,0,0,0,0,0,0,0,1,0,0,0,0,0,0,0,2022-41
DIRECCION,ORIENTE-SUR,2022,41,0,0,1,0,0,0,0,0,0,0,0,0,0,0,0,0,1,0,2022-41
DIRECCION,CENTRO,2022,42,0,0,1,0,0,0,0,0,0,0,0,0,1,0,0,0,1,0,2022-42
DIRECCION,NORTE-NORESTE,2022,42,0,0,0,0,0,0,0,0,0,0,0,0,0,0,1,0,0,0,2022-42
DIRECCION,OCCIDENTE-BAJIO,2022,42,0,0,0,0,0,0,0,0,0,0,0,1,0,0,0,0,0,0,2022-42
DIRECCION,ORIENTE-SUR,2022,42,0,0,1,0,0,0,0,0,0,0,1,0,0,0,0,0,0,0,2022-42
DIRECCION,CENTRO,2022,43,0,0,0,0,0,0,0,0,0,1,1,1,3,0,0,0,1,0,2022-43
DIRECCION,NORTE-NORESTE,2022,43,0,0,5,0,0,0,0,0,0,0,0,1,0,0,1,0,0,0,2022-43
DIRECCION,OCCIDENTE-BAJIO,2022,43,0,0,0,0,0,0,0,0,0,1,0,0,0,0,0,0,0,0,2022-43
DIRECCION,ORIENTE-SUR,2022,43,0,0,3,0,0,0,0,0,0,0,0,1,0,0,0,0,0,0,2022-43
DIRECCION,CENTRO,2022,44,0,0,1,0,0,0,0,0,0,0,1,0,0,0,0,0,1,0,2022-44
DIRECCION,NORTE-NORESTE,2022,44,0,0,1,0,0,0,0,0,0,0,0,0,0,0,0,0,0,0,2022-44
DIRECCION,OCCIDENTE-BAJIO,2022,44,0,0,0,0,0,0,0,0,0,0,1,1,1,0,1,0,1,0,2022-44
DIRECCION,ORIENTE-SUR,2022,44,0,0,0,0,0,0,0,0,0,0,0,1,0,0,0,0,2,0,2022-44
DIRECCION,CENTRO,2022,45,0,0,3,0,0,1,0,0,0,0,0,3,1,0,0,0,0,0,2022-45
DIRECCION,NORTE-NORESTE,2022,45,0,1,3,0,0,0,0,0,0,0,0,0,0,0,0,0,0,0,2022-45
DIRECCION,OCCIDENTE-BAJIO,2022,45,0,0,0,0,0,0,0,0,0,0,0,0,0,0,1,0,2,0,2022-45
DIRECCION,ORIENTE-SUR,2022,45,0,0,0,0,0,0,0,0,0,0,0,0,2,0,0,0,0,0,2022-45
DIRECCION,CENTRO,2022,46,0,0,1,0,0,0,0,0,0,0,0,2,1,0,0,0,0,0,2022-46
DIRECCION,NORTE-NORESTE,2022,46,0,0,1,0,0,0,0,0,0,0,0,0,0,0,0,0,0,0,2022-46
DIRECCION,OCCIDENTE-BAJIO,2022,46,0,0,2,0,0,0,0,0,0,0,0,0,0,0,0,0,0,0,2022-46
DIRECCION,ORIENTE-SUR,2022,46,0,0,1,0,0,0,0,0,0,0,0,0,0,0,0,0,1,0,2022-46
DIRECCION,CENTRO,2022,47,0,0,0,0,0,1,0,0,0,0,0,0,4,0,1,0,2,0,2022-47
DIRECCION,ORIENTE-SUR,2022,47,0,0,0,0,0,1,0,0,0,0,0,0,0,0,0,0,0,0,2022-47
DIRECCION,CENTRO,2022,48,0,0,2,0,0,0,0,0,0,0,0,0,2,0,0,0,0,0,2022-48
DIRECCION,NORTE-NORESTE,2022,48,0,0,1,0,0,0,0,0,0,0,1,0,0,0,0,0,0,0,2022-48
DIRECCION,ORIENTE-SUR,2022,48,0,0,1,0,0,0,0,1,0,0,0,1,0,0,0,0,1,0,2022-48
DIRECCION,CENTRO,2022,49,0,0,0,0,0,0,0,0,0,0,0,2,0,0,0,0,1,0,2022-49
DIRECCION,NORTE-NORESTE,2022,49,0,0,0,0,0,0,0,0,0,0,0,2,0,0,0,0,0,0,2022-49
DIRECCION,OCCIDENTE-BAJIO,2022,49,0,0,0,0,0,0,0,0,0,0,0,1,0,0,0,0,1,0,2022-49
DIRECCION,ORIENTE-SUR,2022,49,0,0,0,1,0,0,0,0,0,0,0,0,0,0,0,0,0,0,2022-49
DIRECCION,CENTRO,2022,50,0,1,1,0,0,0,0,0,0,0,0,0,0,0,0,0,0,0,2022-50
DIRECCION,NORTE-NORESTE,2022,50,0,0,0,0,0,0,0,0,0,0,0,1,0,0,0,0,0,0,2022-50
DIRECCION,OCCIDENTE-BAJIO,2022,50,0,0,0,0,1,0,0,0,0,0,0,0,0,0,0,0,0,0,2022-50
DIRECCION,ORIENTE-SUR,2022,50,0,0,1,0,0,0,0,0,0,0,0,0,0,0,0,0,0,0,2022-50
DIRECCION,CENTRO,2022,51,0,0,0,0,2,0,1,0,0,0,2,6,0,0,0,0,0,0,2022-51
DIRECCION,NORTE-NORESTE,2022,51,0,0,2,0,0,0,0,0,0,0,0,1,0,0,0,0,0,0,2022-51
DIRECCION,OCCIDENTE-BAJIO,2022,51,0,1,0,0,0,0,0,0,0,0,0,1,0,0,0,0,0,0,2022-51
DIRECCION,ORIENTE-SUR,2022,51,0,0,0,0,0,0,0,0,0,0,0,1,0,0,0,0,0,0,2022-51
DIRECCION,CENTRO,2022,52,0,0,0,0,1,0,2,0,0,0,0,3,0,0,0,0,0,0,2022-52
DIRECCION,NORTE-NORESTE,2022,52,0,0,3,0,0,0,0,0,0,0,1,0,0,0,0,0,0,0,2022-52
DIRECCION,OCCIDENTE-BAJIO,2022,52,0,0,0,0,1,0,0,0,0,0,0,0,0,0,0,0,0,0,2022-52
DIRECCION,ORIENTE-SUR,2022,52,0,0,0,0,1,0,0,0,0,0,1,0,0,0,0,0,0,0,2022-52
DIRECCION,CENTRO,2023,0,0,0,1,0,0,0,0,0,0,0,2,0,0,0,0,0,0,0,2023-0
DIRECCION,OCCIDENTE-BAJIO,2023,0,0,0,0,1,0,0,0,0,0,0,0,0,0,0,0,0,0,0,2023-0
DIRECCION,ORIENTE-SUR,2023,1,0,0,0,0,0,0,0,0,0,0,0,1,0,0,0,0,0,0,2023-1
DIRECCION,CENTRO,2023,2,0,0,3,0,0,0,0,0,0,0,2,0,0,0,0,0,0,0,2023-2
DIRECCION,NORTE-NORESTE,2023,2,0,0,5,0,0,0,0,0,0,0,2,1,0,0,1,0,0,0,2023-2
DIRECCION,OCCIDENTE-BAJIO,2023,2,0,0,0,0,0,0,0,0,0,0,0,1,0,0,0,0,0,0,2023-2
DIRECCION,ORIENTE-SUR,2023,2,0,0,0,0,0,0,1,0,0,0,0,0,0,0,0,0,0,0,2023-2
PLAZA,CDMX,2022,19,1,0,0,0,0,0,1,0,0,0,1,1,1,0,0,0,0,0,2022-19
PLAZA,PACHUCA,2022,19,0,0,1,0,0,0,0,0,0,0,0,0,0,0,1,0,0,0,2022-19
PLAZA,PUEBLA,2022,19,0,0,1,0,0,0,0,0,0,0,0,0,0,0,0,0,0,0,2022-19
PLAZA,VERACRUZ,2022,19,0,0,2,0,0,0,0,0,0,0,0,0,0,0,0,0,0,0,2022-19
PLAZA,CDMX,2022,20,0,0,1,0,0,0,0,0,0,0,0,0,1,0,1,0,5,0,2022-20
PLAZA,TOLUCA,2022,20,0,0,0,0,0,0,0,0,0,0,1,0,0,0,0,0,0,0,2022-20
PLAZA,REYNOSA,2022,20,0,0,0,0,0,0,0,0,0,0,0,0,0,0,0,1,0,0,2022-20
PLAZA,SALTILLO,2022,20,0,0,0,0,0,0,0,0,0,1,0,0,0,0,0,0,1,0,2022-20
PLAZA,GUADALAJARA,2022,20,0,0,0,0,0,0,0,0,0,0,0,0,0,0,0,0,1,0,2022-20
PLAZA,QUERETARO,2022,20,0,0,0,0,0,0,0,0,0,0,0,1,0,0,0,0,0,0,2022-20
PLAZA,CORDOBA / ORIZABA,2022,20,0,0,1,1,0,0,0,0,0,0,0,0,0,0,0,0,0,0,2022-20
PLAZA,MERIDA,2022,20,0,0,0,0,0,0,0,0,0,0,1,1,0,0,0,0,0,0,2022-20
PLAZA,VERACRUZ,2022,20,0,0,3,0,0,0,0,0,0,0,0,0,1,0,2,0,0,0,2022-20
PLAZA,CDMX,2022,21,0,0,1,0,1,1,0,0,1,0,0,0,0,0,0,1,3,1,2022-21
PLAZA,TOLUCA,2022,21,0,0,0,0,0,0,0,0,0,0,1,0,0,0,0,0,0,0,2022-21
PLAZA,MONTERREY,2022,21,0,0,0,0,0,0,0,0,0,0,0,1,0,0,0,0,0,0,2022-21
PLAZA,SALTILLO,2022,21,0,0,0,0,0,0,0,0,0,0,2,0,0,0,0,0,0,0,2022-21
PLAZA,TIJUANA,2022,21,0,0,1,0,0,0,0,0,0,0,0,0,0,0,0,0,0,0,2022-21
PLAZA,GUADALAJARA,2022,21,0,0,1,0,0,0,0,0,0,0,0,0,0,0,0,0,0,0,2022-21
PLAZA,CORDOBA / ORIZABA,2022,21,0,0,1,0,0,0,0,0,0,0,0,0,0,0,0,0,0,0,2022-21
PLAZA,CUERNAVACA,2022,21,0,0,0,0,0,0,0,0,0,0,0,0,0,0,0,0,1,0,2022-21
PLAZA,PUEBLA,2022,21,0,0,0,1,0,0,0,0,0,0,0,0,0,0,0,0,0,0,2022-21
PLAZA,CDMX,2022,22,0,0,2,0,0,0,0,0,0,0,0,3,1,0,1,1,4,0,2022-22
PLAZA,TOLUCA,2022,22,0,0,1,1,0,0,0,0,0,0,0,1,3,0,0,0,0,0,2022-22
PLAZA,TAMPICO,2022,22,0,0,1,0,0,0,0,0,0,0,0,0,0,0,0,0,0,0,2022-22
PLAZA,TIJUANA,2022,22,0,0,2,0,0,0,0,0,0,0,0,0,0,0,0,0,0,0,2022-22
PLAZA,GUADALAJARA,2022,22,0,0,0,0,0,0,0,0,0,0,0,0,1,0,0,0,0,0,2022-22
PLAZA,QUERETARO,2022,22,0,0,0,0,0,0,0,0,0,0,1,0,0,0,0,0,0,0,2022-22
PLAZA,CUERNAVACA,2022,22,0,0,0,0,0,0,0,0,0,0,0,0,0,0,0,0,1,0,2022-22
PLAZA,VERACRUZ,2022,22,0,0,0,0,0,0,0,0,0,0,2,0,0,0,0,0,0,0,2022-22
PLAZA,XALAPA,2022,22,0,0,0,0,0,0,0,0,0,0,0,0,1,0,0,0,0,0,2022-22
PLAZA,CDMX,2022,23,0,1,1,0,0,1,0,0,0,0,0,2,0,0,2,0,4,0,2022-23
PLAZA,TOLUCA,2022,23,0,0,0,0,0,0,0,0,0,0,1,0,0,0,0,0,0,0,2022-23
PLAZA,CIUDAD JUAREZ,2022,23,0,0,0,0,0,0,0,0,0,0,1,0,0,0,0,0,0,0,2022-23
PLAZA,CIUDAD OBREGON / NAVOJOA,2022,23,0,0,0,0,0,0,0,0,0,0,0,0,0,0,0,0,3,0,2022-23
PLAZA,MONTERREY,2022,23,0,1,0,0,0,0,0,0,0,0,0,0,0,0,0,0,0,0,2022-23
PLAZA,TIJUANA,2022,23,0,0,1,0,0,0,0,0,0,0,1,0,0,1,0,0,0,0,2022-23
PLAZA,GUADALAJARA,2022,23,0,0,1,0,0,0,0,0,0,0,0,0,0,0,0,0,2,0,2022-23
PLAZA,CUERNAVACA,2022,23,0,0,0,0,0,0,0,0,0,0,0,0,0,0,0,0,2,0,2022-23
PLAZA,PUEBLA,2022,23,0,0,1,0,0,0,0,0,0,0,0,0,0,0,0,0,0,0,2022-23
PLAZA,VILLAHERMOSA,2022,23,0,0,0,0,0,0,0,0,0,0,0,0,0,0,0,0,1,0,2022-23
PLAZA,CDMX,2022,24,0,0,0,0,0,0,0,0,0,1,0,0,0,0,0,0,1,0,2022-24
PLAZA,TOLUCA,2022,24,0,0,0,0,0,1,0,0,0,0,0,1,0,0,0,0,2,0,2022-24
PLAZA,TIJUANA,2022,24,0,0,0,0,0,0,0,0,0,0,1,0,0,0,0,0,2,0,2022-24
PLAZA,MERIDA,2022,24,0,0,0,0,0,0,0,0,0,0,0,1,0,0,0,0,0,0,2022-24
PLAZA,CDMX,2022,25,0,0,2,0,0,2,0,0,1,1,1,2,0,0,1,0,5,0,2022-25
PLAZA,TOLUCA,2022,25,0,0,2,0,0,0,3,0,0,0,0,5,1,0,0,0,0,0,2022-25
PLAZA,HERMOSILLO,2022,25,0,0,0,0,0,0,0,0,0,0,0,0,0,0,0,0,1,0,2022-25
PLAZA,MATAMOROS,2022,25,0,0,1,0,0,0,0,0,0,0,0,0,0,0,0,0,0,0,2022-25
PLAZA,TIJUANA,2022,25,0,0,1,0,0,0,0,0,0,0,0,0,0,0,0,0,0,0,2022-25
PLAZA,GUADALAJARA,2022,25,0,0,2,0,0,0,2,0,0,0,0,0,0,0,1,0,0,0,2022-25
PLAZA,LEON,2022,25,0,0,0,0,0,0,0,0,0,0,0,0,1,0,0,0,0,0,2022-25
PLAZA,MORELIA,2022,25,0,0,0,0,0,0,0,0,0,0,0,0,0,0,0,0,4,0,2022-25
PLAZA,QUERETARO,2022,25,0,0,1,0,0,0,0,0,0,0,0,0,0,0,0,0,0,0,2022-25
PLAZA,MERIDA,2022,25,0,0,1,0,0,0,0,0,0,0,1,0,0,0,1,0,0,0,2022-25
PLAZA,PACHUCA,2022,25,0,0,0,0,0,0,1,0,0,0,0,0,0,0,0,1,0,0,2022-25
PLAZA,PUEBLA,2022,25,0,0,1,0,0,0,0,0,0,0,0,0,0,0,0,0,0,0,2022-25
PLAZA,CDMX,2022,26,0,0,1,0,0,0,0,0,0,0,0,0,0,0,0,0,0,0,2022-26
PLAZA,MONTERREY,2022,26,0,0,0,0,0,0,0,0,0,0,1,0,0,0,0,0,0,0,2022-26
PLAZA,TIJUANA,2022,26,0,0,3,0,0,0,0,0,0,0,0,0,0,0,1,0,0,0,2022-26
PLAZA,PUERTO VALLARTA,2022,26,0,0,0,0,0,0,0,0,0,0,0,1,0,0,0,0,0,0,2022-26
PLAZA,CUERNAVACA,2022,26,0,0,0,0,0,0,0,0,0,0,0,1,0,0,0,0,0,0,2022-26
PLAZA,CDMX,2022,27,0,0,2,0,0,1,0,0,0,0,0,1,0,0,0,1,1,0,2022-27
PLAZA,TOLUCA,2022,27,0,1,0,0,0,0,1,0,0,0,1,2,0,0,0,0,0,0,2022-27
PLAZA,GUADALAJARA,2022,27,0,0,0,0,0,0,0,0,0,0,0,0,0,0,0,0,1,0,2022-27
PLAZA,LEON,2022,27,0,0,0,0,0,0,1,0,0,0,0,0,0,0,0,0,0,0,2022-27
PLAZA,CUERNAVACA,2022,27,0,0,0,0,0,0,0,0,0,0,0,0,0,0,1,2,0,0,2022-27
PLAZA,MERIDA,2022,27,0,0,1,0,0,0,0,0,0,0,0,0,0,0,0,1,1,0,2022-27
PLAZA,PACHUCA,2022,27,0,0,1,0,0,0,0,0,0,0,0,0,0,0,0,0,1,0,2022-27
PLAZA,POZA RICA,2022,27,0,0,0,0,0,0,0,0,0,0,2,0,0,0,0,0,0,0,2022-27
PLAZA,VERACRUZ,2022,27,0,0,1,0,0,0,0,0,0,0,0,0,0,0,0,0,0,0,2022-27
PLAZA,CIUDAD JUAREZ,2022,28,0,0,0,0,0,0,0,0,0,0,0,1,0,0,0,0,0,0,2022-28
PLAZA,MEXICALI,2022,28,0,0,2,0,0,0,0,0,0,0,0,0,0,0,0,0,0,0,2022-28
PLAZA,MONTERREY,2022,28,0,0,0,0,0,0,0,0,0,0,0,1,0,0,0,0,0,0,2022-28
PLAZA,TIJUANA,2022,28,0,0,1,0,0,0,0,0,0,0,0,0,0,0,0,0,0,0,2022-28
PLAZA,GUADALAJARA,2022,28,0,0,0,0,0,0,0,0,0,0,0,0,0,0,2,0,0,0,2022-28
PLAZA,PUERTO VALLARTA,2022,28,0,0,1,0,0,0,0,0,0,0,0,0,0,0,0,0,0,0,2022-28
PLAZA,CANCUN,2022,28,0,0,0,0,0,0,0,0,0,0,0,1,0,0,0,0,0,0,2022-28
PLAZA,PUEBLA,2022,28,0,0,0,0,0,0,0,0,0,0,0,0,0,0,1,0,0,0,2022-28
PLAZA,CDMX,2022,29,0,0,1,0,0,2,0,0,1,0,2,0,0,0,0,0,3,0,2022-29
PLAZA,TOLUCA,2022,29,0,0,1,0,0,0,0,0,0,0,0,0,1,0,1,1,1,0,2022-29
PLAZA,MATAMOROS,2022,29,0,0,1,0,0,0,0,0,0,0,0,0,0,0,0,0,0,0,2022-29
PLAZA,GUANAJUATO,2022,29,0,0,1,0,0,0,0,0,0,0,0,0,1,0,0,0,1,0,2022-29
PLAZA,CORDOBA / ORIZABA,2022,29,0,0,0,0,0,0,0,0,0,0,0,0,0,0,0,0,4,0,2022-29
PLAZA,MERIDA,2022,29,0,0,0,0,0,0,0,0,0,0,0,0,0,0,0,0,1,0,2022-29
PLAZA,PACHUCA,2022,29,0,0,4,0,0,0,0,0,0,0,0,1,0,0,0,0,0,0,2022-29
PLAZA,CDMX,2022,30,0,0,1,0,0,0,1,0,0,0,0,2,0,0,0,0,0,0,2022-30
PLAZA,TOLUCA,2022,30,0,0,0,0,0,0,0,0,0,0,2,0,0,0,0,0,0,0,2022-30
PLAZA,MONTERREY,2022,30,0,0,0,0,0,3,0,0,0,0,0,0,0,0,0,0,0,0,2022-30
PLAZA,GUADALAJARA,2022,30,0,0,0,0,0,0,0,0,0,0,1,1,1,0,0,0,0,0,2022-30
PLAZA,VILLAHERMOSA,2022,30,0,0,0,0,0,0,0,0,0,0,1,1,0,0,0,0,0,0,2022-30
PLAZA,CDMX,2022,31,0,0,1,0,0,0,0,0,0,0,2,1,0,0,2,0,0,0,2022-31
PLAZA,TOLUCA,2022,31,0,0,0,0,0,1,0,0,0,0,0,0,0,0,0,0,0,0,2022-31
PLAZA,SALTILLO,2022,31,0,0,0,0,0,1,0,0,0,0,0,0,0,0,0,0,0,0,2022-31
PLAZA,TIJUANA,2022,31,0,0,0,0,0,0,0,0,0,0,0,1,0,0,0,0,1,0,2022-31
PLAZA,GUADALAJARA,2022,31,0,0,0,0,0,0,0,0,0,0,0,0,0,0,0,0,0,0,2022-31
PLAZA,MERIDA,2022,31,1,0,0,0,0,0,0,0,0,0,0,1,0,0,0,0,0,0,2022-31
PLAZA,PACHUCA,2022,31,0,0,0,0,0,0,0,0,0,0,1,0,0,0,0,0,0,0,2022-31
PLAZA,VERACRUZ,2022,31,0,0,1,0,0,0,0,0,0,0,0,0,1,0,0,0,0,0,2022-31
PLAZA,CDMX,2022,32,0,0,0,0,0,0,0,0,0,0,0,2,0,0,0,0,0,0,2022-32
PLAZA,TOLUCA,2022,32,0,0,1,0,0,0,0,0,1,0,0,0,0,0,0,0,1,0,2022-32
PLAZA,MEXICALI,2022,32,0,0,0,1,0,0,0,0,0,0,0,0,0,0,0,0,0,0,2022-32
PLAZA,TIJUANA,2022,32,0,0,0,0,0,0,0,0,0,0,0,1,0,0,0,0,0,0,2022-32
PLAZA,GUANAJUATO,2022,32,0,0,1,0,0,0,0,0,0,0,0,0,0,0,0,0,0,0,2022-32
PLAZA,PUEBLA,2022,32,0,0,0,0,0,0,0,0,0,0,0,0,0,0,0,1,0,0,2022-32
PLAZA,CDMX,2022,33,0,0,0,0,0,0,0,0,0,0,0,1,0,0,0,1,1,0,2022-33
PLAZA,CIUDAD OBREGON / NAVOJOA,2022,33,0,0,1,0,0,0,0,0,0,0,0,0,0,0,0,0,0,0,2022-33
PLAZA,MEXICALI,2022,33,0,0,1,0,0,0,0,0,0,0,0,0,0,0,0,0,0,0,2022-33
PLAZA,SALTILLO,2022,33,0,0,0,0,0,0,0,0,0,0,0,0,0,0,0,0,0,0,2022-33
PLAZA,IRAPUATO,2022,33,0,0,0,0,0,0,0,0,0,0,1,0,0,0,0,0,0,0,2022-33
PLAZA,PACHUCA,2022,33,0,0,2,0,0,0,0,0,0,0,0,0,0,0,0,0,0,0,2022-33
PLAZA,CDMX,2022,34,0,0,0,0,0,0,0,0,0,0,0,3,1,0,1,0,0,0,2022-34
PLAZA,TOLUCA,2022,34,0,0,0,0,0,0,0,0,0,0,0,0,0,0,0,0,1,0,2022-34
PLAZA,CHIHUAHUA,2022,34,0,0,0,0,0,0,0,0,0,0,0,2,0,0,0,0,0,0,2022-34
PLAZA,PIEDRAS NEGRAS / MONCLOVA,2022,34,0,0,0,0,0,0,0,0,0,0,0,0,1,0,0,0,0,0,2022-34
PLAZA,CDMX,2022,35,0,0,0,0,0,0,1,0,0,0,0,2,2,0,0,0,1,0,2022-35
PLAZA,TOLUCA,2022,35,0,0,0,0,0,0,0,0,0,0,0,0,0,0,0,0,1,0,2022-35
PLAZA,MEXICALI,2022,35,0,0,0,0,0,0,0,0,0,0,1,0,0,0,0,0,0,0,2022-35
PLAZA,VILLAHERMOSA,2022,35,0,0,0,0,0,0,0,0,0,0,0,1,0,0,0,0,0,0,2022-35
PLAZA,CDMX,2022,36,0,1,4,0,0,0,0,0,0,0,2,0,0,0,0,0,0,0,2022-36
PLAZA,TOLUCA,2022,36,0,0,2,0,0,0,0,0,0,0,0,0,0,0,0,0,1,0,2022-36
PLAZA,MEXICALI,2022,36,0,0,0,0,0,0,0,0,0,0,0,0,0,0,1,0,0,0,2022-36
PLAZA,TIJUANA,2022,36,0,0,0,0,0,0,0,0,0,0,0,0,0,0,1,0,0,0,2022-36
PLAZA,CUERNAVACA,2022,36,0,0,0,0,0,0,0,0,0,0,0,0,0,0,1,0,0,0,2022-36
PLAZA,PACHUCA,2022,36,0,0,0,0,0,0,0,0,0,0,0,0,0,0,0,0,1,0,2022-36
PLAZA,CDMX,2022,37,0,0,4,0,0,0,0,0,0,0,2,1,0,0,1,0,1,0,2022-37
PLAZA,TOLUCA,2022,37,0,0,1,0,0,0,0,0,0,0,0,0,1,0,0,0,0,0,2022-37
PLAZA,CULIACAN,2022,37,0,0,1,0,0,0,0,0,0,0,0,0,0,0,0,0,0,0,2022-37
PLAZA,SALTILLO,2022,37,1,0,0,0,0,0,0,0,0,0,0,0,0,0,0,0,0,0,2022-37
PLAZA,QUERETARO,2022,37,0,0,0,0,0,0,0,0,0,0,0,0,0,0,0,0,1,0,2022-37
PLAZA,CANCUN,2022,37,0,0,1,0,0,0,0,0,0,0,0,0,0,0,0,0,0,0,2022-37
PLAZA,CORDOBA / ORIZABA,2022,37,0,0,0,0,0,0,0,0,0,0,0,0,0,0,1,0,0,0,2022-37
PLAZA,CDMX,2022,38,0,0,0,0,0,2,0,0,0,0,4,5,0,0,0,0,1,0,2022-38
PLAZA,CHIHUAHUA,2022,38,0,0,0,0,0,0,0,0,0,0,1,0,0,0,0,0,0,0,2022-38
PLAZA,CULIACAN,2022,38,0,0,0,0,0,0,0,0,0,0,0,0,0,0,0,0,1,0,2022-38
PLAZA,SAN LUIS POTOSI,2022,38,0,0,1,0,0,0,1,0,0,0,0,0,0,0,0,0,0,0,2022-38
PLAZA,PACHUCA,2022,38,0,0,0,0,0,0,0,0,0,0,0,0,0,0,0,0,1,0,2022-38
PLAZA,CDMX,2022,39,0,0,0,0,0,0,0,0,0,0,2,0,1,0,2,0,0,0,2022-39
PLAZA,TOLUCA,2022,39,0,0,0,0,0,0,0,0,0,0,0,0,0,0,0,0,1,0,2022-39
PLAZA,CIUDAD VICTORIA,2022,39,0,0,0,0,0,0,0,0,0,0,0,0,0,0,0,0,1,0,2022-39
PLAZA,CORDOBA / ORIZABA,2022,39,0,0,0,0,0,0,0,0,0,0,0,0,0,0,0,0,2,0,2022-39
PLAZA,CUERNAVACA,2022,39,0,0,0,0,0,0,0,0,0,0,1,0,0,0,0,0,0,0,2022-39
PLAZA,POZA RICA,2022,39,0,0,0,0,0,0,0,0,0,0,0,1,0,0,0,0,0,0,2022-39
PLAZA,VERACRUZ,2022,39,0,0,1,0,0,0,0,0,0,0,0,0,0,0,0,0,0,0,2022-39
PLAZA,CDMX,2022,40,0,0,1,0,0,0,1,0,0,0,0,0,2,0,2,0,0,0,2022-40
PLAZA,TOLUCA,2022,40,0,0,1,0,0,0,0,0,0,0,1,0,0,0,0,0,1,0,2022-40
PLAZA,MAZATLAN,2022,40,0,0,2,0,0,0,0,0,0,0,0,0,0,0,0,0,0,0,2022-40
PLAZA,TIJUANA,2022,40,0,0,1,0,0,0,0,0,0,0,0,0,0,0,0,0,0,0,2022-40
PLAZA,COLIMA / MANZANILLO,2022,40,0,0,0,0,0,0,0,0,0,0,0,0,0,0,1,0,0,0,2022-40
PLAZA,GUADALAJARA,2022,40,0,0,0,0,0,0,0,0,0,0,0,1,0,0,0,0,0,0,2022-40
PLAZA,ACAPULCO,2022,40,0,0,0,0,0,0,0,0,0,0,0,0,0,0,0,0,1,0,2022-40
PLAZA,CORDOBA / ORIZABA,2022,40,0,0,0,0,0,0,0,0,0,0,0,0,0,0,0,0,2,0,2022-40
PLAZA,PACHUCA,2022,40,0,0,0,0,0,0,0,0,0,0,0,0,0,0,0,0,2,0,2022-40
PLAZA,PUEBLA,2022,40,0,0,1,0,0,0,0,0,0,0,0,0,0,0,0,0,0,0,2022-40
PLAZA,CDMX,2022,41,0,0,2,0,0,1,0,0,0,0,0,0,1,0,0,0,0,0,2022-41
PLAZA,TOLUCA,2022,41,0,0,0,0,0,0,0,0,0,0,0,1,1,0,0,0,1,0,2022-41
PLAZA,SAN LUIS POTOSI,2022,41,0,0,0,0,0,0,0,0,0,0,0,0,0,0,0,0,0,0,2022-41
PLAZA,TIJUANA,2022,41,0,0,0,0,0,0,0,0,0,0,1,0,0,0,0,0,0,0,2022-41
PLAZA,PACHUCA,2022,41,0,0,0,0,0,0,0,0,0,0,0,0,0,0,0,0,1,0,2022-41
PLAZA,PUEBLA,2022,41,0,0,1,0,0,0,0,0,0,0,0,0,0,0,0,0,0,0,2022-41
PLAZA,CDMX,2022,42,0,0,1,0,0,0,0,0,0,0,0,0,1,0,0,0,0,0,2022-42
PLAZA,TOLUCA,2022,42,0,0,0,0,0,0,0,0,0,0,0,0,0,0,0,0,1,0,2022-42
PLAZA,SAN LUIS POTOSI,2022,42,0,0,0,0,0,0,0,0,0,0,0,0,0,0,1,0,0,0,2022-42
PLAZA,CELAYA,2022,42,0,0,0,0,0,0,0,0,0,0,0,0,0,0,0,0,0,0,2022-42
PLAZA,LEON,2022,42,0,0,0,0,0,0,0,0,0,0,0,1,0,0,0,0,0,0,2022-42
PLAZA,PACHUCA,2022,42,0,0,0,0,0,0,0,0,0,0,1,0,0,0,0,0,0,0,2022-42
PLAZA,VERACRUZ,2022,42,0,0,1,0,0,0,0,0,0,0,0,0,0,0,0,0,0,0,2022-42
PLAZA,CDMX,2022,43,0,0,0,0,0,0,0,0,0,1,0,1,2,0,0,0,1,0,2022-43
PLAZA,TOLUCA,2022,43,0,0,0,0,0,0,0,0,0,0,1,0,1,0,0,0,0,0,2022-43
PLAZA,CHIHUAHUA,2022,43,0,0,3,0,0,0,0,0,0,0,0,0,0,0,0,0,0,0,2022-43
PLAZA,CULIACAN,2022,43,0,0,0,0,0,0,0,0,0,0,0,1,0,0,0,0,0,0,2022-43
PLAZA,MAZATLAN,2022,43,0,0,2,0,0,0,0,0,0,0,0,0,0,0,0,0,0,0,2022-43
PLAZA,TIJUANA,2022,43,0,0,0,0,0,0,0,0,0,0,0,0,0,0,1,0,0,0,2022-43
PLAZA,CELAYA,2022,43,0,0,0,0,0,0,0,0,0,0,0,0,0,0,0,0,0,0,2022-43
PLAZA,GUADALAJARA,2022,43,0,0,0,0,0,0,0,0,0,1,0,0,0,0,0,0,0,0,2022-43
PLAZA,MERIDA,2022,43,0,0,1,0,0,0,0,0,0,0,0,0,0,0,0,0,0,0,2022-43
PLAZA,POZA RICA,2022,43,0,0,0,0,0,0,0,0,0,0,0,1,0,0,0,0,0,0,2022-43
PLAZA,TUXTLA,2022,43,0,0,1,0,0,0,0,0,0,0,0,0,0,0,0,0,0,0,2022-43
PLAZA,XALAPA,2022,43,0,0,1,0,0,0,0,0,0,0,0,0,0,0,0,0,0,0,2022-43
PLAZA,CDMX,2022,44,0,0,1,0,0,0,0,0,0,0,0,0,0,0,0,0,0,0,2022-44
PLAZA,TOLUCA,2022,44,0,0,0,0,0,0,0,0,0,0,1,0,0,0,0,0,1,0,2022-44
PLAZA,TIJUANA,2022,44,0,0,1,0,0,0,0,0,0,0,0,0,0,0,0,0,0,0,2022-44
PLAZA,GUADALAJARA,2022,44,0,0,0,0,0,0,0,0,0,0,1,0,1,0,0,0,0,0,2022-44
PLAZA,LEON,2022,44,0,0,0,0,0,0,0,0,0,0,0,1,0,0,0,0,1,0,2022-44
PLAZA,QUERETARO,2022,44,0,0,0,0,0,0,0,0,0,0,0,0,0,0,1,0,0,0,2022-44
PLAZA,CORDOBA / ORIZABA,2022,44,0,0,0,0,0,0,0,0,0,0,0,1,0,0,0,0,0,0,2022-44
PLAZA,PACHUCA,2022,44,0,0,0,0,0,0,0,0,0,0,0,0,0,0,0,0,2,0,2022-44
PLAZA,CDMX,2022,45,0,0,3,0,0,1,0,0,0,0,0,3,0,0,0,0,0,0,2022-45
PLAZA,TOLUCA,2022,45,0,0,0,0,0,0,0,0,0,0,0,0,1,0,0,0,0,0,2022-45
PLAZA,MEXICALI,2022,45,0,0,2,0,0,0,0,0,0,0,0,0,0,0,0,0,0,0,2022-45
PLAZA,TIJUANA,2022,45,0,1,1,0,0,0,0,0,0,0,0,0,0,0,0,0,0,0,2022-45
PLAZA,COLIMA / MANZANILLO,2022,45,0,0,0,0,0,0,0,0,0,0,0,0,0,0,1,0,0,0,2022-45
PLAZA,GUADALAJARA,2022,45,0,0,0,0,0,0,0,0,0,0,0,0,0,0,0,0,2,0,2022-45
PLAZA,CANCUN,2022,45,0,0,0,0,0,0,0,0,0,0,0,0,1,0,0,0,0,0,2022-45
PLAZA,VERACRUZ,2022,45,0,0,0,0,0,0,0,0,0,0,0,0,1,0,0,0,0,0,2022-45
PLAZA,CDMX,2022,46,0,0,1,0,0,0,0,0,0,0,0,2,1,0,0,0,0,0,2022-46
PLAZA,SALTILLO,2022,46,0,0,1,0,0,0,0,0,0,0,0,0,0,0,0,0,0,0,2022-46
PLAZA,IRAPUATO,2022,46,0,0,2,0,0,0,0,0,0,0,0,0,0,0,0,0,0,0,2022-46
PLAZA,CANCUN,2022,46,0,0,1,0,0,0,0,0,0,0,0,0,0,0,0,0,0,0,2022-46
PLAZA,PACHUCA,2022,46,0,0,0,0,0,0,0,0,0,0,0,0,0,0,0,0,1,0,2022-46
PLAZA,CDMX,2022,47,0,0,0,0,0,1,0,0,0,0,0,0,3,0,0,0,2,0,2022-47
PLAZA,TOLUCA,2022,47,0,0,0,0,0,0,0,0,0,0,0,0,1,0,1,0,0,0,2022-47
PLAZA,CUERNAVACA,2022,47,0,0,0,0,0,1,0,0,0,0,0,0,0,0,0,0,0,0,2022-47
PLAZA,CDMX,2022,48,0,0,2,0,0,0,0,0,0,0,0,0,1,0,0,0,0,0,2022-48
PLAZA,TOLUCA,2022,48,0,0,0,0,0,0,0,0,0,0,0,0,1,0,0,0,0,0,2022-48
PLAZA,HERMOSILLO,2022,48,0,0,0,0,0,0,0,0,0,0,1,0,0,0,0,0,0,0,2022-48
PLAZA,MEXICALI,2022,48,0,0,1,0,0,0,0,0,0,0,0,0,0,0,0,0,0,0,2022-48
PLAZA,CORDOBA / ORIZABA,2022,48,0,0,0,0,0,0,0,0,0,0,0,1,0,0,0,0,0,0,2022-48
PLAZA,PACHUCA,2022,48,0,0,0,0,0,0,0,0,0,0,0,0,0,0,0,0,1,0,2022-48
PLAZA,PUEBLA,2022,48,0,0,1,0,0,0,0,1,0,0,0,0,0,0,0,0,0,0,2022-48
PLAZA,CDMX,2022,49,0,0,0,0,0,0,0,0,0,0,0,1,0,0,0,0,0,0,2022-49
PLAZA,TOLUCA,2022,49,0,0,0,0,0,0,0,0,0,0,0,1,0,0,0,0,1,0,2022-49
PLAZA,MONTERREY,2022,49,0,0,0,0,0,0,0,0,0,0,0,1,0,0,0,0,0,0,2022-49
PLAZA,SAN LUIS POTOSI,2022,49,0,0,0,0,0,0,0,0,0,0,0,1,0,0,0,0,0,0,2022-49
PLAZA,CELAYA,2022,49,0,0,0,0,0,0,0,0,0,0,0,1,0,0,0,0,0,0,2022-49
PLAZA,GUADALAJARA,2022,49,0,0,0,0,0,0,0,0,0,0,0,0,0,0,0,0,1,0,2022-49
PLAZA,CORDOBA / ORIZABA,2022,49,0,0,0,1,0,0,0,0,0,0,0,0,0,0,0,0,0,0,2022-49
PLAZA,PACHUCA,2022,49,0,0,0,0,0,0,0,0,0,0,0,0,0,0,0,0,0,0,2022-49
PLAZA,CDMX,2022,50,0,1,1,0,0,0,0,0,0,0,0,0,0,0,0,0,0,0,2022-50
PLAZA,MONTERREY,2022,50,0,0,0,0,0,0,0,0,0,0,0,1,0,0,0,0,0,0,2022-50
PLAZA,COLIMA / MANZANILLO,2022,50,0,0,0,0,1,0,0,0,0,0,0,0,0,0,0,0,0,0,2022-50
PLAZA,PUEBLA,2022,50,0,0,1,0,0,0,0,0,0,0,0,0,0,0,0,0,0,0,2022-50
PLAZA,CDMX,2022,51,0,0,0,0,2,0,1,0,0,0,2,5,0,0,0,0,0,0,2022-51
PLAZA,TOLUCA,2022,51,0,0,0,0,0,0,0,0,0,0,0,1,0,0,0,0,0,0,2022-51
PLAZA,MONTERREY,2022,51,0,0,0,0,0,0,0,0,0,0,0,1,0,0,0,0,0,0,2022-51
PLAZA,TIJUANA,2022,51,0,0,2,0,0,0,0,0,0,0,0,0,0,0,0,0,0,0,2022-51
PLAZA,CELAYA,2022,51,0,0,0,0,0,0,0,0,0,0,0,1,0,0,0,0,0,0,2022-51
PLAZA,COLIMA / MANZANILLO,2022,51,0,1,0,0,0,0,0,0,0,0,0,0,0,0,0,0,0,0,2022-51
PLAZA,POZA RICA,2022,51,0,0,0,0,0,0,0,0,0,0,0,1,0,0,0,0,0,0,2022-51
PLAZA,CDMX,2022,52,0,0,0,0,0,0,2,0,0,0,0,2,0,0,0,0,0,0,2022-52
PLAZA,TOLUCA,2022,52,0,0,0,0,1,0,0,0,0,0,0,1,0,0,0,0,0,0,2022-52
PLAZA,SAN LUIS POTOSI,2022,52,0,0,1,0,0,0,0,0,0,0,1,0,0,0,0,0,0,0,2022-52
PLAZA,TIJUANA,2022,52,0,0,2,0,0,0,0,0,0,0,0,0,0,0,0,0,0,0,2022-52
PLAZA,LEON,2022,52,0,0,0,0,1,0,0,0,0,0,0,0,0,0,0,0,0,0,2022-52
PLAZA,PACHUCA,2022,52,0,0,0,0,1,0,0,0,0,0,0,0,0,0,0,0,0,0,2022-52
PLAZA,VERACRUZ,2022,52,0,0,0,0,0,0,0,0,0,0,1,0,0,0,0,0,0,0,2022-52
PLAZA,CDMX,2023,0,0,0,0,0,0,0,0,0,0,0,2,0,0,0,0,0,0,0,2023-0
PLAZA,TOLUCA,2023,0,0,0,1,0,0,0,0,0,0,0,0,0,0,0,0,0,0,0,2023-0
PLAZA,GUADALAJARA,2023,0,0,0,0,1,0,0,0,0,0,0,0,0,0,0,0,0,0,0,2023-0
PLAZA,VERACRUZ,2023,1,0,0,0,0,0,0,0,0,0,0,0,1,0,0,0,0,0,0,2023-1
PLAZA,CDMX,2023,2,0,0,3,0,0,0,0,0,0,0,0,0,0,0,0,0,0,0,2023-2
PLAZA,TOLUCA,2023,2,0,0,0,0,0,0,0,0,0,0,2,0,0,0,0,0,0,0,2023-2
PLAZA,CIUDAD JUAREZ,2023,2,0,0,0,0,0,0,0,0,0,0,1,1,0,0,0,0,0,0,2023-2
PLAZA,MAZATLAN,2023,2,0,0,1,0,0,0,0,0,0,0,0,0,0,0,0,0,0,0,2023-2
PLAZA,MONTERREY,2023,2,0,0,1,0,0,0,0,0,0,0,0,0,0,0,0,0,0,0,2023-2
PLAZA,PIEDRAS NEGRAS / MONCLOVA,2023,2,0,0,0,0,0,0,0,0,0,0,1,0,0,0,0,0,0,0,2023-2
PLAZA,TAMPICO,2023,2,0,0,0,0,0,0,0,0,0,0,0,0,0,0,1,0,0,0,2023-2
PLAZA,TIJUANA,2023,2,0,0,3,0,0,0,0,0,0,0,0,0,0,0,0,0,0,0,2023-2
PLAZA,GUADALAJARA,2023,2,0,0,0,0,0,0,0,0,0,0,0,1,0,0,0,0,0,0,2023-2
PLAZA,PACHUCA,2023,2,0,0,0,0,0,0,1,0,0,0,0,0,0,0,0,0,0,0,2023-2
DISTRITO,AZCAPOTZALCO,2022,19,0,0,0,0,0,0,0,0,0,0,1,0,0,0,0,0,0,0,2022-19
DISTRITO,TLALPAN,2022,19,0,0,0,0,0,0,0,0,0,0,0,1,0,0,0,0,0,0,2022-19
DISTRITO,XOCHIMILCO,2022,19,1,0,0,0,0,0,1,0,0,0,0,0,1,0,0,0,0,0,2022-19
DISTRITO,PACHUCA,2022,19,0,0,1,0,0,0,0,0,0,0,0,0,0,0,1,0,0,0,2022-19
DISTRITO,PUE LORETO,2022,19,0,0,1,0,0,0,0,0,0,0,0,0,0,0,0,0,0,0,2022-19
DISTRITO,VERACRUZ,2022,19,0,0,2,0,0,0,0,0,0,0,0,0,0,0,0,0,0,0,2022-19
DISTRITO,AEROPUERTO,2022,20,0,0,0,0,0,0,0,0,0,0,0,0,0,0,1,0,0,0,2022-20
DISTRITO,ARAGON,2022,20,0,0,1,0,0,0,0,0,0,0,0,0,0,0,0,0,0,0,2022-20
DISTRITO,AZCAPOTZALCO,2022,20,0,0,0,0,0,0,0,0,0,0,0,0,0,0,0,0,1,0,2022-20
DISTRITO,CONSTITUCION,2022,20,0,0,0,0,0,0,0,0,0,0,0,0,0,0,0,0,2,0,2022-20
DISTRITO,NAUCALPAN,2022,20,0,0,0,0,0,0,0,0,0,0,0,0,0,0,0,0,2,0,2022-20
DISTRITO,TULTEPEC,2022,20,0,0,0,0,0,0,0,0,0,0,0,0,1,0,0,0,0,0,2022-20
DISTRITO,TOL SAN CARLOS,2022,20,0,0,0,0,0,0,0,0,0,0,1,0,0,0,0,0,0,0,2022-20
DISTRITO,REYNOSA,2022,20,0,0,0,0,0,0,0,0,0,0,0,0,0,0,0,1,0,0,2022-20
DISTRITO,SALTILLO,2022,20,0,0,0,0,0,0,0,0,0,1,0,0,0,0,0,0,1,0,2022-20
DISTRITO,GDL LA PRIMAVERA,2022,20,0,0,0,0,0,0,0,0,0,0,0,0,0,0,0,0,1,0,2022-20
DISTRITO,QUERETARO SANTIAGO,2022,20,0,0,0,0,0,0,0,0,0,0,0,1,0,0,0,0,0,0,2022-20
DISTRITO,CORDOBA / ORIZABA,2022,20,0,0,1,1,0,0,0,0,0,0,0,0,0,0,0,0,0,0,2022-20
DISTRITO,MERIDA NORTE,2022,20,0,0,0,0,0,0,0,0,0,0,1,0,0,0,0,0,0,0,2022-20
DISTRITO,MERIDA SUR,2022,20,0,0,0,0,0,0,0,0,0,0,0,1,0,0,0,0,0,0,2022-20
DISTRITO,VERACRUZ,2022,20,0,0,3,0,0,0,0,0,0,0,0,0,1,0,2,0,0,0,2022-20
DISTRITO,AZCAPOTZALCO,2022,21,0,0,0,0,0,0,0,0,0,0,0,0,0,0,0,0,1,1,2022-21
DISTRITO,CONSTITUCION,2022,21,0,0,1,0,0,0,0,0,0,0,0,0,0,0,0,0,0,0,2022-21
DISTRITO,NAUCALPAN,2022,21,0,0,0,0,0,0,0,0,0,0,0,0,0,0,0,0,1,0,2022-21
DISTRITO,PORTALES,2022,21,0,0,0,0,0,0,0,0,0,0,0,0,0,0,0,1,0,0,2022-21
DISTRITO,TLALNEPANTLA,2022,21,0,0,0,0,0,0,0,0,0,0,0,0,0,0,0,0,1,0,2022-21
DISTRITO,TULTEPEC,2022,21,0,0,0,0,1,0,0,0,0,0,0,0,0,0,0,0,0,0,2022-21
DISTRITO,XOCHIMILCO,2022,21,0,0,0,0,0,1,0,0,1,0,0,0,0,0,0,0,0,0,2022-21
DISTRITO,TOL SAN CARLOS,2022,21,0,0,0,0,0,0,0,0,0,0,1,0,0,0,0,0,0,0,2022-21
DISTRITO,MTY SIERRA MADRE,2022,21,0,0,0,0,0,0,0,0,0,0,0,1,0,0,0,0,0,0,2022-21
DISTRITO,SALTILLO,2022,21,0,0,0,0,0,0,0,0,0,0,2,0,0,0,0,0,0,0,2022-21
DISTRITO,TIJ RIO,2022,21,0,0,1,0,0,0,0,0,0,0,0,0,0,0,0,0,0,0,2022-21
DISTRITO,GDL COLOMOS,2022,21,0,0,1,0,0,0,0,0,0,0,0,0,0,0,0,0,0,0,2022-21
DISTRITO,CORDOBA / ORIZABA,2022,21,0,0,1,0,0,0,0,0,0,0,0,0,0,0,0,0,0,0,2022-21
DISTRITO,CUERNAVACA DE CORTEZ,2022,21,0,0,0,0,0,0,0,0,0,0,0,0,0,0,0,0,1,0,2022-21
DISTRITO,PUE LORETO,2022,21,0,0,0,1,0,0,0,0,0,0,0,0,0,0,0,0,0,0,2022-21
DISTRITO,AEROPUERTO,2022,22,0,0,0,0,0,0,0,0,0,0,0,0,0,0,1,1,0,0,2022-22
DISTRITO,CENTRO HISTORICO,2022,22,0,0,0,0,0,0,0,0,0,0,0,0,1,0,0,0,0,0,2022-22
DISTRITO,COACALCO,2022,22,0,0,2,0,0,0,0,0,0,0,0,2,0,0,0,0,0,0,2022-22
DISTRITO,NAUCALPAN,2022,22,0,0,0,0,0,0,0,0,0,0,0,0,0,0,0,0,1,0,2022-22
DISTRITO,TECAMAC,2022,22,0,0,0,0,0,0,0,0,0,0,0,1,0,0,0,0,0,0,2022-22
DISTRITO,TLALNEPANTLA,2022,22,0,0,0,0,0,0,0,0,0,0,0,0,0,0,0,0,3,0,2022-22
DISTRITO,TOL LERMA SAN MATEO,2022,22,0,0,0,0,0,0,0,0,0,0,0,1,0,0,0,0,0,0,2022-22
DISTRITO,TOL METEPEC,2022,22,0,0,1,1,0,0,0,0,0,0,0,0,3,0,0,0,0,0,2022-22
DISTRITO,TAMPICO,2022,22,0,0,1,0,0,0,0,0,0,0,0,0,0,0,0,0,0,0,2022-22
DISTRITO,TIJ TECATE,2022,22,0,0,2,0,0,0,0,0,0,0,0,0,0,0,0,0,0,0,2022-22
DISTRITO,GDL LA PRIMAVERA,2022,22,0,0,0,0,0,0,0,0,0,0,0,0,1,0,0,0,0,0,2022-22
DISTRITO,QUERETARO SANTIAGO,2022,22,0,0,0,0,0,0,0,0,0,0,1,0,0,0,0,0,0,0,2022-22
DISTRITO,CUERNAVACA DE CORTEZ,2022,22,0,0,0,0,0,0,0,0,0,0,0,0,0,0,0,0,1,0,2022-22
DISTRITO,VERACRUZ,2022,22,0,0,0,0,0,0,0,0,0,0,2,0,0,0,0,0,0,0,2022-22
DISTRITO,XALAPA,2022,22,0,0,0,0,0,0,0,0,0,0,0,0,1,0,0,0,0,0,2022-22
DISTRITO,CENTRO HISTORICO,2022,23,0,0,0,0,0,0,0,0,0,0,0,0,0,0,0,0,1,0,2022-23
DISTRITO,COACALCO,2022,23,0,0,1,0,0,0,0,0,0,0,0,0,0,0,0,0,0,0,2022-23
DISTRITO,CONSTITUCION,2022,23,0,0,0,0,0,0,0,0,0,0,0,0,0,0,0,0,1,0,2022-23
DISTRITO,NAUCALPAN,2022,23,0,0,0,0,0,1,0,0,0,0,0,0,0,0,0,0,2,0,2022-23
DISTRITO,PEDREGAL,2022,23,0,0,0,0,0,0,0,0,0,0,0,0,0,0,1,0,0,0,2022-23
DISTRITO,SATELITE,2022,23,0,1,0,0,0,0,0,0,0,0,0,0,0,0,0,0,0,0,2022-23
DISTRITO,TLALPAN,2022,23,0,0,0,0,0,0,0,0,0,0,0,1,0,0,0,0,0,0,2022-23
DISTRITO,TULTITLAN,2022,23,0,0,0,0,0,0,0,0,0,0,0,1,0,0,1,0,0,0,2022-23
DISTRITO,TOL METEPEC,2022,23,0,0,0,0,0,0,0,0,0,0,1,0,0,0,0,0,0,0,2022-23
DISTRITO,JUAREZ SUR,2022,23,0,0,0,0,0,0,0,0,0,0,1,0,0,0,0,0,0,0,2022-23
DISTRITO,CIUDAD OBREGON / NAVOJOA,2022,23,0,0,0,0,0,0,0,0,0,0,0,0,0,0,0,0,3,0,2022-23
DISTRITO,MTY SIERRA MADRE,2022,23,0,1,0,0,0,0,0,0,0,0,0,0,0,0,0,0,0,0,2022-23
DISTRITO,TIJ RIO,2022,23,0,0,1,0,0,0,0,0,0,0,0,0,0,1,0,0,0,0,2022-23
DISTRITO,TIJ TECATE,2022,23,0,0,0,0,0,0,0,0,0,0,1,0,0,0,0,0,0,0,2022-23
DISTRITO,GDL ESTADIO,2022,23,0,0,1,0,0,0,0,0,0,0,0,0,0,0,0,0,0,0,2022-23
DISTRITO,GDL LOPEZ MATEOS,2022,23,0,0,0,0,0,0,0,0,0,0,0,0,0,0,0,0,2,0,2022-23
DISTRITO,CUERNAVACA DE CORTEZ,2022,23,0,0,0,0,0,0,0,0,0,0,0,0,0,0,0,0,2,0,2022-23
DISTRITO,PUE ANGELOPOLIS,2022,23,0,0,1,0,0,0,0,0,0,0,0,0,0,0,0,0,0,0,2022-23
DISTRITO,VILLAHERMOSA,2022,23,0,0,0,0,0,0,0,0,0,0,0,0,0,0,0,0,1,0,2022-23
DISTRITO,AZCAPOTZALCO,2022,24,0,0,0,0,0,0,0,0,0,0,0,0,0,0,0,0,0,0,2022-24
DISTRITO,XOCHIMILCO,2022,24,0,0,0,0,0,0,0,0,0,1,0,0,0,0,0,0,1,0,2022-24
DISTRITO,TOL LERMA SAN MATEO,2022,24,0,0,0,0,0,1,0,0,0,0,0,0,0,0,0,0,2,0,2022-24
DISTRITO,TOL METEPEC,2022,24,0,0,0,0,0,0,0,0,0,0,0,1,0,0,0,0,0,0,2022-24
DISTRITO,TIJ RIO,2022,24,0,0,0,0,0,0,0,0,0,0,0,0,0,0,0,0,2,0,2022-24
DISTRITO,TIJ TECATE,2022,24,0,0,0,0,0,0,0,0,0,0,1,0,0,0,0,0,0,0,2022-24
DISTRITO,MERIDA NORTE,2022,24,0,0,0,0,0,0,0,0,0,0,0,1,0,0,0,0,0,0,2022-24
DISTRITO,CENTRO HISTORICO,2022,25,0,0,0,0,0,0,0,0,0,0,0,0,0,0,0,0,2,0,2022-25
DISTRITO,CONSTITUCION,2022,25,0,0,0,0,0,0,0,0,0,0,1,0,0,0,0,0,1,0,2022-25
DISTRITO,NAUCALPAN,2022,25,0,0,0,0,0,2,0,0,0,0,0,0,0,0,0,0,1,0,2022-25
DISTRITO,PEDREGAL,2022,25,0,0,0,0,0,0,0,0,0,0,0,0,0,0,1,0,0,0,2022-25
DISTRITO,SATELITE,2022,25,0,0,0,0,0,0,0,0,0,0,0,0,0,0,0,0,1,0,2022-25
DISTRITO,TECAMAC,2022,25,0,0,1,0,0,0,0,0,0,1,0,1,0,0,0,0,0,0,2022-25
DISTRITO,TLALNEPANTLA,2022,25,0,0,1,0,0,0,0,0,0,0,0,0,0,0,0,0,0,0,2022-25
DISTRITO,TLALPAN,2022,25,0,0,0,0,0,0,0,0,0,0,0,1,0,0,0,0,0,0,2022-25
DISTRITO,XOCHIMILCO,2022,25,0,0,0,0,0,0,0,0,1,0,0,0,0,0,0,0,0,0,2022-25
DISTRITO,TOL METEPEC,2022,25,0,0,2,0,0,0,3,0,0,0,0,1,0,0,0,0,0,0,2022-25
DISTRITO,TOL SAN CARLOS,2022,25,0,0,0,0,0,0,0,0,0,0,0,4,1,0,0,0,0,0,2022-25
DISTRITO,HERMOSILLO,2022,25,0,0,0,0,0,0,0,0,0,0,0,0,0,0,0,0,1,0,2022-25
DISTRITO,MATAMOROS,2022,25,0,0,1,0,0,0,0,0,0,0,0,0,0,0,0,0,0,0,2022-25
DISTRITO,TIJ TECATE,2022,25,0,0,1,0,0,0,0,0,0,0,0,0,0,0,0,0,0,0,2022-25
DISTRITO,GDL CHAPULTEPEC,2022,25,0,0,0,0,0,0,2,0,0,0,0,0,0,0,0,0,0,0,2022-25
DISTRITO,GDL ESTADIO,2022,25,0,0,2,0,0,0,0,0,0,0,0,0,0,0,0,0,0,0,2022-25
DISTRITO,GDL LA PRIMAVERA,2022,25,0,0,0,0,0,0,0,0,0,0,0,0,0,0,1,0,0,0,2022-25
DISTRITO,CERRO GORDO,2022,25,0,0,0,0,0,0,0,0,0,0,0,0,1,0,0,0,0,0,2022-25
DISTRITO,MORELIA,2022,25,0,0,0,0,0,0,0,0,0,0,0,0,0,0,0,0,4,0,2022-25
DISTRITO,QUERETARO SANTIAGO,2022,25,0,0,1,0,0,0,0,0,0,0,0,0,0,0,0,0,0,0,2022-25
DISTRITO,MERIDA NORTE,2022,25,0,0,1,0,0,0,0,0,0,0,1,0,0,0,1,0,0,0,2022-25
DISTRITO,PACHUCA,2022,25,0,0,0,0,0,0,1,0,0,0,0,0,0,0,0,1,0,0,2022-25
DISTRITO,PUE LA NORIA,2022,25,0,0,1,0,0,0,0,0,0,0,0,0,0,0,0,0,0,0,2022-25
DISTRITO,XOCHIMILCO,2022,26,0,0,1,0,0,0,0,0,0,0,0,0,0,0,0,0,0,0,2022-26
DISTRITO,MTY SIERRA MADRE,2022,26,0,0,0,0,0,0,0,0,0,0,1,0,0,0,0,0,0,0,2022-26
DISTRITO,TIJ RIO,2022,26,0,0,3,0,0,0,0,0,0,0,0,0,0,0,0,0,0,0,2022-26
DISTRITO,TIJ TECATE,2022,26,0,0,0,0,0,0,0,0,0,0,0,0,0,0,1,0,0,0,2022-26
DISTRITO,PUERTO VALLARTA,2022,26,0,0,0,0,0,0,0,0,0,0,0,1,0,0,0,0,0,0,2022-26
DISTRITO,CUERNAVACA DE CORTEZ,2022,26,0,0,0,0,0,0,0,0,0,0,0,1,0,0,0,0,0,0,2022-26
DISTRITO,AEROPUERTO,2022,27,0,0,1,0,0,0,0,0,0,0,0,0,0,0,0,0,0,0,2022-27
DISTRITO,ARAGON,2022,27,0,0,1,0,0,0,0,0,0,0,0,0,0,0,0,0,0,0,2022-27
DISTRITO,CONSTITUCION,2022,27,0,0,0,0,0,0,0,0,0,0,0,0,0,0,0,0,1,0,2022-27
DISTRITO,NAUCALPAN,2022,27,0,0,0,0,0,1,0,0,0,0,0,0,0,0,0,0,0,0,2022-27
DISTRITO,NEZA 2,2022,27,0,0,0,0,0,0,0,0,0,0,0,1,0,0,0,0,0,0,2022-27
DISTRITO,XOCHIMILCO,2022,27,0,0,0,0,0,0,0,0,0,0,0,0,0,0,0,1,0,0,2022-27
DISTRITO,TOL LERMA SAN MATEO,2022,27,0,0,0,0,0,0,0,0,0,0,1,1,0,0,0,0,0,0,2022-27
DISTRITO,TOL METEPEC,2022,27,0,1,0,0,0,0,1,0,0,0,0,1,0,0,0,0,0,0,2022-27
DISTRITO,GDL LOPEZ MATEOS,2022,27,0,0,0,0,0,0,0,0,0,0,0,0,0,0,0,0,1,0,2022-27
DISTRITO,CERRO GORDO,2022,27,0,0,0,0,0,0,1,0,0,0,0,0,0,0,0,0,0,0,2022-27
DISTRITO,CUERNAVACA BUGAMBILIAS,2022,27,0,0,0,0,0,0,0,0,0,0,0,0,0,0,0,2,0,0,2022-27
DISTRITO,CUERNAVACA DE CORTEZ,2022,27,0,0,0,0,0,0,0,0,0,0,0,0,0,0,1,0,0,0,2022-27
DISTRITO,MERIDA NORTE,2022,27,0,0,1,0,0,0,0,0,0,0,0,0,0,0,0,0,0,0,2022-27
DISTRITO,MERIDA SUR,2022,27,0,0,0,0,0,0,0,0,0,0,0,0,0,0,0,1,1,0,2022-27
DISTRITO,PACHUCA,2022,27,0,0,1,0,0,0,0,0,0,0,0,0,0,0,0,0,1,0,2022-27
DISTRITO,POZA RICA,2022,27,0,0,0,0,0,0,0,0,0,0,2,0,0,0,0,0,0,0,2022-27
DISTRITO,VERACRUZ,2022,27,0,0,1,0,0,0,0,0,0,0,0,0,0,0,0,0,0,0,2022-27
DISTRITO,JUAREZ SUR,2022,28,0,0,0,0,0,0,0,0,0,0,0,1,0,0,0,0,0,0,2022-28
DISTRITO,MEXICALI,2022,28,0,0,2,0,0,0,0,0,0,0,0,0,0,0,0,0,0,0,2022-28
DISTRITO,MTY CERRO DE LA SILLA,2022,28,0,0,0,0,0,0,0,0,0,0,0,1,0,0,0,0,0,0,2022-28
DISTRITO,TIJ TECATE,2022,28,0,0,1,0,0,0,0,0,0,0,0,0,0,0,0,0,0,0,2022-28
DISTRITO,GDL LA PRIMAVERA,2022,28,0,0,0,0,0,0,0,0,0,0,0,0,0,0,2,0,0,0,2022-28
DISTRITO,PUERTO VALLARTA,2022,28,0,0,1,0,0,0,0,0,0,0,0,0,0,0,0,0,0,0,2022-28
DISTRITO,CANCUN,2022,28,0,0,0,0,0,0,0,0,0,0,0,1,0,0,0,0,0,0,2022-28
DISTRITO,PUE LORETO,2022,28,0,0,0,0,0,0,0,0,0,0,0,0,0,0,1,0,0,0,2022-28
DISTRITO,COACALCO,2022,29,0,0,0,0,0,0,0,0,1,0,0,0,0,0,0,0,0,0,2022-29
DISTRITO,CONSTITUCION,2022,29,0,0,0,0,0,0,0,0,0,0,1,0,0,0,0,0,1,0,2022-29
DISTRITO,LAS AGUILAS,2022,29,0,0,1,0,0,0,0,0,0,0,0,0,0,0,0,0,0,0,2022-29
DISTRITO,NAUCALPAN,2022,29,0,0,0,0,0,0,0,0,0,0,0,0,0,0,0,0,2,0,2022-29
DISTRITO,TECAMAC,2022,29,0,0,0,0,0,0,0,0,0,0,1,0,0,0,0,0,0,0,2022-29
DISTRITO,TLALNEPANTLA,2022,29,0,0,0,0,0,2,0,0,0,0,0,0,0,0,0,0,0,0,2022-29
DISTRITO,TOL METEPEC,2022,29,0,0,0,0,0,0,0,0,0,0,0,0,0,0,1,1,0,0,2022-29
DISTRITO,TOL SAN CARLOS,2022,29,0,0,1,0,0,0,0,0,0,0,0,0,1,0,0,0,1,0,2022-29
DISTRITO,MATAMOROS,2022,29,0,0,1,0,0,0,0,0,0,0,0,0,0,0,0,0,0,0,2022-29
DISTRITO,GUANAJUATO,2022,29,0,0,1,0,0,0,0,0,0,0,0,0,1,0,0,0,1,0,2022-29
DISTRITO,CORDOBA / ORIZABA,2022,29,0,0,0,0,0,0,0,0,0,0,0,0,0,0,0,0,4,0,2022-29
DISTRITO,MERIDA SUR,2022,29,0,0,0,0,0,0,0,0,0,0,0,0,0,0,0,0,1,0,2022-29
DISTRITO,PACHUCA,2022,29,0,0,4,0,0,0,0,0,0,0,0,1,0,0,0,0,0,0,2022-29
DISTRITO,SATELITE,2022,30,0,0,0,0,0,0,1,0,0,0,0,0,0,0,0,0,0,0,2022-30
DISTRITO,TLALPAN,2022,30,0,0,0,0,0,0,0,0,0,0,0,1,0,0,0,0,0,0,2022-30
DISTRITO,TULTITLAN,2022,30,0,0,1,0,0,0,0,0,0,0,0,1,0,0,0,0,0,0,2022-30
DISTRITO,TOL SAN CARLOS,2022,30,0,0,0,0,0,0,0,0,0,0,2,0,0,0,0,0,0,0,2022-30
DISTRITO,MTY GARCIA,2022,30,0,0,0,0,0,3,0,0,0,0,0,0,0,0,0,0,0,0,2022-30
DISTRITO,GDL CHAPULTEPEC,2022,30,0,0,0,0,0,0,0,0,0,0,1,1,1,0,0,0,0,0,2022-30
DISTRITO,VILLAHERMOSA,2022,30,0,0,0,0,0,0,0,0,0,0,1,1,0,0,0,0,0,0,2022-30
DISTRITO,CENTRO HISTORICO,2022,31,0,0,0,0,0,0,0,0,0,0,0,0,0,0,1,0,0,0,2022-31
DISTRITO,CONSTITUCION,2022,31,0,0,0,0,0,0,0,0,0,0,2,0,0,0,0,0,0,0,2022-31
DISTRITO,PORTALES,2022,31,0,0,0,0,0,0,0,0,0,0,0,1,0,0,0,0,0,0,2022-31
DISTRITO,SANTA FE,2022,31,0,0,1,0,0,0,0,0,0,0,0,0,0,0,0,0,0,0,2022-31
DISTRITO,XOCHIMILCO,2022,31,0,0,0,0,0,0,0,0,0,0,0,0,0,0,1,0,0,0,2022-31
DISTRITO,TOL SAN CARLOS,2022,31,0,0,0,0,0,1,0,0,0,0,0,0,0,0,0,0,0,0,2022-31
DISTRITO,SALTILLO,2022,31,0,0,0,0,0,1,0,0,0,0,0,0,0,0,0,0,0,0,2022-31
DISTRITO,TIJ RIO,2022,31,0,0,0,0,0,0,0,0,0,0,0,1,0,0,0,0,1,0,2022-31
DISTRITO,GDL BARRANCA,2022,31,0,0,0,0,0,0,0,0,0,0,0,0,0,0,0,0,0,0,2022-31
DISTRITO,MERIDA NORTE,2022,31,1,0,0,0,0,0,0,0,0,0,0,0,0,0,0,0,0,0,2022-31
DISTRITO,MERIDA SUR,2022,31,0,0,0,0,0,0,0,0,0,0,0,1,0,0,0,0,0,0,2022-31
DISTRITO,PACHUCA,2022,31,0,0,0,0,0,0,0,0,0,0,1,0,0,0,0,0,0,0,2022-31
DISTRITO,VERACRUZ,2022,31,0,0,1,0,0,0,0,0,0,0,0,0,1,0,0,0,0,0,2022-31
DISTRITO,NEZA 2,2022,32,0,0,0,0,0,0,0,0,0,0,0,1,0,0,0,0,0,0,2022-32
DISTRITO,TULTITLAN,2022,32,0,0,0,0,0,0,0,0,0,0,0,1,0,0,0,0,0,0,2022-32
DISTRITO,TOL SAN CARLOS,2022,32,0,0,1,0,0,0,0,0,1,0,0,0,0,0,0,0,1,0,2022-32
DISTRITO,MEXICALI,2022,32,0,0,0,1,0,0,0,0,0,0,0,0,0,0,0,0,0,0,2022-32
DISTRITO,TIJ RIO,2022,32,0,0,0,0,0,0,0,0,0,0,0,1,0,0,0,0,0,0,2022-32
DISTRITO,GUANAJUATO,2022,32,0,0,1,0,0,0,0,0,0,0,0,0,0,0,0,0,0,0,2022-32
DISTRITO,PUE LA NORIA,2022,32,0,0,0,0,0,0,0,0,0,0,0,0,0,0,0,1,0,0,2022-32
DISTRITO,CHALCO,2022,33,0,0,0,0,0,0,0,0,0,0,0,0,0,0,0,0,0,0,2022-33
DISTRITO,CONSTITUCION,2022,33,0,0,0,0,0,0,0,0,0,0,0,0,0,0,0,0,1,0,2022-33
DISTRITO,HUEHUETOCA,2022,33,0,0,0,0,0,0,0,0,0,0,0,0,0,0,0,0,0,0,2022-33
DISTRITO,TECAMAC,2022,33,0,0,0,0,0,0,0,0,0,0,0,1,0,0,0,0,0,0,2022-33
DISTRITO,TULTITLAN,2022,33,0,0,0,0,0,0,0,0,0,0,0,0,0,0,0,1,0,0,2022-33
DISTRITO,CIUDAD OBREGON / NAVOJOA,2022,33,0,0,1,0,0,0,0,0,0,0,0,0,0,0,0,0,0,0,2022-33
DISTRITO,MEXICALI,2022,33,0,0,1,0,0,0,0,0,0,0,0,0,0,0,0,0,0,0,2022-33
DISTRITO,SALTILLO,2022,33,0,0,0,0,0,0,0,0,0,0,0,0,0,0,0,0,0,0,2022-33
DISTRITO,IRAPUATO,2022,33,0,0,0,0,0,0,0,0,0,0,1,0,0,0,0,0,0,0,2022-33
DISTRITO,PACHUCA,2022,33,0,0,2,0,0,0,0,0,0,0,0,0,0,0,0,0,0,0,2022-33
DISTRITO,CONSTITUCION,2022,34,0,0,0,0,0,0,0,0,0,0,0,1,0,0,1,0,0,0,2022-34
DISTRITO,TECAMAC,2022,34,0,0,0,0,0,0,0,0,0,0,0,1,0,0,0,0,0,0,2022-34
DISTRITO,TULTITLAN,2022,34,0,0,0,0,0,0,0,0,0,0,0,1,0,0,0,0,0,0,2022-34
DISTRITO,XOCHIMILCO,2022,34,0,0,0,0,0,0,0,0,0,0,0,0,1,0,0,0,0,0,2022-34
DISTRITO,TOL SAN CARLOS,2022,34,0,0,0,0,0,0,0,0,0,0,0,0,0,0,0,0,1,0,2022-34
DISTRITO,CHIHUAHUA CUMBRES,2022,34,0,0,0,0,0,0,0,0,0,0,0,2,0,0,0,0,0,0,2022-34
DISTRITO,PIEDRAS NEGRAS / MONCLOVA,2022,34,0,0,0,0,0,0,0,0,0,0,0,0,1,0,0,0,0,0,2022-34
DISTRITO,CHALCO,2022,35,0,0,0,0,0,0,1,0,0,0,0,0,0,0,0,0,0,0,2022-35
DISTRITO,ECATEPEC,2022,35,0,0,0,0,0,0,0,0,0,0,0,1,0,0,0,0,0,0,2022-35
DISTRITO,NAUCALPAN,2022,35,0,0,0,0,0,0,0,0,0,0,0,0,0,0,0,0,1,0,2022-35
DISTRITO,POLANCO,2022,35,0,0,0,0,0,0,0,0,0,0,0,1,0,0,0,0,0,0,2022-35
DISTRITO,TULTEPEC,2022,35,0,0,0,0,0,0,0,0,0,0,0,0,1,0,0,0,0,0,2022-35
DISTRITO,XOCHIMILCO,2022,35,0,0,0,0,0,0,0,0,0,0,0,0,1,0,0,0,0,0,2022-35
DISTRITO,TOL SAN CARLOS,2022,35,0,0,0,0,0,0,0,0,0,0,0,0,0,0,0,0,1,0,2022-35
DISTRITO,MEXICALI,2022,35,0,0,0,0,0,0,0,0,0,0,1,0,0,0,0,0,0,0,2022-35
DISTRITO,VILLAHERMOSA,2022,35,0,0,0,0,0,0,0,0,0,0,0,1,0,0,0,0,0,0,2022-35
DISTRITO,CONSTITUCION,2022,36,0,0,0,0,0,0,0,0,0,0,1,0,0,0,0,0,0,0,2022-36
DISTRITO,ECATEPEC,2022,36,0,0,1,0,0,0,0,0,0,0,0,0,0,0,0,0,0,0,2022-36
DISTRITO,SANTA FE,2022,36,0,0,0,0,0,0,0,0,0,0,0,0,0,0,0,0,0,0,2022-36
DISTRITO,SATELITE,2022,36,0,0,3,0,0,0,0,0,0,0,0,0,0,0,0,0,0,0,2022-36
DISTRITO,TLALPAN,2022,36,0,1,0,0,0,0,0,0,0,0,0,0,0,0,0,0,0,0,2022-36
DISTRITO,XOCHIMILCO,2022,36,0,0,0,0,0,0,0,0,0,0,1,0,0,0,0,0,0,0,2022-36
DISTRITO,TOL SAN CARLOS,2022,36,0,0,2,0,0,0,0,0,0,0,0,0,0,0,0,0,1,0,2022-36
DISTRITO,MEXICALI,2022,36,0,0,0,0,0,0,0,0,0,0,0,0,0,0,1,0,0,0,2022-36
DISTRITO,TIJ RIO,2022,36,0,0,0,0,0,0,0,0,0,0,0,0,0,0,1,0,0,0,2022-36
DISTRITO,CUERNAVACA DE CORTEZ,2022,36,0,0,0,0,0,0,0,0,0,0,0,0,0,0,1,0,0,0,2022-36
DISTRITO,PACHUCA,2022,36,0,0,0,0,0,0,0,0,0,0,0,0,0,0,0,0,1,0,2022-36
DISTRITO,CENTRO HISTORICO,2022,37,0,0,1,0,0,0,0,0,0,0,0,0,0,0,0,0,0,0,2022-37
DISTRITO,CONSTITUCION,2022,37,0,0,1,0,0,0,0,0,0,0,0,0,0,0,0,0,0,0,2022-37
DISTRITO,GUADALUPE TEPEYAC,2022,37,0,0,0,0,0,0,0,0,0,0,0,0,0,0,0,0,1,0,2022-37
DISTRITO,HUEHUETOCA,2022,37,0,0,1,0,0,0,0,0,0,0,0,0,0,0,0,0,0,0,2022-37
DISTRITO,NEZA 2,2022,37,0,0,0,0,0,0,0,0,0,0,1,0,0,0,0,0,0,0,2022-37
DISTRITO,SANTA FE,2022,37,0,0,1,0,0,0,0,0,0,0,0,0,0,0,0,0,0,0,2022-37
DISTRITO,TLALNEPANTLA,2022,37,0,0,0,0,0,0,0,0,0,0,0,1,0,0,0,0,0,0,2022-37
DISTRITO,XOCHIMILCO,2022,37,0,0,0,0,0,0,0,0,0,0,1,0,0,0,1,0,0,0,2022-37
DISTRITO,TOL LERMA SAN MATEO,2022,37,0,0,1,0,0,0,0,0,0,0,0,0,0,0,0,0,0,0,2022-37
DISTRITO,TOL SAN CARLOS,2022,37,0,0,0,0,0,0,0,0,0,0,0,0,1,0,0,0,0,0,2022-37
DISTRITO,CULIACAN,2022,37,0,0,1,0,0,0,0,0,0,0,0,0,0,0,0,0,0,0,2022-37
DISTRITO,SALTILLO,2022,37,1,0,0,0,0,0,0,0,0,0,0,0,0,0,0,0,0,0,2022-37
DISTRITO,QUERETARO SANTIAGO,2022,37,0,0,0,0,0,0,0,0,0,0,0,0,0,0,0,0,1,0,2022-37
DISTRITO,CANCUN,2022,37,0,0,1,0,0,0,0,0,0,0,0,0,0,0,0,0,0,0,2022-37
DISTRITO,CORDOBA / ORIZABA,2022,37,0,0,0,0,0,0,0,0,0,0,0,0,0,0,1,0,0,0,2022-37
DISTRITO,CENTRO HISTORICO,2022,38,0,0,0,0,0,0,0,0,0,0,1,0,0,0,0,0,0,0,2022-38
DISTRITO,IZTAPALAPA,2022,38,0,0,0,0,0,0,0,0,0,0,2,0,0,0,0,0,0,0,2022-38
DISTRITO,NEZA 2,2022,38,0,0,0,0,0,0,0,0,0,0,0,1,0,0,0,0,0,0,2022-38
DISTRITO,SANTA FE,2022,38,0,0,0,0,0,0,0,0,0,0,0,0,0,0,0,0,1,0,2022-38
DISTRITO,SATELITE,2022,38,0,0,0,0,0,0,0,0,0,0,1,0,0,0,0,0,0,0,2022-38
DISTRITO,TECAMAC,2022,38,0,0,0,0,0,0,0,0,0,0,0,3,0,0,0,0,0,0,2022-38
DISTRITO,TLALNEPANTLA,2022,38,0,0,0,0,0,2,0,0,0,0,0,0,0,0,0,0,0,0,2022-38
DISTRITO,TULTEPEC,2022,38,0,0,0,0,0,0,0,0,0,0,0,1,0,0,0,0,0,0,2022-38
DISTRITO,CHIHUAHUA DEL RELIZ,2022,38,0,0,0,0,0,0,0,0,0,0,1,0,0,0,0,0,0,0,2022-38
DISTRITO,CULIACAN,2022,38,0,0,0,0,0,0,0,0,0,0,0,0,0,0,0,0,1,0,2022-38
DISTRITO,SAN LUIS POTOSI ORIENTE,2022,38,0,0,1,0,0,0,0,0,0,0,0,0,0,0,0,0,0,0,2022-38
DISTRITO,SAN LUIS POTOSI PONIENTE,2022,38,0,0,0,0,0,0,1,0,0,0,0,0,0,0,0,0,0,0,2022-38
DISTRITO,PACHUCA,2022,38,0,0,0,0,0,0,0,0,0,0,0,0,0,0,0,0,1,0,2022-38
DISTRITO,IZTAPALAPA,2022,39,0,0,0,0,0,0,0,0,0,0,0,0,0,0,1,0,0,0,2022-39
DISTRITO,SANTA FE,2022,39,0,0,0,0,0,0,0,0,0,0,0,0,0,0,1,0,0,0,2022-39
DISTRITO,TULTEPEC,2022,39,0,0,0,0,0,0,0,0,0,0,0,0,1,0,0,0,0,0,2022-39
DISTRITO,TULTITLAN,2022,39,0,0,0,0,0,0,0,0,0,0,1,0,0,0,0,0,0,0,2022-39
DISTRITO,XOCHIMILCO,2022,39,0,0,0,0,0,0,0,0,0,0,1,0,0,0,0,0,0,0,2022-39
DISTRITO,TOL SAN CARLOS,2022,39,0,0,0,0,0,0,0,0,0,0,0,0,0,0,0,0,1,0,2022-39
DISTRITO,CIUDAD VICTORIA,2022,39,0,0,0,0,0,0,0,0,0,0,0,0,0,0,0,0,1,0,2022-39
DISTRITO,CORDOBA / ORIZABA,2022,39,0,0,0,0,0,0,0,0,0,0,0,0,0,0,0,0,2,0,2022-39
DISTRITO,CUERNAVACA DE CORTEZ,2022,39,0,0,0,0,0,0,0,0,0,0,1,0,0,0,0,0,0,0,2022-39
DISTRITO,POZA RICA,2022,39,0,0,0,0,0,0,0,0,0,0,0,1,0,0,0,0,0,0,2022-39
DISTRITO,VERACRUZ,2022,39,0,0,1,0,0,0,0,0,0,0,0,0,0,0,0,0,0,0,2022-39
DISTRITO,CONDESA,2022,40,0,0,0,0,0,0,0,0,0,0,0,0,1,0,0,0,0,0,2022-40
DISTRITO,SANTA FE,2022,40,0,0,0,0,0,0,0,0,0,0,0,0,0,0,1,0,0,0,2022-40
DISTRITO,TULTEPEC,2022,40,0,0,1,0,0,0,0,0,0,0,0,0,0,0,0,0,0,0,2022-40
DISTRITO,TULTITLAN,2022,40,0,0,0,0,0,0,0,0,0,0,0,0,1,0,0,0,0,0,2022-40
DISTRITO,XOCHIMILCO,2022,40,0,0,0,0,0,0,1,0,0,0,0,0,0,0,1,0,0,0,2022-40
DISTRITO,TOL METEPEC,2022,40,0,0,1,0,0,0,0,0,0,0,1,0,0,0,0,0,0,0,2022-40
DISTRITO,TOL SAN CARLOS,2022,40,0,0,0,0,0,0,0,0,0,0,0,0,0,0,0,0,1,0,2022-40
DISTRITO,MAZATLAN,2022,40,0,0,2,0,0,0,0,0,0,0,0,0,0,0,0,0,0,0,2022-40
DISTRITO,TIJ RIO,2022,40,0,0,1,0,0,0,0,0,0,0,0,0,0,0,0,0,0,0,2022-40
DISTRITO,COLIMA / MANZANILLO,2022,40,0,0,0,0,0,0,0,0,0,0,0,0,0,0,1,0,0,0,2022-40
DISTRITO,GDL EL TAPATIO,2022,40,0,0,0,0,0,0,0,0,0,0,0,1,0,0,0,0,0,0,2022-40
DISTRITO,ACAPULCO,2022,40,0,0,0,0,0,0,0,0,0,0,0,0,0,0,0,0,1,0,2022-40
DISTRITO,CORDOBA / ORIZABA,2022,40,0,0,0,0,0,0,0,0,0,0,0,0,0,0,0,0,2,0,2022-40
DISTRITO,PACHUCA,2022,40,0,0,0,0,0,0,0,0,0,0,0,0,0,0,0,0,2,0,2022-40
DISTRITO,PUE LA NORIA,2022,40,0,0,1,0,0,0,0,0,0,0,0,0,0,0,0,0,0,0,2022-40
DISTRITO,NEZA 2,2022,41,0,0,1,0,0,0,0,0,0,0,0,0,0,0,0,0,0,0,2022-41
DISTRITO,SATELITE,2022,41,0,0,1,0,0,0,0,0,0,0,0,0,0,0,0,0,0,0,2022-41
DISTRITO,TULTEPEC,2022,41,0,0,0,0,0,0,0,0,0,0,0,0,1,0,0,0,0,0,2022-41
DISTRITO,XOCHIMILCO,2022,41,0,0,0,0,0,1,0,0,0,0,0,0,0,0,0,0,0,0,2022-41
DISTRITO,TOL LERMA SAN MATEO,2022,41,0,0,0,0,0,0,0,0,0,0,0,0,1,0,0,0,0,0,2022-41
DISTRITO,TOL METEPEC,2022,41,0,0,0,0,0,0,0,0,0,0,0,1,0,0,0,0,0,0,2022-41
DISTRITO,TOL SAN CARLOS,2022,41,0,0,0,0,0,0,0,0,0,0,0,0,0,0,0,0,1,0,2022-41
DISTRITO,SAN LUIS POTOSI ORIENTE,2022,41,0,0,0,0,0,0,0,0,0,0,0,0,0,0,0,0,0,0,2022-41
DISTRITO,TIJ RIO,2022,41,0,0,0,0,0,0,0,0,0,0,1,0,0,0,0,0,0,0,2022-41
DISTRITO,PACHUCA,2022,41,0,0,0,0,0,0,0,0,0,0,0,0,0,0,0,0,1,0,2022-41
DISTRITO,PUE LA NORIA,2022,41,0,0,1,0,0,0,0,0,0,0,0,0,0,0,0,0,0,0,2022-41
DISTRITO,TECAMAC,2022,42,0,0,0,0,0,0,0,0,0,0,0,0,1,0,0,0,0,0,2022-42
DISTRITO,TULTEPEC,2022,42,0,0,1,0,0,0,0,0,0,0,0,0,0,0,0,0,0,0,2022-42
DISTRITO,TOL SAN CARLOS,2022,42,0,0,0,0,0,0,0,0,0,0,0,0,0,0,0,0,1,0,2022-42
DISTRITO,SAN LUIS POTOSI PONIENTE,2022,42,0,0,0,0,0,0,0,0,0,0,0,0,0,0,1,0,0,0,2022-42
DISTRITO,CELAYA,2022,42,0,0,0,0,0,0,0,0,0,0,0,0,0,0,0,0,0,0,2022-42
DISTRITO,DELTA,2022,42,0,0,0,0,0,0,0,0,0,0,0,1,0,0,0,0,0,0,2022-42
DISTRITO,PACHUCA,2022,42,0,0,0,0,0,0,0,0,0,0,1,0,0,0,0,0,0,0,2022-42
DISTRITO,VERACRUZ,2022,42,0,0,1,0,0,0,0,0,0,0,0,0,0,0,0,0,0,0,2022-42
DISTRITO,AZCAPOTZALCO,2022,43,0,0,0,0,0,0,0,0,0,0,0,0,0,0,0,0,0,0,2022-43
DISTRITO,CHALCO,2022,43,0,0,0,0,0,0,0,0,0,1,0,0,0,0,0,0,0,0,2022-43
DISTRITO,SANTA FE,2022,43,0,0,0,0,0,0,0,0,0,0,0,1,0,0,0,0,0,0,2022-43
DISTRITO,TECAMAC,2022,43,0,0,0,0,0,0,0,0,0,0,0,0,2,0,0,0,0,0,2022-43
DISTRITO,XOCHIMILCO,2022,43,0,0,0,0,0,0,0,0,0,0,0,0,0,0,0,0,1,0,2022-43
DISTRITO,TOL LERMA SAN MATEO,2022,43,0,0,0,0,0,0,0,0,0,0,1,0,0,0,0,0,0,0,2022-43
DISTRITO,TOL SAN CARLOS,2022,43,0,0,0,0,0,0,0,0,0,0,0,0,1,0,0,0,0,0,2022-43
DISTRITO,CHIHUAHUA CUMBRES,2022,43,0,0,3,0,0,0,0,0,0,0,0,0,0,0,0,0,0,0,2022-43
DISTRITO,CULIACAN,2022,43,0,0,0,0,0,0,0,0,0,0,0,1,0,0,0,0,0,0,2022-43
DISTRITO,MAZATLAN,2022,43,0,0,2,0,0,0,0,0,0,0,0,0,0,0,0,0,0,0,2022-43
DISTRITO,TIJ RIO,2022,43,0,0,0,0,0,0,0,0,0,0,0,0,0,0,1,0,0,0,2022-43
DISTRITO,CELAYA,2022,43,0,0,0,0,0,0,0,0,0,0,0,0,0,0,0,0,0,0,2022-43
DISTRITO,GDL LOPEZ MATEOS,2022,43,0,0,0,0,0,0,0,0,0,1,0,0,0,0,0,0,0,0,2022-43
DISTRITO,MERIDA SUR,2022,43,0,0,1,0,0,0,0,0,0,0,0,0,0,0,0,0,0,0,2022-43
DISTRITO,POZA RICA,2022,43,0,0,0,0,0,0,0,0,0,0,0,1,0,0,0,0,0,0,2022-43
DISTRITO,TUXTLA,2022,43,0,0,1,0,0,0,0,0,0,0,0,0,0,0,0,0,0,0,2022-43
DISTRITO,XALAPA,2022,43,0,0,1,0,0,0,0,0,0,0,0,0,0,0,0,0,0,0,2022-43
DISTRITO,CENTRO HISTORICO,2022,44,0,0,1,0,0,0,0,0,0,0,0,0,0,0,0,0,0,0,2022-44
DISTRITO,TOL LERMA SAN MATEO,2022,44,0,0,0,0,0,0,0,0,0,0,1,0,0,0,0,0,0,0,2022-44
DISTRITO,TOL SAN CARLOS,2022,44,0,0,0,0,0,0,0,0,0,0,0,0,0,0,0,0,1,0,2022-44
DISTRITO,TIJ RIO,2022,44,0,0,1,0,0,0,0,0,0,0,0,0,0,0,0,0,0,0,2022-44
DISTRITO,GDL ESTADIO,2022,44,0,0,0,0,0,0,0,0,0,0,1,0,1,0,0,0,0,0,2022-44
DISTRITO,CERRO GORDO,2022,44,0,0,0,0,0,0,0,0,0,0,0,1,0,0,0,0,1,0,2022-44
DISTRITO,QUERETARO CORREGIDORA,2022,44,0,0,0,0,0,0,0,0,0,0,0,0,0,0,1,0,0,0,2022-44
DISTRITO,CORDOBA / ORIZABA,2022,44,0,0,0,0,0,0,0,0,0,0,0,1,0,0,0,0,0,0,2022-44
DISTRITO,PACHUCA,2022,44,0,0,0,0,0,0,0,0,0,0,0,0,0,0,0,0,2,0,2022-44
DISTRITO,CENTRO HISTORICO,2022,45,0,0,2,0,0,0,0,0,0,0,0,0,0,0,0,0,0,0,2022-45
DISTRITO,SANTA FE,2022,45,0,0,0,0,0,0,0,0,0,0,0,2,0,0,0,0,0,0,2022-45
DISTRITO,TEXCOCO,2022,45,0,0,1,0,0,0,0,0,0,0,0,0,0,0,0,0,0,0,2022-45
DISTRITO,TLALPAN,2022,45,0,0,0,0,0,1,0,0,0,0,0,1,0,0,0,0,0,0,2022-45
DISTRITO,TOL SAN CARLOS,2022,45,0,0,0,0,0,0,0,0,0,0,0,0,1,0,0,0,0,0,2022-45
DISTRITO,MEXICALI,2022,45,0,0,2,0,0,0,0,0,0,0,0,0,0,0,0,0,0,0,2022-45
DISTRITO,TIJ RIO,2022,45,0,1,1,0,0,0,0,0,0,0,0,0,0,0,0,0,0,0,2022-45
DISTRITO,COLIMA / MANZANILLO,2022,45,0,0,0,0,0,0,0,0,0,0,0,0,0,0,1,0,0,0,2022-45
DISTRITO,GDL CHAPULTEPEC,2022,45,0,0,0,0,0,0,0,0,0,0,0,0,0,0,0,0,2,0,2022-45
DISTRITO,CANCUN,2022,45,0,0,0,0,0,0,0,0,0,0,0,0,1,0,0,0,0,0,2022-45
DISTRITO,VERACRUZ,2022,45,0,0,0,0,0,0,0,0,0,0,0,0,1,0,0,0,0,0,2022-45
DISTRITO,CENTRO HISTORICO,2022,46,0,0,1,0,0,0,0,0,0,0,0,0,0,0,0,0,0,0,2022-46
DISTRITO,SANTA FE,2022,46,0,0,0,0,0,0,0,0,0,0,0,1,0,0,0,0,0,0,2022-46
DISTRITO,TECAMAC,2022,46,0,0,0,0,0,0,0,0,0,0,0,1,1,0,0,0,0,0,2022-46
DISTRITO,SALTILLO,2022,46,0,0,1,0,0,0,0,0,0,0,0,0,0,0,0,0,0,0,2022-46
DISTRITO,IRAPUATO,2022,46,0,0,2,0,0,0,0,0,0,0,0,0,0,0,0,0,0,0,2022-46
DISTRITO,CANCUN,2022,46,0,0,1,0,0,0,0,0,0,0,0,0,0,0,0,0,0,0,2022-46
DISTRITO,PACHUCA,2022,46,0,0,0,0,0,0,0,0,0,0,0,0,0,0,0,0,1,0,2022-46
DISTRITO,SANTA FE,2022,47,0,0,0,0,0,0,0,0,0,0,0,0,2,0,0,0,1,0,2022-47
DISTRITO,TECAMAC,2022,47,0,0,0,0,0,0,0,0,0,0,0,0,1,0,0,0,0,0,2022-47
DISTRITO,TLALPAN,2022,47,0,0,0,0,0,1,0,0,0,0,0,0,0,0,0,0,0,0,2022-47
DISTRITO,XOCHIMILCO,2022,47,0,0,0,0,0,0,0,0,0,0,0,0,0,0,0,0,1,0,2022-47
DISTRITO,TOL SAN CARLOS,2022,47,0,0,0,0,0,0,0,0,0,0,0,0,1,0,1,0,0,0,2022-47
DISTRITO,CUERNAVACA DE CORTEZ,2022,47,0,0,0,0,0,1,0,0,0,0,0,0,0,0,0,0,0,0,2022-47
DISTRITO,NEZA 2,2022,48,0,0,1,0,0,0,0,0,0,0,0,0,0,0,0,0,0,0,2022-48
DISTRITO,NICOLAS ROMERO,2022,48,0,0,1,0,0,0,0,0,0,0,0,0,0,0,0,0,0,0,2022-48
DISTRITO,TECAMAC,2022,48,0,0,0,0,0,0,0,0,0,0,0,0,1,0,0,0,0,0,2022-48
DISTRITO,TOL SAN CARLOS,2022,48,0,0,0,0,0,0,0,0,0,0,0,0,1,0,0,0,0,0,2022-48
DISTRITO,HERMOSILLO,2022,48,0,0,0,0,0,0,0,0,0,0,1,0,0,0,0,0,0,0,2022-48
DISTRITO,MEXICALI,2022,48,0,0,1,0,0,0,0,0,0,0,0,0,0,0,0,0,0,0,2022-48
DISTRITO,CORDOBA / ORIZABA,2022,48,0,0,0,0,0,0,0,0,0,0,0,1,0,0,0,0,0,0,2022-48
DISTRITO,PACHUCA,2022,48,0,0,0,0,0,0,0,0,0,0,0,0,0,0,0,0,1,0,2022-48
DISTRITO,PUE LA NORIA,2022,48,0,0,1,0,0,0,0,0,0,0,0,0,0,0,0,0,0,0,2022-48
DISTRITO,PUE LORETO,2022,48,0,0,0,0,0,0,0,1,0,0,0,0,0,0,0,0,0,0,2022-48
DISTRITO,NEZA 2,2022,49,0,0,0,0,0,0,0,0,0,0,0,1,0,0,0,0,0,0,2022-49
DISTRITO,TOL SAN CARLOS,2022,49,0,0,0,0,0,0,0,0,0,0,0,1,0,0,0,0,1,0,2022-49
DISTRITO,MTY CARRETERA NACIONAL,2022,49,0,0,0,0,0,0,0,0,0,0,0,1,0,0,0,0,0,0,2022-49
DISTRITO,SAN LUIS POTOSI ORIENTE,2022,49,0,0,0,0,0,0,0,0,0,0,0,1,0,0,0,0,0,0,2022-49
DISTRITO,SAN LUIS POTOSI PONIENTE,2022,49,0,0,0,0,0,0,0,0,0,0,0,0,0,0,0,0,0,0,2022-49
DISTRITO,CELAYA,2022,49,0,0,0,0,0,0,0,0,0,0,0,1,0,0,0,0,0,0,2022-49
DISTRITO,GDL LA PRIMAVERA,2022,49,0,0,0,0,0,0,0,0,0,0,0,0,0,0,0,0,1,0,2022-49
DISTRITO,CORDOBA / ORIZABA,2022,49,0,0,0,1,0,0,0,0,0,0,0,0,0,0,0,0,0,0,2022-49
DISTRITO,PACHUCA,2022,49,0,0,0,0,0,0,0,0,0,0,0,0,0,0,0,0,0,0,2022-49
DISTRITO,CONDESA,2022,50,0,1,0,0,0,0,0,0,0,0,0,0,0,0,0,0,0,0,2022-50
DISTRITO,SATELITE,2022,50,0,0,1,0,0,0,0,0,0,0,0,0,0,0,0,0,0,0,2022-50
DISTRITO,MTY CERRO DE LA SILLA,2022,50,0,0,0,0,0,0,0,0,0,0,0,1,0,0,0,0,0,0,2022-50
DISTRITO,COLIMA / MANZANILLO,2022,50,0,0,0,0,1,0,0,0,0,0,0,0,0,0,0,0,0,0,2022-50
DISTRITO,PUE LA NORIA,2022,50,0,0,1,0,0,0,0,0,0,0,0,0,0,0,0,0,0,0,2022-50
DISTRITO,ARAGON,2022,51,0,0,0,0,2,0,0,0,0,0,0,0,0,0,0,0,0,0,2022-51
DISTRITO,CHALCO,2022,51,0,0,0,0,0,0,0,0,0,0,0,2,0,0,0,0,0,0,2022-51
DISTRITO,CONDESA,2022,51,0,0,0,0,0,0,0,0,0,0,1,0,0,0,0,0,0,0,2022-51
DISTRITO,SANTA FE,2022,51,0,0,0,0,0,0,0,0,0,0,0,2,0,0,0,0,0,0,2022-51
DISTRITO,TECAMAC,2022,51,0,0,0,0,0,0,0,0,0,0,0,1,0,0,0,0,0,0,2022-51
DISTRITO,XOCHIMILCO,2022,51,0,0,0,0,0,0,1,0,0,0,1,0,0,0,0,0,0,0,2022-51
DISTRITO,TOL SAN CARLOS,2022,51,0,0,0,0,0,0,0,0,0,0,0,1,0,0,0,0,0,0,2022-51
DISTRITO,MTY CARRETERA NACIONAL,2022,51,0,0,0,0,0,0,0,0,0,0,0,1,0,0,0,0,0,0,2022-51
DISTRITO,TIJ RIO,2022,51,0,0,2,0,0,0,0,0,0,0,0,0,0,0,0,0,0,0,2022-51
DISTRITO,CELAYA,2022,51,0,0,0,0,0,0,0,0,0,0,0,1,0,0,0,0,0,0,2022-51
DISTRITO,COLIMA / MANZANILLO,2022,51,0,1,0,0,0,0,0,0,0,0,0,0,0,0,0,0,0,0,2022-51
DISTRITO,POZA RICA,2022,51,0,0,0,0,0,0,0,0,0,0,0,1,0,0,0,0,0,0,2022-51
DISTRITO,ARAGON,2022,52,0,0,0,0,0,0,2,0,0,0,0,0,0,0,0,0,0,0,2022-52
DISTRITO,CHALCO,2022,52,0,0,0,0,0,0,0,0,0,0,0,1,0,0,0,0,0,0,2022-52
DISTRITO,COACALCO,2022,52,0,0,0,0,0,0,0,0,0,0,0,1,0,0,0,0,0,0,2022-52
DISTRITO,TOL SAN CARLOS,2022,52,0,0,0,0,1,0,0,0,0,0,0,1,0,0,0,0,0,0,2022-52
DISTRITO,SAN LUIS POTOSI ORIENTE,2022,52,0,0,1,0,0,0,0,0,0,0,1,0,0,0,0,0,0,0,2022-52
DISTRITO,TIJ RIO,2022,52,0,0,2,0,0,0,0,0,0,0,0,0,0,0,0,0,0,0,2022-52
DISTRITO,DELTA,2022,52,0,0,0,0,1,0,0,0,0,0,0,0,0,0,0,0,0,0,2022-52
DISTRITO,PACHUCA,2022,52,0,0,0,0,1,0,0,0,0,0,0,0,0,0,0,0,0,0,2022-52
DISTRITO,VERACRUZ,2022,52,0,0,0,0,0,0,0,0,0,0,1,0,0,0,0,0,0,0,2022-52
DISTRITO,HUEHUETOCA,2023,0,0,0,0,0,0,0,0,0,0,0,2,0,0,0,0,0,0,0,2023-0
DISTRITO,TOL METEPEC,2023,0,0,0,1,0,0,0,0,0,0,0,0,0,0,0,0,0,0,0,2023-0
DISTRITO,GDL ESTADIO,2023,0,0,0,0,1,0,0,0,0,0,0,0,0,0,0,0,0,0,0,2023-0
DISTRITO,VERACRUZ,2023,1,0,0,0,0,0,0,0,0,0,0,0,1,0,0,0,0,0,0,2023-1
DISTRITO,CONSTITUCION,2023,2,0,0,1,0,0,0,0,0,0,0,0,0,0,0,0,0,0,0,2023-2
DISTRITO,LAS AGUILAS,2023,2,0,0,1,0,0,0,0,0,0,0,0,0,0,0,0,0,0,0,2023-2
DISTRITO,TEXCOCO,2023,2,0,0,1,0,0,0,0,0,0,0,0,0,0,0,0,0,0,0,2023-2
DISTRITO,XOCHIMILCO,2023,2,0,0,0,0,0,0,0,0,0,0,0,0,0,0,0,0,0,0,2023-2
DISTRITO,TOL LERMA SAN MATEO,2023,2,0,0,0,0,0,0,0,0,0,0,1,0,0,0,0,0,0,0,2023-2
DISTRITO,TOL SAN CARLOS,2023,2,0,0,0,0,0,0,0,0,0,0,1,0,0,0,0,0,0,0,2023-2
DISTRITO,JUAREZ SUR,2023,2,0,0,0,0,0,0,0,0,0,0,1,1,0,0,0,0,0,0,2023-2
DISTRITO,MAZATLAN,2023,2,0,0,1,0,0,0,0,0,0,0,0,0,0,0,0,0,0,0,2023-2
DISTRITO,MTY CARRETERA NACIONAL,2023,2,0,0,1,0,0,0,0,0,0,0,0,0,0,0,0,0,0,0,2023-2
DISTRITO,PIEDRAS NEGRAS / MONCLOVA,2023,2,0,0,0,0,0,0,0,0,0,0,1,0,0,0,0,0,0,0,2023-2
DISTRITO,TAMPICO,2023,2,0,0,0,0,0,0,0,0,0,0,0,0,0,0,1,0,0,0,2023-2
DISTRITO,TIJ RIO,2023,2,0,0,3,0,0,0,0,0,0,0,0,0,0,0,0,0,0,0,2023-2
DISTRITO,GDL EL TAPATIO,2023,2,0,0,0,0,0,0,0,0,0,0,0,1,0,0,0,0,0,0,2023-2
DISTRITO,PACHUCA,2023,2,0,0,0,0,0,0,1,0,0,0,0,0,0,0,0,0,0,0,2023-2
