Tipo,DIRECCION,Mes,Clientes,Soportes,Reincidencias,RR,Reincidencias sobre soportes,RR sobre soportes,IDS,IDR
NACIONAL,NACIONAL,ABRIL,3807961,142212,37742,16881,26.54,11.87,3.73,0.99
NACIONAL,NACIONAL,ENERO,3557181,134015,37492,16145,27.98,12.05,3.77,1.05
NACIONAL,NACIONAL,FEBRERO,3646445,127080,35459,14422,27.9,11.35,3.49,0.97
NACIONAL,NACIONAL,MARZO,3732621,142112,39162,15249,27.56,10.73,3.81,1.05
NACIONAL,NACIONAL,MAYO,3892082,154689,39506,16849,25.54,10.89,3.97,1.02
DIRECCION,CENTRO,ABRIL,1420150,47143,11164,4429,23.68,9.39,3.32,0.79
DIRECCION,CENTRO,ENERO,1340621,43641,11020,4155,25.25,9.52,3.26,0.82
DIRECCION,CENTRO,FEBRERO,1368763,42173,10895,3794,25.83,9,3.08,0.8
DIRECCION,CENTRO,MARZO,1395333,46809,11915,4004,25.45,8.55,3.35,0.85
DIRECCION,CENTRO,MAYO,1445837,52566,12402,4859,23.59,9.24,3.64,0.86
DIRECCION,NORTE-NORESTE,ABRIL,1059867,44281,13204,6731,29.82,15.2,4.18,1.25
DIRECCION,NORTE-NORESTE,ENERO,968116,42272,13619,6377,32.22,15.09,4.37,1.41
DIRECCION,NORTE-NORESTE,FEBRERO,999744,39326,12504,5769,31.8,14.67,3.93,1.25
DIRECCION,NORTE-NORESTE,MARZO,1031973,43878,13414,5872,30.57,13.38,4.25,1.3
DIRECCION,NORTE-NORESTE,MAYO,1095115,47556,13393,6233,28.16,13.11,4.34,1.22
DIRECCION,OCCIDENTE-BAJIO,ABRIL,712285,33868,9316,4465,27.51,13.18,4.75,1.31
DIRECCION,OCCIDENTE-BAJIO,ENERO,667588,31883,8798,4350,27.59,13.64,4.78,1.32
DIRECCION,OCCIDENTE-BAJIO,FEBRERO,683533,30452,8306,3789,27.28,12.44,4.46,1.22
DIRECCION,OCCIDENTE-BAJIO,MARZO,698838,33727,9271,4043,27.49,11.99,4.83,1.33
DIRECCION,OCCIDENTE-BAJIO,MAYO,725639,37041,9699,4480,26.18,12.09,5.1,1.34
DIRECCION,ORIENTE-SUR,ABRIL,615656,16919,4058,1256,23.98,7.42,2.75,0.66
DIRECCION,ORIENTE-SUR,ENERO,580856,16219,4055,1263,25,7.79,2.79,0.7
DIRECCION,ORIENTE-SUR,FEBRERO,594404,15129,3754,1070,24.81,7.07,2.55,0.63
DIRECCION,ORIENTE-SUR,MARZO,606475,17696,4562,1330,25.78,7.52,2.92,0.75
DIRECCION,ORIENTE-SUR,MAYO,625483,17525,4012,1277,22.89,7.29,2.8,0.64
PLAZA,ACAPULCO,ABRIL,11087,267,92,23,34.46,8.61,2.41,0.83
PLAZA,ACAPULCO,ENERO,9755,277,107,33,38.63,11.91,2.84,1.1
PLAZA,ACAPULCO,FEBRERO,10290,249,83,21,33.33,8.43,2.42,0.81
PLAZA,ACAPULCO,MARZO,10746,274,92,29,33.58,10.58,2.55,0.86
PLAZA,ACAPULCO,MAYO,11477,311,79,17,25.4,5.47,2.71,0.69
PLAZA,AGUASCALIENTES,ABRIL,59488,1604,304,98,18.95,6.11,2.7,0.51
PLAZA,AGUASCALIENTES,ENERO,56708,1320,304,89,23.03,6.74,2.33,0.54
PLAZA,AGUASCALIENTES,FEBRERO,57800,1397,333,65,23.84,4.65,2.42,0.58
PLAZA,AGUASCALIENTES,MARZO,58816,1586,318,86,20.05,5.42,2.7,0.54
PLAZA,AGUASCALIENTES,MAYO,60297,1609,319,116,19.83,7.21,2.67,0.53
PLAZA,CANCUN,ABRIL,54425,2548,782,299,30.69,11.73,4.68,1.44
PLAZA,CANCUN,ENERO,50393,2203,716,234,32.5,10.62,4.37,1.42
PLAZA,CANCUN,FEBRERO,51868,2199,650,205,29.56,9.32,4.24,1.25
PLAZA,CANCUN,MARZO,53222,2459,765,249,31.11,10.13,4.62,1.44
PLAZA,CANCUN,MAYO,55594,2535,749,274,29.55,10.81,4.56,1.35
PLAZA,CDMX,ABRIL,1272490,41331,9771,3786,23.64,9.16,3.25,0.77
PLAZA,CDMX,ENERO,1199579,38045,9711,3528,25.53,9.27,3.17,0.81
PLAZA,CDMX,FEBRERO,1225561,36760,9450,3183,25.71,8.66,3,0.77
PLAZA,CDMX,MARZO,1250536,40978,10483,3401,25.58,8.3,3.28,0.84
PLAZA,CDMX,MAYO,1295836,46239,10848,4143,23.46,8.96,3.57,0.84
PLAZA,CELAYA,ABRIL,24983,756,169,65,22.35,8.6,3.03,0.68
PLAZA,CELAYA,ENERO,23747,743,163,49,21.94,6.59,3.13,0.69
PLAZA,CELAYA,FEBRERO,24146,601,110,33,18.3,5.49,2.49,0.46
PLAZA,CELAYA,MARZO,24559,626,138,40,22.04,6.39,2.55,0.56
PLAZA,CELAYA,MAYO,25441,833,209,74,25.09,8.88,3.27,0.82
PLAZA,CHIHUAHUA,ABRIL,64763,1854,412,150,22.22,8.09,2.86,0.64
PLAZA,CHIHUAHUA,ENERO,61427,1674,492,163,29.39,9.74,2.73,0.8
PLAZA,CHIHUAHUA,FEBRERO,62749,1947,588,161,30.2,8.27,3.1,0.94
PLAZA,CHIHUAHUA,MARZO,63832,1961,559,176,28.51,8.98,3.07,0.88
PLAZA,CHIHUAHUA,MAYO,65657,1874,443,121,23.64,6.46,2.85,0.67
PLAZA,CIUDAD JUAREZ,ABRIL,132718,7675,2521,1462,32.85,19.05,5.78,1.9
PLAZA,CIUDAD JUAREZ,ENERO,124225,7653,2794,1635,36.51,21.36,6.16,2.25
PLAZA,CIUDAD JUAREZ,FEBRERO,127168,6976,2691,1507,38.58,21.6,5.49,2.12
PLAZA,CIUDAD JUAREZ,MARZO,130199,8010,2727,1408,34.04,17.58,6.15,2.09
PLAZA,CIUDAD JUAREZ,MAYO,135236,7355,2168,1186,29.48,16.13,5.44,1.6
PLAZA,CIUDAD OBREGON / NAVOJOA,ABRIL,10097,315,108,28,34.29,8.89,3.12,1.07
PLAZA,CIUDAD OBREGON / NAVOJOA,ENERO,6388,242,106,22,43.8,9.09,3.79,1.66
PLAZA,CIUDAD OBREGON / NAVOJOA,FEBRERO,7643,242,64,14,26.45,5.79,3.17,0.84
PLAZA,CIUDAD OBREGON / NAVOJOA,MARZO,8995,232,71,13,30.6,5.6,2.58,0.79
PLAZA,CIUDAD OBREGON / NAVOJOA,MAYO,11236,318,101,22,31.76,6.92,2.83,0.9
PLAZA,CIUDAD VICTORIA,ABRIL,1333,39,34,2,87.18,5.13,2.93,2.55
PLAZA,CIUDAD VICTORIA,ENERO,0,0,0,0,0,0,0,0
PLAZA,CIUDAD VICTORIA,FEBRERO,42,0,0,0,0,0,0,0
PLAZA,CIUDAD VICTORIA,MARZO,179,5,0,0,0,0,2.79,0
PLAZA,CIUDAD VICTORIA,MAYO,2688,120,108,5,90,4.17,4.46,4.02
PLAZA,COATZA / MINA,ABRIL,21284,555,128,40,23.06,7.21,2.61,0.6
PLAZA,COATZA / MINA,ENERO,19916,579,146,40,25.22,6.91,2.91,0.73
PLAZA,COATZA / MINA,FEBRERO,20518,540,129,49,23.89,9.07,2.63,0.63
PLAZA,COATZA / MINA,MARZO,20900,509,109,33,21.41,6.48,2.44,0.52
PLAZA,COATZA / MINA,MAYO,21590,597,139,47,23.28,7.87,2.77,0.64
PLAZA,COLIMA / MANZANILLO,ABRIL,3551,137,76,14,55.47,10.22,3.86,2.14
PLAZA,COLIMA / MANZANILLO,ENERO,1266,61,52,10,85.25,16.39,4.82,4.11
PLAZA,COLIMA / MANZANILLO,FEBRERO,1872,70,35,10,50,14.29,3.74,1.87
PLAZA,COLIMA / MANZANILLO,MARZO,2598,100,40,5,40,5,3.85,1.54
PLAZA,COLIMA / MANZANILLO,MAYO,4648,224,120,19,53.57,8.48,4.82,2.58
PLAZA,CORDOBA / ORIZABA,ABRIL,31901,523,110,14,21.03,2.68,1.64,0.34
PLAZA,CORDOBA / ORIZABA,ENERO,30253,501,139,19,27.74,3.79,1.66,0.46
PLAZA,CORDOBA / ORIZABA,FEBRERO,30919,488,146,12,29.92,2.46,1.58,0.47
PLAZA,CORDOBA / ORIZABA,MARZO,31513,628,156,15,24.84,2.39,1.99,0.5
PLAZA,CORDOBA / ORIZABA,MAYO,32342,645,139,25,21.55,3.88,1.99,0.43
PLAZA,CUERNAVACA,ABRIL,60283,1574,310,88,19.7,5.59,2.61,0.51
PLAZA,CUERNAVACA,ENERO,57154,1401,327,104,23.34,7.42,2.45,0.57
PLAZA,CUERNAVACA,FEBRERO,58199,1397,302,94,21.62,6.73,2.4,0.52
PLAZA,CUERNAVACA,MARZO,59339,1603,346,91,21.58,5.68,2.7,0.58
PLAZA,CUERNAVACA,MAYO,61275,1565,309,100,19.74,6.39,2.55,0.5
PLAZA,CULIACAN,ABRIL,45859,1165,284,77,24.38,6.61,2.54,0.62
PLAZA,CULIACAN,ENERO,40781,1081,266,76,24.61,7.03,2.65,0.65
PLAZA,CULIACAN,FEBRERO,42588,921,236,49,25.62,5.32,2.16,0.55
PLAZA,CULIACAN,MARZO,44416,1212,298,72,24.59,5.94,2.73,0.67
PLAZA,CULIACAN,MAYO,47392,1482,305,109,20.58,7.35,3.13,0.64
PLAZA,GUADALAJARA,ABRIL,382554,23239,6775,3541,29.15,15.24,6.07,1.77
PLAZA,GUADALAJARA,ENERO,365401,22079,6155,3420,27.88,15.49,6.04,1.68
PLAZA,GUADALAJARA,FEBRERO,371943,21375,6063,3057,28.36,14.3,5.75,1.63
PLAZA,GUADALAJARA,MARZO,377757,23253,6791,3280,29.2,14.11,6.16,1.8
PLAZA,GUADALAJARA,MAYO,387376,24693,6792,3504,27.51,14.19,6.37,1.75
PLAZA,GUANAJUATO,ABRIL,14798,610,207,32,33.93,5.25,4.12,1.4
PLAZA,GUANAJUATO,ENERO,12867,414,151,34,36.47,8.21,3.22,1.17
PLAZA,GUANAJUATO,FEBRERO,13575,447,114,27,25.5,6.04,3.29,0.84
PLAZA,GUANAJUATO,MARZO,14221,590,159,26,26.95,4.41,4.15,1.12
PLAZA,GUANAJUATO,MAYO,15391,598,178,29,29.77,4.85,3.89,1.16
PLAZA,HERMOSILLO,ABRIL,29882,1055,271,82,25.69,7.77,3.53,0.91
PLAZA,HERMOSILLO,ENERO,27261,865,197,73,22.77,8.44,3.17,0.72
PLAZA,HERMOSILLO,FEBRERO,28183,675,211,57,31.26,8.44,2.4,0.75
PLAZA,HERMOSILLO,MARZO,29164,906,248,88,27.37,9.71,3.11,0.85
PLAZA,HERMOSILLO,MAYO,30666,1000,213,64,21.3,6.4,3.26,0.69
PLAZA,IRAPUATO,ABRIL,35660,843,220,57,26.1,6.76,2.36,0.62
PLAZA,IRAPUATO,ENERO,32711,897,261,76,29.1,8.47,2.74,0.8
PLAZA,IRAPUATO,FEBRERO,33855,718,197,39,27.44,5.43,2.12,0.58
PLAZA,IRAPUATO,MARZO,34765,964,252,54,26.14,5.6,2.77,0.72
PLAZA,IRAPUATO,MAYO,36423,934,216,51,23.13,5.46,2.56,0.59
PLAZA,LA LAGUNA,ABRIL,59558,1781,507,167,28.47,9.38,2.99,0.85
PLAZA,LA LAGUNA,ENERO,53111,1461,503,127,34.43,8.69,2.75,0.95
PLAZA,LA LAGUNA,FEBRERO,55248,1526,536,147,35.12,9.63,2.76,0.97
PLAZA,LA LAGUNA,MARZO,57409,1704,530,146,31.1,8.57,2.97,0.92
PLAZA,LA LAGUNA,MAYO,62064,2080,538,201,25.87,9.66,3.35,0.87
PLAZA,LEON,ABRIL,94262,3877,853,405,22,10.45,4.11,0.9
PLAZA,LEON,ENERO,86883,3673,921,396,25.07,10.78,4.23,1.06
PLAZA,LEON,FEBRERO,89548,3184,730,309,22.93,9.7,3.56,0.82
PLAZA,LEON,MARZO,92174,3690,861,338,23.33,9.16,4,0.93
PLAZA,LEON,MAYO,96263,4833,1075,440,22.24,9.1,5.02,1.12
PLAZA,MATAMOROS,ABRIL,11,0,0,0,0,0,0,0
PLAZA,MATAMOROS,ENERO,0,0,1,0,#¡NUM!,0,0,#¡NUM!
PLAZA,MATAMOROS,FEBRERO,0,0,0,0,0,0,0,0
PLAZA,MATAMOROS,MARZO,0,0,0,0,0,0,0,0
PLAZA,MATAMOROS,MAYO,1657,52,51,1,98.08,1.92,3.14,3.08
PLAZA,MAZATLAN,ABRIL,22721,612,158,52,25.82,8.5,2.69,0.7
PLAZA,MAZATLAN,ENERO,19806,782,267,84,34.14,10.74,3.95,1.35
PLAZA,MAZATLAN,FEBRERO,20709,683,235,75,34.41,10.98,3.3,1.13
PLAZA,MAZATLAN,MARZO,21830,716,218,62,30.45,8.66,3.28,1
PLAZA,MAZATLAN,MAYO,23448,707,186,55,26.31,7.78,3.02,0.79
PLAZA,MERIDA,ABRIL,52921,2366,674,250,28.49,10.57,4.47,1.27
PLAZA,MERIDA,ENERO,49320,2229,630,246,28.26,11.04,4.52,1.28
PLAZA,MERIDA,FEBRERO,50800,2146,635,232,29.59,10.81,4.22,1.25
PLAZA,MERIDA,MARZO,52043,2668,811,292,30.4,10.94,5.13,1.56
PLAZA,MERIDA,MAYO,53835,2252,607,240,26.95,10.66,4.18,1.13
PLAZA,MEXICALI,ABRIL,38505,1076,300,97,27.88,9.01,2.79,0.78
PLAZA,MEXICALI,ENERO,35285,945,257,66,27.2,6.98,2.68,0.73
PLAZA,MEXICALI,FEBRERO,36430,980,255,86,26.02,8.78,2.69,0.7
PLAZA,MEXICALI,MARZO,37659,1219,352,90,28.88,7.38,3.24,0.93
PLAZA,MEXICALI,MAYO,39434,1404,388,142,27.64,10.11,3.56,0.98
PLAZA,MONTERREY,ABRIL,268557,12409,3593,1921,28.95,15.48,4.62,1.34
PLAZA,MONTERREY,ENERO,248729,11611,3685,1683,31.74,14.49,4.67,1.48
PLAZA,MONTERREY,FEBRERO,255998,10578,3331,1558,31.49,14.73,4.13,1.3
PLAZA,MONTERREY,MARZO,262883,11469,3440,1568,29.99,13.67,4.36,1.31
PLAZA,MONTERREY,MAYO,275077,13355,3648,1815,27.32,13.59,4.86,1.33
PLAZA,MORELIA,ABRIL,27140,588,142,33,24.15,5.61,2.17,0.52
PLAZA,MORELIA,ENERO,25776,567,157,29,27.69,5.11,2.2,0.61
PLAZA,MORELIA,FEBRERO,26317,533,155,38,29.08,7.13,2.03,0.59
PLAZA,MORELIA,MARZO,26794,636,150,41,23.58,6.45,2.37,0.56
PLAZA,MORELIA,MAYO,27603,616,109,27,17.69,4.38,2.23,0.39
PLAZA,PACHUCA,ABRIL,55844,1537,406,102,26.42,6.64,2.75,0.73
PLAZA,PACHUCA,ENERO,53227,1460,380,103,26.03,7.05,2.74,0.71
PLAZA,PACHUCA,FEBRERO,54336,1399,359,83,25.66,5.93,2.57,0.66
PLAZA,PACHUCA,MARZO,55210,1489,393,101,26.39,6.78,2.7,0.71
PLAZA,PACHUCA,MAYO,56484,1657,343,83,20.7,5.01,2.93,0.61
PLAZA,PIEDRAS NEGRAS / MONCLOVA,ABRIL,559,10,3,2,30,20,1.79,0.54
PLAZA,PIEDRAS NEGRAS / MONCLOVA,ENERO,0,0,0,0,0,0,0,0
PLAZA,PIEDRAS NEGRAS / MONCLOVA,FEBRERO,0,0,0,0,0,0,0,0
PLAZA,PIEDRAS NEGRAS / MONCLOVA,MARZO,3,0,0,0,0,0,0,0
PLAZA,PIEDRAS NEGRAS / MONCLOVA,MAYO,3648,130,18,14,13.85,10.77,3.56,0.49
PLAZA,POZA RICA,ABRIL,12503,255,48,13,18.82,5.1,2.04,0.38
PLAZA,POZA RICA,ENERO,11853,311,82,28,26.37,9,2.62,0.69
PLAZA,POZA RICA,FEBRERO,12104,253,65,13,25.69,5.14,2.09,0.54
PLAZA,POZA RICA,MARZO,12318,283,65,24,22.97,8.48,2.3,0.53
PLAZA,POZA RICA,MAYO,12697,293,39,14,13.31,4.78,2.31,0.31
PLAZA,PUEBLA,ABRIL,155930,2988,592,151,19.81,5.05,1.92,0.38
PLAZA,PUEBLA,ENERO,148537,2713,580,152,21.38,5.6,1.83,0.39
PLAZA,PUEBLA,FEBRERO,151559,2634,559,123,21.22,4.67,1.74,0.37
PLAZA,PUEBLA,MARZO,154057,3015,656,167,21.76,5.54,1.96,0.43
PLAZA,PUEBLA,MAYO,158184,3248,633,173,19.49,5.33,2.05,0.4
PLAZA,PUERTO VALLARTA,ABRIL,24262,909,262,111,28.82,12.21,3.75,1.08
PLAZA,PUERTO VALLARTA,ENERO,22622,992,343,171,34.58,17.24,4.39,1.52
PLAZA,PUERTO VALLARTA,FEBRERO,23211,897,278,123,30.99,13.71,3.86,1.2
PLAZA,PUERTO VALLARTA,MARZO,23747,909,226,86,24.86,9.46,3.83,0.95
PLAZA,PUERTO VALLARTA,MAYO,24779,1011,257,104,25.42,10.29,4.08,1.04
PLAZA,QUERETARO,ABRIL,41128,1201,253,106,21.07,8.83,2.92,0.62
PLAZA,QUERETARO,ENERO,38570,1094,261,71,23.86,6.49,2.84,0.68
PLAZA,QUERETARO,FEBRERO,39515,1162,256,82,22.03,7.06,2.94,0.65
PLAZA,QUERETARO,MARZO,40379,1284,291,83,22.66,6.46,3.18,0.72
PLAZA,QUERETARO,MAYO,41903,1515,331,105,21.85,6.93,3.62,0.79
PLAZA,REYNOSA,ABRIL,6320,388,371,95,95.62,24.48,6.14,5.87
PLAZA,REYNOSA,ENERO,96,1,0,0,0,0,1.04,0
PLAZA,REYNOSA,FEBRERO,1099,89,15,3,16.85,3.37,8.1,1.36
PLAZA,REYNOSA,MARZO,3868,272,210,23,77.21,8.46,7.03,5.43
PLAZA,REYNOSA,MAYO,9412,510,397,67,77.84,13.14,5.42,4.22
PLAZA,SALTILLO,ABRIL,62642,1846,433,193,23.46,10.46,2.95,0.69
PLAZA,SALTILLO,ENERO,57760,2032,665,276,32.73,13.58,3.52,1.15
PLAZA,SALTILLO,FEBRERO,59880,1711,504,211,29.46,12.33,2.86,0.84
PLAZA,SALTILLO,MARZO,61613,1752,502,190,28.65,10.84,2.84,0.81
PLAZA,SALTILLO,MAYO,63828,2324,510,228,21.94,9.81,3.64,0.8
PLAZA,SAN LUIS POTOSI,ABRIL,130639,5059,1249,795,24.69,15.71,3.87,0.96
PLAZA,SAN LUIS POTOSI,ENERO,125247,5023,1391,587,27.69,11.69,4.01,1.11
PLAZA,SAN LUIS POTOSI,FEBRERO,127634,4567,1261,551,27.61,12.06,3.58,0.99
PLAZA,SAN LUIS POTOSI,MARZO,129360,4828,1152,529,23.86,10.96,3.73,0.89
PLAZA,SAN LUIS POTOSI,MAYO,132019,6061,1420,795,23.43,13.12,4.59,1.08
PLAZA,TAMPICO,ABRIL,12512,621,312,64,50.24,10.31,4.96,2.49
PLAZA,TAMPICO,ENERO,4548,426,339,42,79.58,9.86,9.37,7.45
PLAZA,TAMPICO,FEBRERO,7563,586,259,57,44.2,9.73,7.75,3.42
PLAZA,TAMPICO,MARZO,10307,680,362,78,53.24,11.47,6.6,3.51
PLAZA,TAMPICO,MAYO,14628,759,389,74,51.25,9.75,5.19,2.66
PLAZA,TEPIC,ABRIL,4459,104,55,3,52.88,2.88,2.33,1.23
PLAZA,TEPIC,ENERO,1037,43,30,5,69.77,11.63,4.15,2.89
PLAZA,TEPIC,FEBRERO,1751,68,35,6,51.47,8.82,3.88,2
PLAZA,TEPIC,MARZO,3028,89,45,4,50.56,4.49,2.94,1.49
PLAZA,TEPIC,MAYO,5515,175,93,11,53.14,6.29,3.17,1.69
PLAZA,TIJUANA,ABRIL,173191,8376,2648,1544,31.61,18.43,4.84,1.53
PLAZA,TIJUANA,ENERO,163452,8476,2656,1543,31.34,18.2,5.19,1.62
PLAZA,TIJUANA,FEBRERO,166810,7845,2318,1293,29.55,16.48,4.7,1.39
PLAZA,TIJUANA,MARZO,170256,8912,2745,1429,30.8,16.03,5.23,1.61
PLAZA,TIJUANA,MAYO,177025,8025,2510,1334,31.28,16.62,4.53,1.42
PLAZA,TOLUCA,ABRIL,147660,5812,1393,643,23.97,11.06,3.94,0.94
PLAZA,TOLUCA,ENERO,141042,5596,1309,627,23.39,11.2,3.97,0.93
PLAZA,TOLUCA,FEBRERO,143202,5413,1445,611,26.69,11.29,3.78,1.01
PLAZA,TOLUCA,MARZO,144797,5831,1432,603,24.56,10.34,4.03,0.99
PLAZA,TOLUCA,MAYO,150001,6327,1554,716,24.56,11.32,4.22,1.04
PLAZA,TUXTLA,ABRIL,27866,630,164,39,26.03,6.19,2.26,0.59
PLAZA,TUXTLA,ENERO,25689,470,132,25,28.09,5.32,1.83,0.51
PLAZA,TUXTLA,FEBRERO,26399,604,151,27,25,4.47,2.29,0.57
PLAZA,TUXTLA,MARZO,27244,669,180,48,26.91,7.17,2.46,0.66
PLAZA,TUXTLA,MAYO,28558,847,216,53,25.5,6.26,2.97,0.76
PLAZA,VERACRUZ,ABRIL,59079,2063,436,176,21.13,8.53,3.49,0.74
PLAZA,VERACRUZ,ENERO,55801,2663,527,217,19.79,8.15,4.77,0.94
PLAZA,VERACRUZ,FEBRERO,57007,1960,399,154,20.36,7.86,3.44,0.7
PLAZA,VERACRUZ,MARZO,58232,2503,659,214,26.33,8.55,4.3,1.13
PLAZA,VERACRUZ,MAYO,59958,2075,450,174,21.69,8.39,3.46,0.75
PLAZA,VILLAHERMOSA,ABRIL,18507,444,116,18,26.13,4.05,2.4,0.63
PLAZA,VILLAHERMOSA,ENERO,16652,334,104,16,31.14,4.79,2.01,0.62
PLAZA,VILLAHERMOSA,FEBRERO,17389,316,103,11,32.59,3.48,1.82,0.59
PLAZA,VILLAHERMOSA,MARZO,17992,332,102,18,30.72,5.42,1.85,0.57
PLAZA,VILLAHERMOSA,MAYO,19004,432,118,21,27.31,4.86,2.27,0.62
PLAZA,XALAPA,ABRIL,54026,1169,200,43,17.11,3.68,2.16,0.37
PLAZA,XALAPA,ENERO,52306,1078,185,46,17.16,4.27,2.06,0.35
PLAZA,XALAPA,FEBRERO,53016,944,173,46,18.33,4.87,1.78,0.33
PLAZA,XALAPA,MARZO,53659,1264,228,49,18.04,3.88,2.36,0.42
PLAZA,XALAPA,MAYO,54485,1068,191,56,17.88,5.24,1.96,0.35
DISTRITO,ACAPULCO,ABRIL,11087,267,92,23,34.46,8.61,2.41,0.83
DISTRITO,ACAPULCO,ENERO,9755,277,107,33,38.63,11.91,2.84,1.1
DISTRITO,ACAPULCO,FEBRERO,10290,249,83,21,33.33,8.43,2.42,0.81
DISTRITO,ACAPULCO,MARZO,10746,274,92,29,33.58,10.58,2.55,0.86
DISTRITO,ACAPULCO,MAYO,11477,311,79,17,25.4,5.47,2.71,0.69
DISTRITO,AEROPUERTO,ABRIL,43018,1634,388,151,23.75,9.24,3.8,0.9
DISTRITO,AEROPUERTO,ENERO,41329,1484,365,160,24.6,10.78,3.59,0.88
DISTRITO,AEROPUERTO,FEBRERO,41947,1313,300,130,22.85,9.9,3.13,0.72
DISTRITO,AEROPUERTO,MARZO,42487,1508,388,171,25.73,11.34,3.55,0.91
DISTRITO,AEROPUERTO,MAYO,43571,1826,422,153,23.11,8.38,4.19,0.97
DISTRITO,AGUASCALIENTES,ABRIL,59488,1604,304,98,18.95,6.11,2.7,0.51
DISTRITO,AGUASCALIENTES,ENERO,56708,1320,304,89,23.03,6.74,2.33,0.54
DISTRITO,AGUASCALIENTES,FEBRERO,57800,1397,333,65,23.84,4.65,2.42,0.58
DISTRITO,AGUASCALIENTES,MARZO,58816,1586,318,86,20.05,5.42,2.7,0.54
DISTRITO,AGUASCALIENTES,MAYO,60297,1609,319,116,19.83,7.21,2.67,0.53
DISTRITO,ARAGON,ABRIL,63331,2217,448,174,20.21,7.85,3.5,0.71
DISTRITO,ARAGON,ENERO,61523,2223,478,168,21.5,7.56,3.61,0.78
DISTRITO,ARAGON,FEBRERO,62195,1980,430,135,21.72,6.82,3.18,0.69
DISTRITO,ARAGON,MARZO,62776,2165,458,147,21.15,6.79,3.45,0.73
DISTRITO,ARAGON,MAYO,63905,2308,496,191,21.49,8.28,3.61,0.78
DISTRITO,AZCAPOTZALCO,ABRIL,54742,2202,573,291,26.02,13.22,4.02,1.05
DISTRITO,AZCAPOTZALCO,ENERO,52794,1977,565,276,28.58,13.96,3.74,1.07
DISTRITO,AZCAPOTZALCO,FEBRERO,53586,1761,478,187,27.14,10.62,3.29,0.89
DISTRITO,AZCAPOTZALCO,MARZO,54233,2152,611,249,28.39,11.57,3.97,1.13
DISTRITO,AZCAPOTZALCO,MAYO,55433,2388,576,286,24.12,11.98,4.31,1.04
DISTRITO,CANCUN,ABRIL,54425,2548,782,299,30.69,11.73,4.68,1.44
DISTRITO,CANCUN,ENERO,50393,2203,716,234,32.5,10.62,4.37,1.42
DISTRITO,CANCUN,FEBRERO,51868,2199,650,205,29.56,9.32,4.24,1.25
DISTRITO,CANCUN,MARZO,53222,2459,765,249,31.11,10.13,4.62,1.44
DISTRITO,CANCUN,MAYO,55594,2535,749,274,29.55,10.81,4.56,1.35
DISTRITO,CELAYA,ABRIL,24983,756,169,65,22.35,8.6,3.03,0.68
DISTRITO,CELAYA,ENERO,23747,743,163,49,21.94,6.59,3.13,0.69
DISTRITO,CELAYA,FEBRERO,24146,601,110,33,18.3,5.49,2.49,0.46
DISTRITO,CELAYA,MARZO,24559,626,138,40,22.04,6.39,2.55,0.56
DISTRITO,CELAYA,MAYO,25441,833,209,74,25.09,8.88,3.27,0.82
DISTRITO,CENTRO HISTORICO,ABRIL,15787,620,202,71,32.58,11.45,3.93,1.28
DISTRITO,CENTRO HISTORICO,ENERO,13193,445,109,39,24.49,8.76,3.37,0.83
DISTRITO,CENTRO HISTORICO,FEBRERO,14560,589,200,55,33.96,9.34,4.05,1.37
DISTRITO,CENTRO HISTORICO,MARZO,15272,686,246,65,35.86,9.48,4.49,1.61
DISTRITO,CENTRO HISTORICO,MAYO,16387,707,197,65,27.86,9.19,4.31,1.2
DISTRITO,CERRO GORDO,ABRIL,45731,1762,286,89,16.23,5.05,3.85,0.63
DISTRITO,CERRO GORDO,ENERO,41432,1617,293,114,18.12,7.05,3.9,0.71
DISTRITO,CERRO GORDO,FEBRERO,43002,1412,203,70,14.38,4.96,3.28,0.47
DISTRITO,CERRO GORDO,MARZO,44483,1628,276,82,16.95,5.04,3.66,0.62
DISTRITO,CERRO GORDO,MAYO,46831,2349,431,123,18.35,5.24,5.02,0.92
DISTRITO,CHALCO,ABRIL,13254,413,321,22,77.72,5.33,3.12,2.42
DISTRITO,CHALCO,ENERO,4408,137,111,10,81.02,7.3,3.11,2.52
DISTRITO,CHALCO,FEBRERO,6513,214,161,12,75.23,5.61,3.29,2.47
DISTRITO,CHALCO,MARZO,10020,442,336,11,76.02,2.49,4.41,3.35
DISTRITO,CHALCO,MAYO,15724,416,260,22,62.5,5.29,2.65,1.65
DISTRITO,CHIHUAHUA CUMBRES,ABRIL,31695,833,138,39,16.57,4.68,2.63,0.44
DISTRITO,CHIHUAHUA CUMBRES,ENERO,30064,839,242,76,28.84,9.06,2.79,0.8
DISTRITO,CHIHUAHUA CUMBRES,FEBRERO,30733,837,203,51,24.25,6.09,2.72,0.66
DISTRITO,CHIHUAHUA CUMBRES,MARZO,31271,853,206,57,24.15,6.68,2.73,0.66
DISTRITO,CHIHUAHUA CUMBRES,MAYO,32123,855,179,42,20.94,4.91,2.66,0.56
DISTRITO,CHIHUAHUA DEL RELIZ,ABRIL,33068,1021,274,111,26.84,10.87,3.09,0.83
DISTRITO,CHIHUAHUA DEL RELIZ,ENERO,31363,835,250,87,29.94,10.42,2.66,0.8
DISTRITO,CHIHUAHUA DEL RELIZ,FEBRERO,32016,1110,385,110,34.68,9.91,3.47,1.2
DISTRITO,CHIHUAHUA DEL RELIZ,MARZO,32561,1108,353,119,31.86,10.74,3.4,1.08
DISTRITO,CHIHUAHUA DEL RELIZ,MAYO,33534,1019,264,79,25.91,7.75,3.04,0.79
DISTRITO,CIUDAD OBREGON / NAVOJOA,ABRIL,10097,315,108,28,34.29,8.89,3.12,1.07
DISTRITO,CIUDAD OBREGON / NAVOJOA,ENERO,6388,242,106,22,43.8,9.09,3.79,1.66
DISTRITO,CIUDAD OBREGON / NAVOJOA,FEBRERO,7643,242,64,14,26.45,5.79,3.17,0.84
DISTRITO,CIUDAD OBREGON / NAVOJOA,MARZO,8995,232,71,13,30.6,5.6,2.58,0.79
DISTRITO,CIUDAD OBREGON / NAVOJOA,MAYO,11236,318,101,22,31.76,6.92,2.83,0.9
DISTRITO,CIUDAD VICTORIA,ABRIL,1333,39,34,2,87.18,5.13,2.93,2.55
DISTRITO,CIUDAD VICTORIA,ENERO,0,0,0,0,0,0,0,0
DISTRITO,CIUDAD VICTORIA,FEBRERO,42,0,0,0,0,0,0,0
DISTRITO,CIUDAD VICTORIA,MARZO,179,5,0,0,0,0,2.79,0
DISTRITO,CIUDAD VICTORIA,MAYO,2688,120,108,5,90,4.17,4.46,4.02
DISTRITO,COACALCO,ABRIL,56394,2069,372,185,17.98,8.94,3.67,0.66
DISTRITO,COACALCO,ENERO,54726,1977,435,198,22,10.02,3.61,0.79
DISTRITO,COACALCO,FEBRERO,55338,1803,379,163,21.02,9.04,3.26,0.68
DISTRITO,COACALCO,MARZO,55874,2101,453,191,21.56,9.09,3.76,0.81
DISTRITO,COACALCO,MAYO,56995,2245,512,234,22.81,10.42,3.94,0.9
DISTRITO,COATZA / MINA,ABRIL,21284,555,128,40,23.06,7.21,2.61,0.6
DISTRITO,COATZA / MINA,ENERO,19916,579,146,40,25.22,6.91,2.91,0.73
DISTRITO,COATZA / MINA,FEBRERO,20518,540,129,49,23.89,9.07,2.63,0.63
DISTRITO,COATZA / MINA,MARZO,20900,509,109,33,21.41,6.48,2.44,0.52
DISTRITO,COATZA / MINA,MAYO,21590,597,139,47,23.28,7.87,2.77,0.64
DISTRITO,COLIMA / MANZANILLO,ABRIL,3551,137,76,14,55.47,10.22,3.86,2.14
DISTRITO,COLIMA / MANZANILLO,ENERO,1266,61,52,10,85.25,16.39,4.82,4.11
DISTRITO,COLIMA / MANZANILLO,FEBRERO,1872,70,35,10,50,14.29,3.74,1.87
DISTRITO,COLIMA / MANZANILLO,MARZO,2598,100,40,5,40,5,3.85,1.54
DISTRITO,COLIMA / MANZANILLO,MAYO,4648,224,120,19,53.57,8.48,4.82,2.58
DISTRITO,CONDESA,ABRIL,64405,2022,489,187,24.18,9.25,3.14,0.76
DISTRITO,CONDESA,ENERO,61566,1739,465,170,26.74,9.78,2.82,0.76
DISTRITO,CONDESA,FEBRERO,62566,1773,510,168,28.76,9.48,2.83,0.82
DISTRITO,CONDESA,MARZO,63561,1968,546,166,27.74,8.43,3.1,0.86
DISTRITO,CONDESA,MAYO,65485,2248,567,240,25.22,10.68,3.43,0.87
DISTRITO,CONSTITUCION,ABRIL,48344,1437,370,155,25.75,10.79,2.97,0.77
DISTRITO,CONSTITUCION,ENERO,45880,1240,326,134,26.29,10.81,2.7,0.71
DISTRITO,CONSTITUCION,FEBRERO,46794,1320,331,102,25.08,7.73,2.82,0.71
DISTRITO,CONSTITUCION,MARZO,47682,1323,358,112,27.06,8.47,2.77,0.75
DISTRITO,CONSTITUCION,MAYO,49204,1952,468,174,23.98,8.91,3.97,0.95
DISTRITO,CORDOBA / ORIZABA,ABRIL,31901,523,110,14,21.03,2.68,1.64,0.34
DISTRITO,CORDOBA / ORIZABA,ENERO,30253,501,139,19,27.74,3.79,1.66,0.46
DISTRITO,CORDOBA / ORIZABA,FEBRERO,30919,488,146,12,29.92,2.46,1.58,0.47
DISTRITO,CORDOBA / ORIZABA,MARZO,31513,628,156,15,24.84,2.39,1.99,0.5
DISTRITO,CORDOBA / ORIZABA,MAYO,32342,645,139,25,21.55,3.88,1.99,0.43
DISTRITO,CUERNAVACA BUGAMBILIAS,ABRIL,27903,703,139,33,19.77,4.69,2.52,0.5
DISTRITO,CUERNAVACA BUGAMBILIAS,ENERO,26350,655,155,54,23.66,8.24,2.49,0.59
DISTRITO,CUERNAVACA BUGAMBILIAS,FEBRERO,26832,666,118,37,17.72,5.56,2.48,0.44
DISTRITO,CUERNAVACA BUGAMBILIAS,MARZO,27459,726,175,45,24.1,6.2,2.64,0.64
DISTRITO,CUERNAVACA BUGAMBILIAS,MAYO,28333,718,156,41,21.73,5.71,2.53,0.55
DISTRITO,CUERNAVACA DE CORTEZ,ABRIL,32380,871,171,55,19.63,6.31,2.69,0.53
DISTRITO,CUERNAVACA DE CORTEZ,ENERO,30804,746,172,50,23.06,6.7,2.42,0.56
DISTRITO,CUERNAVACA DE CORTEZ,FEBRERO,31367,731,184,57,25.17,7.8,2.33,0.59
DISTRITO,CUERNAVACA DE CORTEZ,MARZO,31880,877,171,46,19.5,5.25,2.75,0.54
DISTRITO,CUERNAVACA DE CORTEZ,MAYO,32942,847,153,59,18.06,6.97,2.57,0.46
DISTRITO,CULIACAN,ABRIL,31431,801,185,53,23.1,6.62,2.55,0.59
DISTRITO,CULIACAN,ENERO,28120,766,170,52,22.19,6.79,2.72,0.6
DISTRITO,CULIACAN,FEBRERO,29315,643,146,33,22.71,5.13,2.19,0.5
DISTRITO,CULIACAN,MARZO,30466,854,201,53,23.54,6.21,2.8,0.66
DISTRITO,CULIACAN,MAYO,32542,1083,231,81,21.33,7.48,3.33,0.71
DISTRITO,DELTA,ABRIL,48531,2115,567,316,26.81,14.94,4.36,1.17
DISTRITO,DELTA,ENERO,45451,2056,628,282,30.54,13.72,4.52,1.38
DISTRITO,DELTA,FEBRERO,46546,1772,527,239,29.74,13.49,3.81,1.13
DISTRITO,DELTA,MARZO,47691,2062,585,256,28.37,12.42,4.32,1.23
DISTRITO,DELTA,MAYO,49432,2484,644,317,25.93,12.76,5.03,1.3
DISTRITO,ECATEPEC,ABRIL,44170,1203,236,62,19.62,5.15,2.72,0.53
DISTRITO,ECATEPEC,ENERO,41665,1164,308,78,26.46,6.7,2.79,0.74
DISTRITO,ECATEPEC,FEBRERO,42584,1078,224,54,20.78,5.01,2.53,0.53
DISTRITO,ECATEPEC,MARZO,43393,1186,217,54,18.3,4.55,2.73,0.5
DISTRITO,ECATEPEC,MAYO,45044,1374,272,93,19.8,6.77,3.05,0.6
DISTRITO,GDL BARRANCA,ABRIL,40004,2255,552,251,24.48,11.13,5.64,1.38
DISTRITO,GDL BARRANCA,ENERO,38421,2152,595,284,27.65,13.2,5.6,1.55
DISTRITO,GDL BARRANCA,FEBRERO,38980,2113,556,271,26.31,12.83,5.42,1.43
DISTRITO,GDL BARRANCA,MARZO,39593,2214,548,279,24.75,12.6,5.59,1.38
DISTRITO,GDL BARRANCA,MAYO,40318,2536,565,285,22.28,11.24,6.29,1.4
DISTRITO,GDL CHAPULTEPEC,ABRIL,43941,2771,919,483,33.16,17.43,6.31,2.09
DISTRITO,GDL CHAPULTEPEC,ENERO,42872,2547,703,384,27.6,15.08,5.94,1.64
DISTRITO,GDL CHAPULTEPEC,FEBRERO,43308,2494,707,337,28.35,13.51,5.76,1.63
DISTRITO,GDL CHAPULTEPEC,MARZO,43658,2866,862,446,30.08,15.56,6.56,1.97
DISTRITO,GDL CHAPULTEPEC,MAYO,44230,2964,878,408,29.62,13.77,6.7,1.99
DISTRITO,GDL COLOMOS,ABRIL,63525,3161,922,443,29.17,14.01,4.98,1.45
DISTRITO,GDL COLOMOS,ENERO,59932,2968,733,369,24.7,12.43,4.95,1.22
DISTRITO,GDL COLOMOS,FEBRERO,61276,3101,843,401,27.18,12.93,5.06,1.38
DISTRITO,GDL COLOMOS,MARZO,62478,3182,877,373,27.56,11.72,5.09,1.4
DISTRITO,GDL COLOMOS,MAYO,64465,3398,943,480,27.75,14.13,5.27,1.46
DISTRITO,GDL EL SALTO,ABRIL,0,0,0,0,0,0,0,0
DISTRITO,GDL EL SALTO,ENERO,0,0,0,0,0,0,0,0
DISTRITO,GDL EL SALTO,FEBRERO,0,0,0,0,0,0,0,0
DISTRITO,GDL EL SALTO,MARZO,0,0,0,0,0,0,0,0
DISTRITO,GDL EL SALTO,MAYO,29,5,1,0,20,0,17.24,3.45
DISTRITO,GDL EL TAPATIO,ABRIL,20162,959,234,116,24.4,12.1,4.76,1.16
DISTRITO,GDL EL TAPATIO,ENERO,18396,1001,229,110,22.88,10.99,5.44,1.24
DISTRITO,GDL EL TAPATIO,FEBRERO,19005,985,300,125,30.46,12.69,5.18,1.58
DISTRITO,GDL EL TAPATIO,MARZO,19624,1086,306,150,28.18,13.81,5.53,1.56
DISTRITO,GDL EL TAPATIO,MAYO,20824,1144,316,154,27.62,13.46,5.49,1.52
DISTRITO,GDL ESTADIO,ABRIL,53984,2875,684,304,23.79,10.57,5.33,1.27
DISTRITO,GDL ESTADIO,ENERO,52184,2265,534,229,23.58,10.11,4.34,1.02
DISTRITO,GDL ESTADIO,FEBRERO,52874,2286,524,230,22.92,10.06,4.32,0.99
DISTRITO,GDL ESTADIO,MARZO,53458,2380,535,218,22.48,9.16,4.45,1
DISTRITO,GDL ESTADIO,MAYO,54394,2831,639,284,22.57,10.03,5.2,1.17
DISTRITO,GDL LA PRIMAVERA,ABRIL,49384,3112,781,412,25.1,13.24,6.3,1.58
DISTRITO,GDL LA PRIMAVERA,ENERO,47613,3343,976,576,29.2,17.23,7.02,2.05
DISTRITO,GDL LA PRIMAVERA,FEBRERO,48402,3116,882,446,28.31,14.31,6.44,1.82
DISTRITO,GDL LA PRIMAVERA,MARZO,48934,2853,768,346,26.92,12.13,5.83,1.57
DISTRITO,GDL LA PRIMAVERA,MAYO,49997,3280,837,418,25.52,12.74,6.56,1.67
DISTRITO,GDL LAZARO CARDENAS,ABRIL,62265,4116,1319,710,32.05,17.25,6.61,2.12
DISTRITO,GDL LAZARO CARDENAS,ENERO,58702,3676,1058,623,28.78,16.95,6.26,1.8
DISTRITO,GDL LAZARO CARDENAS,FEBRERO,60027,3724,1116,557,29.97,14.96,6.2,1.86
DISTRITO,GDL LAZARO CARDENAS,MARZO,61273,4201,1358,666,32.33,15.85,6.86,2.22
DISTRITO,GDL LAZARO CARDENAS,MAYO,63202,4521,1290,724,28.53,16.01,7.15,2.04
DISTRITO,GDL LOPEZ MATEOS,ABRIL,49289,3990,1364,822,34.19,20.6,8.1,2.77
DISTRITO,GDL LOPEZ MATEOS,ENERO,47281,4127,1327,845,32.15,20.47,8.73,2.81
DISTRITO,GDL LOPEZ MATEOS,FEBRERO,48071,3556,1135,690,31.92,19.4,7.4,2.36
DISTRITO,GDL LOPEZ MATEOS,MARZO,48739,4471,1537,802,34.38,17.94,9.17,3.15
DISTRITO,GDL LOPEZ MATEOS,MAYO,49917,4014,1323,751,32.96,18.71,8.04,2.65
DISTRITO,GUADALUPE TEPEYAC,ABRIL,44884,1555,393,145,25.27,9.32,3.46,0.88
DISTRITO,GUADALUPE TEPEYAC,ENERO,42643,1454,401,148,27.58,10.18,3.41,0.94
DISTRITO,GUADALUPE TEPEYAC,FEBRERO,43570,1415,398,133,28.13,9.4,3.25,0.91
DISTRITO,GUADALUPE TEPEYAC,MARZO,44289,1587,405,112,25.52,7.06,3.58,0.91
DISTRITO,GUADALUPE TEPEYAC,MAYO,45576,1764,486,176,27.55,9.98,3.87,1.07
DISTRITO,GUANAJUATO,ABRIL,14798,610,207,32,33.93,5.25,4.12,1.4
DISTRITO,GUANAJUATO,ENERO,12867,414,151,34,36.47,8.21,3.22,1.17
DISTRITO,GUANAJUATO,FEBRERO,13575,447,114,27,25.5,6.04,3.29,0.84
DISTRITO,GUANAJUATO,MARZO,14221,590,159,26,26.95,4.41,4.15,1.12
DISTRITO,GUANAJUATO,MAYO,15391,598,178,29,29.77,4.85,3.89,1.16
DISTRITO,HERMOSILLO,ABRIL,29882,1055,271,82,25.69,7.77,3.53,0.91
DISTRITO,HERMOSILLO,ENERO,27261,865,197,73,22.77,8.44,3.17,0.72
DISTRITO,HERMOSILLO,FEBRERO,28183,675,211,57,31.26,8.44,2.4,0.75
DISTRITO,HERMOSILLO,MARZO,29164,906,248,88,27.37,9.71,3.11,0.85
DISTRITO,HERMOSILLO,MAYO,30666,1000,213,64,21.3,6.4,3.26,0.69
DISTRITO,HUEHUETOCA,ABRIL,17698,468,190,40,40.6,8.55,2.64,1.07
DISTRITO,HUEHUETOCA,ENERO,13921,418,165,34,39.47,8.13,3,1.19
DISTRITO,HUEHUETOCA,FEBRERO,14745,437,154,42,35.24,9.61,2.96,1.04
DISTRITO,HUEHUETOCA,MARZO,16079,459,155,29,33.77,6.32,2.85,0.96
DISTRITO,HUEHUETOCA,MAYO,19202,537,198,47,36.87,8.75,2.8,1.03
DISTRITO,IRAPUATO,ABRIL,35660,843,220,57,26.1,6.76,2.36,0.62
DISTRITO,IRAPUATO,ENERO,32711,897,261,76,29.1,8.47,2.74,0.8
DISTRITO,IRAPUATO,FEBRERO,33855,718,197,39,27.44,5.43,2.12,0.58
DISTRITO,IRAPUATO,MARZO,34765,964,252,54,26.14,5.6,2.77,0.72
DISTRITO,IRAPUATO,MAYO,36423,934,216,51,23.13,5.46,2.56,0.59
DISTRITO,IZTAPALAPA,ABRIL,47737,1530,391,131,25.56,8.56,3.21,0.82
DISTRITO,IZTAPALAPA,ENERO,45015,1377,361,116,26.22,8.42,3.06,0.8
DISTRITO,IZTAPALAPA,FEBRERO,46047,1344,335,83,24.93,6.18,2.92,0.73
DISTRITO,IZTAPALAPA,MARZO,46921,1502,416,115,27.7,7.66,3.2,0.89
DISTRITO,IZTAPALAPA,MAYO,48559,1798,449,139,24.97,7.73,3.7,0.92
DISTRITO,JUAREZ NORTE,ABRIL,60809,4133,1600,982,38.71,23.76,6.8,2.63
DISTRITO,JUAREZ NORTE,ENERO,57941,4277,1607,1005,37.57,23.5,7.38,2.77
DISTRITO,JUAREZ NORTE,FEBRERO,59090,3754,1552,919,41.34,24.48,6.35,2.63
DISTRITO,JUAREZ NORTE,MARZO,60017,4495,1560,866,34.71,19.27,7.49,2.6
DISTRITO,JUAREZ NORTE,MAYO,61733,4179,1414,818,33.84,19.57,6.77,2.29
DISTRITO,JUAREZ SUR,ABRIL,71909,3542,921,480,26,13.55,4.93,1.28
DISTRITO,JUAREZ SUR,ENERO,66284,3376,1187,630,35.16,18.66,5.09,1.79
DISTRITO,JUAREZ SUR,FEBRERO,68078,3222,1139,588,35.35,18.25,4.73,1.67
DISTRITO,JUAREZ SUR,MARZO,70182,3515,1167,542,33.2,15.42,5.01,1.66
DISTRITO,JUAREZ SUR,MAYO,73503,3176,754,368,23.74,11.59,4.32,1.03
DISTRITO,LA LAGUNA GOMEZ,ABRIL,28215,852,274,81,32.16,9.51,3.02,0.97
DISTRITO,LA LAGUNA GOMEZ,ENERO,24769,627,249,58,39.71,9.25,2.53,1.01
DISTRITO,LA LAGUNA GOMEZ,FEBRERO,25935,689,261,55,37.88,7.98,2.66,1.01
DISTRITO,LA LAGUNA GOMEZ,MARZO,27056,920,319,81,34.67,8.8,3.4,1.18
DISTRITO,LA LAGUNA GOMEZ,MAYO,29296,983,258,95,26.25,9.66,3.36,0.88
DISTRITO,LA LAGUNA TORREON,ABRIL,31343,929,233,86,25.08,9.26,2.96,0.74
DISTRITO,LA LAGUNA TORREON,ENERO,28342,834,254,69,30.46,8.27,2.94,0.9
DISTRITO,LA LAGUNA TORREON,FEBRERO,29313,837,275,92,32.86,10.99,2.86,0.94
DISTRITO,LA LAGUNA TORREON,MARZO,30353,784,211,65,26.91,8.29,2.58,0.7
DISTRITO,LA LAGUNA TORREON,MAYO,32768,1097,280,106,25.52,9.66,3.35,0.85
DISTRITO,LAS AGUILAS,ABRIL,32621,831,173,64,20.82,7.7,2.55,0.53
DISTRITO,LAS AGUILAS,ENERO,31066,862,207,81,24.01,9.4,2.77,0.67
DISTRITO,LAS AGUILAS,FEBRERO,31678,897,214,91,23.86,10.14,2.83,0.68
DISTRITO,LAS AGUILAS,MARZO,32180,913,211,79,23.11,8.65,2.84,0.66
DISTRITO,LAS AGUILAS,MAYO,33070,931,177,65,19.01,6.98,2.82,0.54
DISTRITO,LOS MOCHIS,ABRIL,14428,364,99,24,27.2,6.59,2.52,0.69
DISTRITO,LOS MOCHIS,ENERO,12661,315,96,24,30.48,7.62,2.49,0.76
DISTRITO,LOS MOCHIS,FEBRERO,13273,278,90,16,32.37,5.76,2.09,0.68
DISTRITO,LOS MOCHIS,MARZO,13950,358,97,19,27.09,5.31,2.57,0.7
DISTRITO,LOS MOCHIS,MAYO,14850,399,74,28,18.55,7.02,2.69,0.5
DISTRITO,LOS REYES,ABRIL,37931,758,174,38,22.96,5.01,2,0.46
DISTRITO,LOS REYES,ENERO,35724,861,206,37,23.93,4.3,2.41,0.58
DISTRITO,LOS REYES,FEBRERO,36626,829,236,49,28.47,5.91,2.26,0.64
DISTRITO,LOS REYES,MARZO,37461,942,221,42,23.46,4.46,2.51,0.59
DISTRITO,LOS REYES,MAYO,38706,953,176,44,18.47,4.62,2.46,0.45
DISTRITO,MATAMOROS,ABRIL,11,0,0,0,0,0,0,0
DISTRITO,MATAMOROS,ENERO,0,0,1,0,#¡NUM!,0,0,#¡NUM!
DISTRITO,MATAMOROS,FEBRERO,0,0,0,0,0,0,0,0
DISTRITO,MATAMOROS,MARZO,0,0,0,0,0,0,0,0
DISTRITO,MATAMOROS,MAYO,1657,52,51,1,98.08,1.92,3.14,3.08
DISTRITO,MAZATLAN,ABRIL,22721,612,158,52,25.82,8.5,2.69,0.7
DISTRITO,MAZATLAN,ENERO,19806,782,267,84,34.14,10.74,3.95,1.35
DISTRITO,MAZATLAN,FEBRERO,20709,683,235,75,34.41,10.98,3.3,1.13
DISTRITO,MAZATLAN,MARZO,21830,716,218,62,30.45,8.66,3.28,1
DISTRITO,MAZATLAN,MAYO,23448,707,186,55,26.31,7.78,3.02,0.79
DISTRITO,MERIDA NORTE,ABRIL,23492,1150,325,131,28.26,11.39,4.9,1.38
DISTRITO,MERIDA NORTE,ENERO,21967,1325,418,173,31.55,13.06,6.03,1.9
DISTRITO,MERIDA NORTE,FEBRERO,22599,1202,414,146,34.44,12.15,5.32,1.83
DISTRITO,MERIDA NORTE,MARZO,23131,1402,471,173,33.59,12.34,6.06,2.04
DISTRITO,MERIDA NORTE,MAYO,23938,1175,345,159,29.36,13.53,4.91,1.44
DISTRITO,MERIDA SUR,ABRIL,29429,1216,349,119,28.7,9.79,4.13,1.19
DISTRITO,MERIDA SUR,ENERO,27353,904,212,73,23.45,8.08,3.3,0.78
DISTRITO,MERIDA SUR,FEBRERO,28201,944,221,86,23.41,9.11,3.35,0.78
DISTRITO,MERIDA SUR,MARZO,28912,1266,340,119,26.86,9.4,4.38,1.18
DISTRITO,MERIDA SUR,MAYO,29897,1077,262,81,24.33,7.52,3.6,0.88
DISTRITO,MEXICALI,ABRIL,38505,1076,300,97,27.88,9.01,2.79,0.78
DISTRITO,MEXICALI,ENERO,35285,945,257,66,27.2,6.98,2.68,0.73
DISTRITO,MEXICALI,FEBRERO,36430,980,255,86,26.02,8.78,2.69,0.7
DISTRITO,MEXICALI,MARZO,37659,1219,352,90,28.88,7.38,3.24,0.93
DISTRITO,MEXICALI,MAYO,39434,1404,388,142,27.64,10.11,3.56,0.98
DISTRITO,MORELIA,ABRIL,27140,588,142,33,24.15,5.61,2.17,0.52
DISTRITO,MORELIA,ENERO,25776,567,157,29,27.69,5.11,2.2,0.61
DISTRITO,MORELIA,FEBRERO,26317,533,155,38,29.08,7.13,2.03,0.59
DISTRITO,MORELIA,MARZO,26794,636,150,41,23.58,6.45,2.37,0.56
DISTRITO,MORELIA,MAYO,27603,616,109,27,17.69,4.38,2.23,0.39
DISTRITO,MTY AEROPUERTO,ABRIL,20533,756,236,175,31.22,23.15,3.68,1.15
DISTRITO,MTY AEROPUERTO,ENERO,18268,564,206,69,36.52,12.23,3.09,1.13
DISTRITO,MTY AEROPUERTO,FEBRERO,18974,611,200,105,32.73,17.18,3.22,1.05
DISTRITO,MTY AEROPUERTO,MARZO,19661,710,226,119,31.83,16.76,3.61,1.15
DISTRITO,MTY AEROPUERTO,MAYO,21254,892,296,142,33.18,15.92,4.2,1.39
DISTRITO,MTY CARRETERA NACIONAL,ABRIL,22216,1169,443,231,37.9,19.76,5.26,1.99
DISTRITO,MTY CARRETERA NACIONAL,ENERO,19288,991,347,169,35.02,17.05,5.14,1.8
DISTRITO,MTY CARRETERA NACIONAL,FEBRERO,20347,1251,441,191,35.25,15.27,6.15,2.17
DISTRITO,MTY CARRETERA NACIONAL,MARZO,21393,1177,488,229,41.46,19.46,5.5,2.28
DISTRITO,MTY CARRETERA NACIONAL,MAYO,23422,1376,433,230,31.47,16.72,5.87,1.85
DISTRITO,MTY CERRO DE LA SILLA,ABRIL,34242,1467,395,192,26.93,13.09,4.28,1.15
DISTRITO,MTY CERRO DE LA SILLA,ENERO,30815,1544,540,230,34.97,14.9,5.01,1.75
DISTRITO,MTY CERRO DE LA SILLA,FEBRERO,32320,1421,460,202,32.37,14.22,4.4,1.42
DISTRITO,MTY CERRO DE LA SILLA,MARZO,33408,1440,446,168,30.97,11.67,4.31,1.34
DISTRITO,MTY CERRO DE LA SILLA,MAYO,35060,1560,378,188,24.23,12.05,4.45,1.08
DISTRITO,MTY GARCIA,ABRIL,27535,1328,432,213,32.53,16.04,4.82,1.57
DISTRITO,MTY GARCIA,ENERO,25641,1290,385,194,29.84,15.04,5.03,1.5
DISTRITO,MTY GARCIA,FEBRERO,26207,1349,435,247,32.25,18.31,5.15,1.66
DISTRITO,MTY GARCIA,MARZO,26980,1386,443,227,31.96,16.38,5.14,1.64
DISTRITO,MTY GARCIA,MAYO,28686,1431,432,209,30.19,14.61,4.99,1.51
DISTRITO,MTY MITRAS,ABRIL,34775,1880,584,302,31.06,16.06,5.41,1.68
DISTRITO,MTY MITRAS,ENERO,32497,1823,616,284,33.79,15.58,5.61,1.9
DISTRITO,MTY MITRAS,FEBRERO,33214,1446,510,257,35.27,17.77,4.35,1.54
DISTRITO,MTY MITRAS,MARZO,34114,1825,566,273,31.01,14.96,5.35,1.66
DISTRITO,MTY MITRAS,MAYO,35505,2414,664,324,27.51,13.42,6.8,1.87
DISTRITO,MTY SANTA LUCIA,ABRIL,52578,2383,607,321,25.47,13.47,4.53,1.15
DISTRITO,MTY SANTA LUCIA,ENERO,49738,2093,600,258,28.67,12.33,4.21,1.21
DISTRITO,MTY SANTA LUCIA,FEBRERO,50838,1813,528,239,29.12,13.18,3.57,1.04
DISTRITO,MTY SANTA LUCIA,MARZO,51756,2052,532,247,25.93,12.04,3.96,1.03
DISTRITO,MTY SANTA LUCIA,MAYO,53175,2271,528,276,23.25,12.15,4.27,0.99
DISTRITO,MTY SENDERO DIVISORIO,ABRIL,46666,1985,490,279,24.69,14.06,4.25,1.05
DISTRITO,MTY SENDERO DIVISORIO,ENERO,44208,1718,485,206,28.23,11.99,3.89,1.1
DISTRITO,MTY SENDERO DIVISORIO,FEBRERO,45153,1426,406,164,28.47,11.5,3.16,0.9
DISTRITO,MTY SENDERO DIVISORIO,MARZO,46029,1629,410,166,25.17,10.19,3.54,0.89
DISTRITO,MTY SENDERO DIVISORIO,MAYO,47357,1840,420,204,22.83,11.09,3.89,0.89
DISTRITO,MTY SIERRA MADRE,ABRIL,30012,1441,406,208,28.17,14.43,4.8,1.35
DISTRITO,MTY SIERRA MADRE,ENERO,28274,1588,506,273,31.86,17.19,5.62,1.79
DISTRITO,MTY SIERRA MADRE,FEBRERO,28945,1261,351,153,27.84,12.13,4.36,1.21
DISTRITO,MTY SIERRA MADRE,MARZO,29542,1250,329,139,26.32,11.12,4.23,1.11
DISTRITO,MTY SIERRA MADRE,MAYO,30618,1571,497,242,31.64,15.4,5.13,1.62
DISTRITO,NAUCALPAN,ABRIL,24982,588,153,30,26.02,5.1,2.35,0.61
DISTRITO,NAUCALPAN,ENERO,22631,589,178,51,30.22,8.66,2.6,0.79
DISTRITO,NAUCALPAN,FEBRERO,23439,572,186,58,32.52,10.14,2.44,0.79
DISTRITO,NAUCALPAN,MARZO,24250,659,180,35,27.31,5.31,2.72,0.74
DISTRITO,NAUCALPAN,MAYO,25864,811,182,49,22.44,6.04,3.14,0.7
DISTRITO,NEZA 1,ABRIL,54047,1487,285,89,19.17,5.99,2.75,0.53
DISTRITO,NEZA 1,ENERO,52249,1354,276,70,20.38,5.17,2.59,0.53
DISTRITO,NEZA 1,FEBRERO,52737,1311,248,74,18.92,5.64,2.49,0.47
DISTRITO,NEZA 1,MARZO,53457,1486,299,88,20.12,5.92,2.78,0.56
DISTRITO,NEZA 1,MAYO,54673,1670,292,111,17.49,6.65,3.05,0.53
DISTRITO,NEZA 2,ABRIL,53900,1558,293,103,18.81,6.61,2.89,0.54
DISTRITO,NEZA 2,ENERO,52280,1514,332,123,21.93,8.12,2.9,0.64
DISTRITO,NEZA 2,FEBRERO,52899,1414,316,103,22.35,7.28,2.67,0.6
DISTRITO,NEZA 2,MARZO,53456,1428,314,93,21.99,6.51,2.67,0.59
DISTRITO,NEZA 2,MAYO,54306,1738,354,121,20.37,6.96,3.2,0.65
DISTRITO,NICOLAS ROMERO,ABRIL,49568,1164,234,93,20.1,7.99,2.35,0.47
DISTRITO,NICOLAS ROMERO,ENERO,48328,1136,255,108,22.45,9.51,2.35,0.53
DISTRITO,NICOLAS ROMERO,FEBRERO,48871,1129,266,85,23.56,7.53,2.31,0.54
DISTRITO,NICOLAS ROMERO,MARZO,49313,1174,270,106,23,9.03,2.38,0.55
DISTRITO,NICOLAS ROMERO,MAYO,49787,1269,281,109,22.14,8.59,2.55,0.56
DISTRITO,NUEVO LAREDO,ABRIL,0,0,0,0,0,0,0,0
DISTRITO,NUEVO LAREDO,ENERO,0,0,0,0,0,0,0,0
DISTRITO,NUEVO LAREDO,FEBRERO,0,0,0,0,0,0,0,0
DISTRITO,NUEVO LAREDO,MARZO,0,0,0,0,0,0,0,0
DISTRITO,NUEVO LAREDO,MAYO,0,0,0,0,0,0,0,0
DISTRITO,OJO DE AGUA,ABRIL,18671,541,170,44,31.42,8.13,2.9,0.91
DISTRITO,OJO DE AGUA,ENERO,14519,521,297,43,57.01,8.25,3.59,2.05
DISTRITO,OJO DE AGUA,FEBRERO,16136,518,285,35,55.02,6.76,3.21,1.77
DISTRITO,OJO DE AGUA,MARZO,17529,520,228,47,43.85,9.04,2.97,1.3
DISTRITO,OJO DE AGUA,MAYO,19740,524,148,44,28.24,8.4,2.65,0.75
DISTRITO,PACHUCA,ABRIL,55844,1537,406,102,26.42,6.64,2.75,0.73
DISTRITO,PACHUCA,ENERO,53227,1460,380,103,26.03,7.05,2.74,0.71
DISTRITO,PACHUCA,FEBRERO,54336,1399,359,83,25.66,5.93,2.57,0.66
DISTRITO,PACHUCA,MARZO,55210,1489,393,101,26.39,6.78,2.7,0.71
DISTRITO,PACHUCA,MAYO,56484,1657,343,83,20.7,5.01,2.93,0.61
DISTRITO,PEDREGAL,ABRIL,38075,1235,239,94,19.35,7.61,3.24,0.63
DISTRITO,PEDREGAL,ENERO,36503,1122,243,83,21.66,7.4,3.07,0.67
DISTRITO,PEDREGAL,FEBRERO,37110,1244,281,97,22.59,7.8,3.35,0.76
DISTRITO,PEDREGAL,MARZO,37638,1229,271,87,22.05,7.08,3.27,0.72
DISTRITO,PEDREGAL,MAYO,38610,1344,272,98,20.24,7.29,3.48,0.7
DISTRITO,PIEDRAS NEGRAS / MONCLOVA,ABRIL,559,10,3,2,30,20,1.79,0.54
DISTRITO,PIEDRAS NEGRAS / MONCLOVA,ENERO,0,0,0,0,0,0,0,0
DISTRITO,PIEDRAS NEGRAS / MONCLOVA,FEBRERO,0,0,0,0,0,0,0,0
DISTRITO,PIEDRAS NEGRAS / MONCLOVA,MARZO,3,0,0,0,0,0,0,0
DISTRITO,PIEDRAS NEGRAS / MONCLOVA,MAYO,3648,130,18,14,13.85,10.77,3.56,0.49
DISTRITO,POLANCO,ABRIL,15010,537,175,65,32.59,12.1,3.58,1.17
DISTRITO,POLANCO,ENERO,14140,482,141,59,29.25,12.24,3.41,1
DISTRITO,POLANCO,FEBRERO,14397,525,154,65,29.33,12.38,3.65,1.07
DISTRITO,POLANCO,MARZO,14715,576,189,54,32.81,9.38,3.91,1.28
DISTRITO,POLANCO,MAYO,15416,828,235,101,28.38,12.2,5.37,1.52
DISTRITO,PORTALES,ABRIL,40981,1852,372,149,20.09,8.05,4.52,0.91
DISTRITO,PORTALES,ENERO,39393,1744,387,139,22.19,7.97,4.43,0.98
DISTRITO,PORTALES,FEBRERO,40006,1397,316,109,22.62,7.8,3.49,0.79
DISTRITO,PORTALES,MARZO,40549,1625,374,125,23.02,7.69,4.01,0.92
DISTRITO,PORTALES,MAYO,41520,1951,386,158,19.78,8.1,4.7,0.93
DISTRITO,POZA RICA,ABRIL,12503,255,48,13,18.82,5.1,2.04,0.38
DISTRITO,POZA RICA,ENERO,11853,311,82,28,26.37,9,2.62,0.69
DISTRITO,POZA RICA,FEBRERO,12104,253,65,13,25.69,5.14,2.09,0.54
DISTRITO,POZA RICA,MARZO,12318,283,65,24,22.97,8.48,2.3,0.53
DISTRITO,POZA RICA,MAYO,12697,293,39,14,13.31,4.78,2.31,0.31
DISTRITO,PUE ANGELOPOLIS,ABRIL,59592,1033,185,45,17.91,4.36,1.73,0.31
DISTRITO,PUE ANGELOPOLIS,ENERO,56488,938,191,40,20.36,4.26,1.66,0.34
DISTRITO,PUE ANGELOPOLIS,FEBRERO,57726,886,168,41,18.96,4.63,1.53,0.29
DISTRITO,PUE ANGELOPOLIS,MARZO,58765,1056,196,53,18.56,5.02,1.8,0.33
DISTRITO,PUE ANGELOPOLIS,MAYO,60443,1110,184,59,16.58,5.32,1.84,0.3
DISTRITO,PUE LA NORIA,ABRIL,49193,1092,241,69,22.07,6.32,2.22,0.49
DISTRITO,PUE LA NORIA,ENERO,46890,987,239,61,24.21,6.18,2.1,0.51
DISTRITO,PUE LA NORIA,FEBRERO,47795,1037,238,59,22.95,5.69,2.17,0.5
DISTRITO,PUE LA NORIA,MARZO,48603,1048,285,66,27.19,6.3,2.16,0.59
DISTRITO,PUE LA NORIA,MAYO,49980,1226,296,75,24.14,6.12,2.45,0.59
DISTRITO,PUE LORETO,ABRIL,47145,863,166,37,19.24,4.29,1.83,0.35
DISTRITO,PUE LORETO,ENERO,45159,788,150,51,19.04,6.47,1.74,0.33
DISTRITO,PUE LORETO,FEBRERO,46038,711,153,23,21.52,3.23,1.54,0.33
DISTRITO,PUE LORETO,MARZO,46689,911,175,48,19.21,5.27,1.95,0.37
DISTRITO,PUE LORETO,MAYO,47761,912,153,39,16.78,4.28,1.91,0.32
DISTRITO,PUERTO VALLARTA,ABRIL,24262,909,262,111,28.82,12.21,3.75,1.08
DISTRITO,PUERTO VALLARTA,ENERO,22622,992,343,171,34.58,17.24,4.39,1.52
DISTRITO,PUERTO VALLARTA,FEBRERO,23211,897,278,123,30.99,13.71,3.86,1.2
DISTRITO,PUERTO VALLARTA,MARZO,23747,909,226,86,24.86,9.46,3.83,0.95
DISTRITO,PUERTO VALLARTA,MAYO,24779,1011,257,104,25.42,10.29,4.08,1.04
DISTRITO,QUERETARO CORREGIDORA,ABRIL,19319,590,141,61,23.9,10.34,3.05,0.73
DISTRITO,QUERETARO CORREGIDORA,ENERO,17938,453,109,26,24.06,5.74,2.53,0.61
DISTRITO,QUERETARO CORREGIDORA,FEBRERO,18421,464,126,41,27.16,8.84,2.52,0.68
DISTRITO,QUERETARO CORREGIDORA,MARZO,18839,568,136,35,23.94,6.16,3.02,0.72
DISTRITO,QUERETARO CORREGIDORA,MAYO,19754,659,164,50,24.89,7.59,3.34,0.83
DISTRITO,QUERETARO SANTIAGO,ABRIL,21809,611,112,45,18.33,7.36,2.8,0.51
DISTRITO,QUERETARO SANTIAGO,ENERO,20632,641,152,45,23.71,7.02,3.11,0.74
DISTRITO,QUERETARO SANTIAGO,FEBRERO,21094,698,130,41,18.62,5.87,3.31,0.62
DISTRITO,QUERETARO SANTIAGO,MARZO,21540,716,155,48,21.65,6.7,3.32,0.72
DISTRITO,QUERETARO SANTIAGO,MAYO,22149,856,167,55,19.51,6.43,3.86,0.75
DISTRITO,REYNOSA,ABRIL,6320,388,371,95,95.62,24.48,6.14,5.87
DISTRITO,REYNOSA,ENERO,96,1,0,0,0,0,1.04,0
DISTRITO,REYNOSA,FEBRERO,1099,89,15,3,16.85,3.37,8.1,1.36
DISTRITO,REYNOSA,MARZO,3868,272,210,23,77.21,8.46,7.03,5.43
DISTRITO,REYNOSA,MAYO,9412,510,397,67,77.84,13.14,5.42,4.22
DISTRITO,SALTILLO,ABRIL,62642,1846,433,193,23.46,10.46,2.95,0.69
DISTRITO,SALTILLO,ENERO,57760,2032,665,276,32.73,13.58,3.52,1.15
DISTRITO,SALTILLO,FEBRERO,59880,1711,504,211,29.46,12.33,2.86,0.84
DISTRITO,SALTILLO,MARZO,61613,1752,502,190,28.65,10.84,2.84,0.81
DISTRITO,SALTILLO,MAYO,63828,2324,510,228,21.94,9.81,3.64,0.8
DISTRITO,SAN LUIS POTOSI ORIENTE,ABRIL,71675,2681,651,504,24.28,18.8,3.74,0.91
DISTRITO,SAN LUIS POTOSI ORIENTE,ENERO,69138,2858,724,321,25.33,11.23,4.13,1.05
DISTRITO,SAN LUIS POTOSI ORIENTE,FEBRERO,70193,2518,682,351,27.08,13.94,3.59,0.97
DISTRITO,SAN LUIS POTOSI ORIENTE,MARZO,70986,2553,598,324,23.42,12.69,3.6,0.84
DISTRITO,SAN LUIS POTOSI ORIENTE,MAYO,72472,3572,783,489,21.92,13.69,4.93,1.08
DISTRITO,SAN LUIS POTOSI PONIENTE,ABRIL,58964,2378,598,291,25.15,12.24,4.03,1.01
DISTRITO,SAN LUIS POTOSI PONIENTE,ENERO,56109,2165,667,266,30.81,12.29,3.86,1.19
DISTRITO,SAN LUIS POTOSI PONIENTE,FEBRERO,57441,2049,579,200,28.26,9.76,3.57,1.01
DISTRITO,SAN LUIS POTOSI PONIENTE,MARZO,58374,2275,554,205,24.35,9.01,3.9,0.95
DISTRITO,SAN LUIS POTOSI PONIENTE,MAYO,59547,2489,637,306,25.59,12.29,4.18,1.07
DISTRITO,SANTA FE,ABRIL,41696,1128,203,72,18,6.38,2.71,0.49
DISTRITO,SANTA FE,ENERO,39968,1193,240,71,20.12,5.95,2.98,0.6
DISTRITO,SANTA FE,FEBRERO,40622,1121,227,69,20.25,6.16,2.76,0.56
DISTRITO,SANTA FE,MARZO,41241,1236,220,61,17.8,4.94,3,0.53
DISTRITO,SANTA FE,MAYO,42284,1398,264,112,18.88,8.01,3.31,0.62
DISTRITO,SATELITE,ABRIL,30898,1300,367,159,28.23,12.23,4.21,1.19
DISTRITO,SATELITE,ENERO,29847,1234,368,144,29.82,11.67,4.13,1.23
DISTRITO,SATELITE,FEBRERO,30216,1108,306,128,27.62,11.55,3.67,1.01
DISTRITO,SATELITE,MARZO,30528,1317,366,134,27.79,10.17,4.31,1.2
DISTRITO,SATELITE,MAYO,31372,1426,394,151,27.63,10.59,4.55,1.26
DISTRITO,TAMPICO,ABRIL,12512,621,312,64,50.24,10.31,4.96,2.49
DISTRITO,TAMPICO,ENERO,4548,426,339,42,79.58,9.86,9.37,7.45
DISTRITO,TAMPICO,FEBRERO,7563,586,259,57,44.2,9.73,7.75,3.42
DISTRITO,TAMPICO,MARZO,10307,680,362,78,53.24,11.47,6.6,3.51
DISTRITO,TAMPICO,MAYO,14628,759,389,74,51.25,9.75,5.19,2.66
DISTRITO,TECAMAC,ABRIL,52339,1526,293,108,19.2,7.08,2.92,0.56
DISTRITO,TECAMAC,ENERO,50664,1488,365,125,24.53,8.4,2.94,0.72
DISTRITO,TECAMAC,FEBRERO,51286,1371,310,92,22.61,6.71,2.67,0.6
DISTRITO,TECAMAC,MARZO,51857,1443,309,91,21.41,6.31,2.78,0.6
DISTRITO,TECAMAC,MAYO,52915,1724,340,132,19.72,7.66,3.26,0.64
DISTRITO,TEPIC,ABRIL,4459,104,55,3,52.88,2.88,2.33,1.23
DISTRITO,TEPIC,ENERO,1037,43,30,5,69.77,11.63,4.15,2.89
DISTRITO,TEPIC,FEBRERO,1751,68,35,6,51.47,8.82,3.88,2
DISTRITO,TEPIC,MARZO,3028,89,45,4,50.56,4.49,2.94,1.49
DISTRITO,TEPIC,MAYO,5515,175,93,11,53.14,6.29,3.17,1.69
DISTRITO,TEXCOCO,ABRIL,34882,948,202,87,21.31,9.18,2.72,0.58
DISTRITO,TEXCOCO,ENERO,33114,864,231,84,26.74,9.72,2.61,0.7
DISTRITO,TEXCOCO,FEBRERO,33738,843,217,63,25.74,7.47,2.5,0.64
DISTRITO,TEXCOCO,MARZO,34317,839,200,58,23.84,6.91,2.44,0.58
DISTRITO,TEXCOCO,MAYO,35578,868,230,84,26.5,9.68,2.44,0.65
DISTRITO,TIJ FRONTERA,ABRIL,45269,2169,653,323,30.11,14.89,4.79,1.44
DISTRITO,TIJ FRONTERA,ENERO,42964,2291,740,459,32.3,20.03,5.33,1.72
DISTRITO,TIJ FRONTERA,FEBRERO,43846,2104,621,324,29.52,15.4,4.8,1.42
DISTRITO,TIJ FRONTERA,MARZO,44539,2324,676,320,29.09,13.77,5.22,1.52
DISTRITO,TIJ FRONTERA,MAYO,46083,2113,661,322,31.28,15.24,4.59,1.43
DISTRITO,TIJ PLAYAS,ABRIL,39784,1223,350,133,28.62,10.87,3.07,0.88
DISTRITO,TIJ PLAYAS,ENERO,36885,1169,328,101,28.06,8.64,3.17,0.89
DISTRITO,TIJ PLAYAS,FEBRERO,37852,1105,263,100,23.8,9.05,2.92,0.69
DISTRITO,TIJ PLAYAS,MARZO,38893,1272,318,94,25,7.39,3.27,0.82
DISTRITO,TIJ PLAYAS,MAYO,40875,1095,270,88,24.66,8.04,2.68,0.66
DISTRITO,TIJ RIO,ABRIL,40370,2061,696,429,33.77,20.82,5.11,1.72
DISTRITO,TIJ RIO,ENERO,38461,2100,653,426,31.1,20.29,5.46,1.7
DISTRITO,TIJ RIO,FEBRERO,39144,2121,639,399,30.13,18.81,5.42,1.63
DISTRITO,TIJ RIO,MARZO,39785,2343,788,478,33.63,20.4,5.89,1.98
DISTRITO,TIJ RIO,MAYO,40910,2065,709,440,34.33,21.31,5.05,1.73
DISTRITO,TIJ TECATE,ABRIL,47768,2923,949,659,32.47,22.55,6.12,1.99
DISTRITO,TIJ TECATE,ENERO,45142,2916,935,557,32.06,19.1,6.46,2.07
DISTRITO,TIJ TECATE,FEBRERO,45968,2515,795,470,31.61,18.69,5.47,1.73
DISTRITO,TIJ TECATE,MARZO,47039,2973,963,537,32.39,18.06,6.32,2.05
DISTRITO,TIJ TECATE,MAYO,49157,2752,870,484,31.61,17.59,5.6,1.77
DISTRITO,TLALNEPANTLA,ABRIL,30377,751,150,82,19.97,10.92,2.47,0.49
DISTRITO,TLALNEPANTLA,ENERO,26946,724,234,57,32.32,7.87,2.69,0.87
DISTRITO,TLALNEPANTLA,FEBRERO,28220,739,236,66,31.94,8.93,2.62,0.84
DISTRITO,TLALNEPANTLA,MARZO,29336,826,244,78,29.54,9.44,2.82,0.83
DISTRITO,TLALNEPANTLA,MAYO,31379,903,210,98,23.26,10.85,2.88,0.67
DISTRITO,TLALPAN,ABRIL,46611,1552,284,119,18.3,7.67,3.33,0.61
DISTRITO,TLALPAN,ENERO,45274,1372,318,115,23.18,8.38,3.03,0.7
DISTRITO,TLALPAN,FEBRERO,45871,1352,299,103,22.12,7.62,2.95,0.65
DISTRITO,TLALPAN,MARZO,46254,1484,316,110,21.29,7.41,3.21,0.68
DISTRITO,TLALPAN,MAYO,46999,1647,347,123,21.07,7.47,3.5,0.74
DISTRITO,TOL LERMA SAN MATEO,ABRIL,57548,2156,525,250,24.35,11.6,3.75,0.91
DISTRITO,TOL LERMA SAN MATEO,ENERO,55221,2078,483,249,23.24,11.98,3.76,0.87
DISTRITO,TOL LERMA SAN MATEO,FEBRERO,56134,2136,564,230,26.4,10.77,3.81,1
DISTRITO,TOL LERMA SAN MATEO,MARZO,56756,2283,517,228,22.65,9.99,4.02,0.91
DISTRITO,TOL LERMA SAN MATEO,MAYO,58347,2436,567,288,23.28,11.82,4.18,0.97
DISTRITO,TOL METEPEC,ABRIL,38599,1610,382,156,23.73,9.69,4.17,0.99
DISTRITO,TOL METEPEC,ENERO,35607,1521,356,182,23.41,11.97,4.27,1
DISTRITO,TOL METEPEC,FEBRERO,36264,1356,410,178,30.24,13.13,3.74,1.13
DISTRITO,TOL METEPEC,MARZO,36786,1398,372,143,26.61,10.23,3.8,1.01
DISTRITO,TOL METEPEC,MAYO,39727,1654,443,162,26.78,9.79,4.16,1.12
DISTRITO,TOL SAN CARLOS,ABRIL,51513,2046,486,237,23.75,11.58,3.97,0.94
DISTRITO,TOL SAN CARLOS,ENERO,50214,1997,470,196,23.54,9.81,3.98,0.94
DISTRITO,TOL SAN CARLOS,FEBRERO,50804,1921,471,203,24.52,10.57,3.78,0.93
DISTRITO,TOL SAN CARLOS,MARZO,51255,2150,543,232,25.26,10.79,4.19,1.06
DISTRITO,TOL SAN CARLOS,MAYO,51927,2237,544,266,24.32,11.89,4.31,1.05
DISTRITO,TULTEPEC,ABRIL,58380,2637,747,428,28.33,16.23,4.52,1.28
DISTRITO,TULTEPEC,ENERO,56192,2349,554,339,23.58,14.43,4.18,0.99
DISTRITO,TULTEPEC,FEBRERO,57037,2333,593,321,25.42,13.76,4.09,1.04
DISTRITO,TULTEPEC,MARZO,57765,2668,791,407,29.65,15.25,4.62,1.37
DISTRITO,TULTEPEC,MAYO,59126,2818,708,359,25.12,12.74,4.77,1.2
DISTRITO,TULTITLAN,ABRIL,49397,1914,492,206,25.71,10.76,3.87,1
DISTRITO,TULTITLAN,ENERO,47412,1508,385,136,25.53,9.02,3.18,0.81
DISTRITO,TULTITLAN,FEBRERO,48207,1630,464,177,28.47,10.86,3.38,0.96
DISTRITO,TULTITLAN,MARZO,48863,1840,476,154,25.87,8.37,3.77,0.97
DISTRITO,TULTITLAN,MAYO,49927,2018,528,233,26.16,11.55,4.04,1.06
DISTRITO,TUXTLA,ABRIL,27866,630,164,39,26.03,6.19,2.26,0.59
DISTRITO,TUXTLA,ENERO,25689,470,132,25,28.09,5.32,1.83,0.51
DISTRITO,TUXTLA,FEBRERO,26399,604,151,27,25,4.47,2.29,0.57
DISTRITO,TUXTLA,MARZO,27244,669,180,48,26.91,7.17,2.46,0.66
DISTRITO,TUXTLA,MAYO,28558,847,216,53,25.5,6.26,2.97,0.76
DISTRITO,VERACRUZ,ABRIL,59079,2063,436,176,21.13,8.53,3.49,0.74
DISTRITO,VERACRUZ,ENERO,55801,2663,527,217,19.79,8.15,4.77,0.94
DISTRITO,VERACRUZ,FEBRERO,57007,1960,399,154,20.36,7.86,3.44,0.7
DISTRITO,VERACRUZ,MARZO,58232,2503,659,214,26.33,8.55,4.3,1.13
DISTRITO,VERACRUZ,MAYO,59958,2075,450,174,21.69,8.39,3.46,0.75
DISTRITO,VILLAHERMOSA,ABRIL,18507,444,116,18,26.13,4.05,2.4,0.63
DISTRITO,VILLAHERMOSA,ENERO,16652,334,104,16,31.14,4.79,2.01,0.62
DISTRITO,VILLAHERMOSA,FEBRERO,17389,316,103,11,32.59,3.48,1.82,0.59
DISTRITO,VILLAHERMOSA,MARZO,17992,332,102,18,30.72,5.42,1.85,0.57
DISTRITO,VILLAHERMOSA,MAYO,19004,432,118,21,27.31,4.86,2.27,0.62
DISTRITO,XALAPA,ABRIL,54026,1169,200,43,17.11,3.68,2.16,0.37
DISTRITO,XALAPA,ENERO,52306,1078,185,46,17.16,4.27,2.06,0.35
DISTRITO,XALAPA,FEBRERO,53016,944,173,46,18.33,4.87,1.78,0.33
DISTRITO,XALAPA,MARZO,53659,1264,228,49,18.04,3.88,2.36,0.42
DISTRITO,XALAPA,MAYO,54485,1068,191,56,17.88,5.24,1.96,0.35
DISTRITO,XOCHIMILCO,ABRIL,48360,1654,392,142,23.7,8.59,3.42,0.81
DISTRITO,XOCHIMILCO,ENERO,44666,1493,405,132,27.13,8.84,3.34,0.91
DISTRITO,XOCHIMILCO,FEBRERO,46020,1400,396,134,28.29,9.57,3.04,0.86
DISTRITO,XOCHIMILCO,MARZO,47240,1694,415,130,24.5,7.67,3.59,0.88
DISTRITO,XOCHIMILCO,MAYO,49479,1855,421,131,22.7,7.06,3.75,0.85