Tipo,DIRECCION,Semana,ï¿½rdenes completas Soportes,Ticket Repetido,PorcentajeTR
Nacional,Nacional,1,31127,4074,0.130883156
Nacional,Nacional,2,30105,3636,0.12077728
Nacional,Nacional,3,31855,3964,0.124438864
Nacional,Nacional,4,31745,3890,0.122538983
Nacional,Nacional,5,31614,3971,0.125608907
Nacional,Nacional,6,31266,3839,0.122785134
Nacional,Nacional,7,32968,3746,0.113625334
Nacional,Nacional,8,33230,3613,0.108727054
Nacional,Nacional,9,32530,3633,0.111681525
Nacional,Nacional,10,33526,3576,0.106663485
Nacional,Nacional,11,32792,3625,0.110545255
Nacional,Nacional,12,31611,3511,0.111068932
Nacional,Nacional,13,31664,3584,0.113188479
Nacional,Nacional,14,19991,2359,0.118003101
DIRECCION,CENTRO,1,9741,4074,0.418232214
DIRECCION,CENTRO,2,9760,3636,0.372540984
DIRECCION,CENTRO,3,10472,3964,0.378533231
DIRECCION,CENTRO,4,10324,3890,0.376791941
DIRECCION,CENTRO,5,10420,3971,0.38109405
DIRECCION,CENTRO,6,10390,3839,0.369489894
DIRECCION,CENTRO,7,10721,3746,0.349407705
DIRECCION,CENTRO,8,10834,3613,0.33348717
DIRECCION,CENTRO,9,10672,3633,0.340423538
DIRECCION,CENTRO,10,10827,3576,0.330285398
DIRECCION,CENTRO,11,11071,3625,0.32743203
DIRECCION,CENTRO,12,10254,3511,0.342402965
DIRECCION,CENTRO,13,9983,3584,0.359010318
DIRECCION,CENTRO,14,6271,2359,0.376176048
DIRECCION,NORTE-NORESTE,1,10044,4074,0.405615293
DIRECCION,NORTE-NORESTE,2,9309,3636,0.390589752
DIRECCION,NORTE-NORESTE,3,10004,3964,0.396241503
DIRECCION,NORTE-NORESTE,4,10226,3890,0.380402895
DIRECCION,NORTE-NORESTE,5,9873,3971,0.402208042
DIRECCION,NORTE-NORESTE,6,9785,3839,0.392335207
DIRECCION,NORTE-NORESTE,7,10293,3746,0.363936656
DIRECCION,NORTE-NORESTE,8,10495,3613,0.344259171
DIRECCION,NORTE-NORESTE,9,10110,3633,0.359347181
DIRECCION,NORTE-NORESTE,10,10361,3576,0.34514043
DIRECCION,NORTE-NORESTE,11,9884,3625,0.36675435
DIRECCION,NORTE-NORESTE,12,9714,3511,0.361437101
DIRECCION,NORTE-NORESTE,13,9987,3584,0.358866526
DIRECCION,NORTE-NORESTE,14,6286,2359,0.375278396
DIRECCION,OCCIDENTE-BAJIO,1,7270,4074,0.560385144
DIRECCION,OCCIDENTE-BAJIO,2,7232,3636,0.502765487
DIRECCION,OCCIDENTE-BAJIO,3,7741,3964,0.512078543
DIRECCION,OCCIDENTE-BAJIO,4,7570,3890,0.513870542
DIRECCION,OCCIDENTE-BAJIO,5,7639,3971,0.519832439
DIRECCION,OCCIDENTE-BAJIO,6,7456,3839,0.514887339
DIRECCION,OCCIDENTE-BAJIO,7,8054,3746,0.465110504
DIRECCION,OCCIDENTE-BAJIO,8,8042,3613,0.449266352
DIRECCION,OCCIDENTE-BAJIO,9,7953,3633,0.456808751
DIRECCION,OCCIDENTE-BAJIO,10,8282,3576,0.431779763
DIRECCION,OCCIDENTE-BAJIO,11,7842,3625,0.462254527
DIRECCION,OCCIDENTE-BAJIO,12,7613,3511,0.461184815
DIRECCION,OCCIDENTE-BAJIO,13,7758,3584,0.461974736
DIRECCION,OCCIDENTE-BAJIO,14,4834,2359,0.488001655
DIRECCION,ORIENTE-SUR,1,4072,4074,1.000491159
DIRECCION,ORIENTE-SUR,2,3804,3636,0.955835962
DIRECCION,ORIENTE-SUR,3,3638,3964,1.089609676
DIRECCION,ORIENTE-SUR,4,3625,3890,1.073103448
DIRECCION,ORIENTE-SUR,5,3681,3971,1.078782939
DIRECCION,ORIENTE-SUR,6,3634,3839,1.056411668
DIRECCION,ORIENTE-SUR,7,3900,3746,0.960512821
DIRECCION,ORIENTE-SUR,8,3859,3613,0.936252915
DIRECCION,ORIENTE-SUR,9,3795,3633,0.957312253
DIRECCION,ORIENTE-SUR,10,4056,3576,0.881656805
DIRECCION,ORIENTE-SUR,11,3995,3625,0.90738423
DIRECCION,ORIENTE-SUR,12,4030,3511,0.871215881
DIRECCION,ORIENTE-SUR,13,3936,3584,0.910569106
DIRECCION,ORIENTE-SUR,14,2600,2359,0.907307692
PLAZA,ACAPULCO,1,62,5,0.080645161
PLAZA,ACAPULCO,2,61,10,0.163934426
PLAZA,ACAPULCO,3,81,11,0.135802469
PLAZA,ACAPULCO,4,57,5,0.087719298
PLAZA,ACAPULCO,5,49,3,0.06122449
PLAZA,ACAPULCO,6,46,7,0.152173913
PLAZA,ACAPULCO,7,72,7,0.097222222
PLAZA,ACAPULCO,8,65,4,0.061538462
PLAZA,ACAPULCO,9,59,6,0.101694915
PLAZA,ACAPULCO,10,61,3,0.049180328
PLAZA,ACAPULCO,11,74,6,0.081081081
PLAZA,ACAPULCO,12,58,8,0.137931034
PLAZA,ACAPULCO,13,56,7,0.125
PLAZA,ACAPULCO,14,50,8,0.16
PLAZA,AGUASCALIENTES,1,314,20,0.063694268
PLAZA,AGUASCALIENTES,2,278,16,0.057553957
PLAZA,AGUASCALIENTES,3,292,19,0.065068493
PLAZA,AGUASCALIENTES,4,338,23,0.068047337
PLAZA,AGUASCALIENTES,5,315,16,0.050793651
PLAZA,AGUASCALIENTES,6,341,20,0.058651026
PLAZA,AGUASCALIENTES,7,349,17,0.048710602
PLAZA,AGUASCALIENTES,8,370,17,0.045945946
PLAZA,AGUASCALIENTES,9,368,16,0.043478261
PLAZA,AGUASCALIENTES,10,370,20,0.054054054
PLAZA,AGUASCALIENTES,11,337,17,0.050445104
PLAZA,AGUASCALIENTES,12,353,23,0.065155807
PLAZA,AGUASCALIENTES,13,354,22,0.062146893
PLAZA,AGUASCALIENTES,14,178,13,0.073033708
PLAZA,CANCUN,1,452,53,0.117256637
PLAZA,CANCUN,2,551,52,0.094373866
PLAZA,CANCUN,3,540,62,0.114814815
PLAZA,CANCUN,4,541,59,0.109057301
PLAZA,CANCUN,5,529,58,0.109640832
PLAZA,CANCUN,6,567,50,0.088183422
PLAZA,CANCUN,7,589,38,0.064516129
PLAZA,CANCUN,8,531,58,0.109227872
PLAZA,CANCUN,9,510,50,0.098039216
PLAZA,CANCUN,10,572,54,0.094405594
PLAZA,CANCUN,11,573,66,0.115183246
PLAZA,CANCUN,12,568,64,0.112676056
PLAZA,CANCUN,13,563,56,0.09946714
PLAZA,CANCUN,14,409,36,0.08801956
PLAZA,CELAYA,1,141,4,0.028368794
PLAZA,CELAYA,2,203,17,0.083743842
PLAZA,CELAYA,3,164,13,0.079268293
PLAZA,CELAYA,4,195,11,0.056410256
PLAZA,CELAYA,5,140,9,0.064285714
PLAZA,CELAYA,6,161,8,0.049689441
PLAZA,CELAYA,7,161,11,0.068322981
PLAZA,CELAYA,8,143,6,0.041958042
PLAZA,CELAYA,9,161,9,0.055900621
PLAZA,CELAYA,10,162,12,0.074074074
PLAZA,CELAYA,11,134,6,0.044776119
PLAZA,CELAYA,12,111,9,0.081081081
PLAZA,CELAYA,13,136,9,0.066176471
PLAZA,CELAYA,14,102,6,0.058823529
PLAZA,CHIHUAHUA,1,397,45,0.113350126
PLAZA,CHIHUAHUA,2,387,35,0.090439276
PLAZA,CHIHUAHUA,3,411,38,0.092457421
PLAZA,CHIHUAHUA,4,347,32,0.09221902
PLAZA,CHIHUAHUA,5,430,36,0.08372093
PLAZA,CHIHUAHUA,6,441,32,0.072562358
PLAZA,CHIHUAHUA,7,496,43,0.086693548
PLAZA,CHIHUAHUA,8,593,50,0.084317032
PLAZA,CHIHUAHUA,9,462,57,0.123376623
PLAZA,CHIHUAHUA,10,465,44,0.094623656
PLAZA,CHIHUAHUA,11,448,24,0.053571429
PLAZA,CHIHUAHUA,12,430,38,0.088372093
PLAZA,CHIHUAHUA,13,451,45,0.099778271
PLAZA,CHIHUAHUA,14,269,22,0.081784387
PLAZA,CIUDAD DE MEXICO,1,8478,848,0.10002359
PLAZA,CIUDAD DE MEXICO,2,8538,749,0.087725463
PLAZA,CIUDAD DE MEXICO,3,9106,882,0.096859214
PLAZA,CIUDAD DE MEXICO,4,9010,849,0.094228635
PLAZA,CIUDAD DE MEXICO,5,9137,831,0.090948889
PLAZA,CIUDAD DE MEXICO,6,9091,889,0.097789022
PLAZA,CIUDAD DE MEXICO,7,9293,798,0.085871086
PLAZA,CIUDAD DE MEXICO,8,9494,766,0.080682536
PLAZA,CIUDAD DE MEXICO,9,9411,799,0.084900648
PLAZA,CIUDAD DE MEXICO,10,9499,750,0.07895568
PLAZA,CIUDAD DE MEXICO,11,9652,835,0.086510568
PLAZA,CIUDAD DE MEXICO,12,8965,777,0.086670385
PLAZA,CIUDAD DE MEXICO,13,8774,765,0.087189423
PLAZA,CIUDAD DE MEXICO,14,5538,499,0.090104731
PLAZA,CIUDAD JUAREZ,1,1883,392,0.208178439
PLAZA,CIUDAD JUAREZ,2,1675,354,0.211343284
PLAZA,CIUDAD JUAREZ,3,1756,386,0.219817768
PLAZA,CIUDAD JUAREZ,4,1865,450,0.241286863
PLAZA,CIUDAD JUAREZ,5,1631,362,0.221949724
PLAZA,CIUDAD JUAREZ,6,1855,440,0.237196765
PLAZA,CIUDAD JUAREZ,7,1829,425,0.232367414
PLAZA,CIUDAD JUAREZ,8,1848,365,0.197510823
PLAZA,CIUDAD JUAREZ,9,1613,344,0.213267204
PLAZA,CIUDAD JUAREZ,10,1805,317,0.175623269
PLAZA,CIUDAD JUAREZ,11,1805,343,0.190027701
PLAZA,CIUDAD JUAREZ,12,1864,315,0.168991416
PLAZA,CIUDAD JUAREZ,13,1928,331,0.171680498
PLAZA,CIUDAD JUAREZ,14,1190,224,0.188235294
PLAZA,CIUDAD OBREGON / NAVOJOA,1,50,1,0.02
PLAZA,CIUDAD OBREGON / NAVOJOA,2,58,6,0.103448276
PLAZA,CIUDAD OBREGON / NAVOJOA,3,51,6,0.117647059
PLAZA,CIUDAD OBREGON / NAVOJOA,4,59,4,0.06779661
PLAZA,CIUDAD OBREGON / NAVOJOA,5,50,4,0.08
PLAZA,CIUDAD OBREGON / NAVOJOA,6,75,7,0.093333333
PLAZA,CIUDAD OBREGON / NAVOJOA,7,65,3,0.046153846
PLAZA,CIUDAD OBREGON / NAVOJOA,8,63,2,0.031746032
PLAZA,CIUDAD OBREGON / NAVOJOA,9,49,3,0.06122449
PLAZA,CIUDAD OBREGON / NAVOJOA,10,48,1,0.020833333
PLAZA,CIUDAD OBREGON / NAVOJOA,11,59,4,0.06779661
PLAZA,CIUDAD OBREGON / NAVOJOA,12,51,3,0.058823529
PLAZA,CIUDAD OBREGON / NAVOJOA,13,56,5,0.089285714
PLAZA,CIUDAD OBREGON / NAVOJOA,14,48,2,0.041666667
PLAZA,CIUDAD VICTORIA,9,2,,
PLAZA,CIUDAD VICTORIA,10,1,,
PLAZA,CIUDAD VICTORIA,13,1,,
PLAZA,COATZA / MINA,1,168,11,0.06547619
PLAZA,COATZA / MINA,2,129,13,0.100775194
PLAZA,COATZA / MINA,3,123,6,0.048780488
PLAZA,COATZA / MINA,4,119,10,0.084033613
PLAZA,COATZA / MINA,5,124,11,0.088709677
PLAZA,COATZA / MINA,6,151,20,0.132450331
PLAZA,COATZA / MINA,7,123,11,0.089430894
PLAZA,COATZA / MINA,8,125,7,0.056
PLAZA,COATZA / MINA,9,124,6,0.048387097
PLAZA,COATZA / MINA,10,132,10,0.075757576
PLAZA,COATZA / MINA,11,119,6,0.050420168
PLAZA,COATZA / MINA,12,105,10,0.095238095
PLAZA,COATZA / MINA,13,102,4,0.039215686
PLAZA,COATZA / MINA,14,105,6,0.057142857
PLAZA,COLIMA / MANZANILLO,1,10,1,0.1
PLAZA,COLIMA / MANZANILLO,2,17,1,0.058823529
PLAZA,COLIMA / MANZANILLO,3,17,4,0.235294118
PLAZA,COLIMA / MANZANILLO,4,11,3,0.272727273
PLAZA,COLIMA / MANZANILLO,5,17,3,0.176470588
PLAZA,COLIMA / MANZANILLO,6,17,2,0.117647059
PLAZA,COLIMA / MANZANILLO,7,20,2,0.1
PLAZA,COLIMA / MANZANILLO,8,10,4,0.4
PLAZA,COLIMA / MANZANILLO,9,22,,
PLAZA,COLIMA / MANZANILLO,10,24,2,0.083333333
PLAZA,COLIMA / MANZANILLO,11,27,3,0.111111111
PLAZA,COLIMA / MANZANILLO,12,14,,
PLAZA,COLIMA / MANZANILLO,13,31,2,0.064516129
PLAZA,COLIMA / MANZANILLO,14,19,2,0.105263158
PLAZA,CORDOBA / ORIZABA,1,113,1,0.008849558
PLAZA,CORDOBA / ORIZABA,2,154,7,0.045454545
PLAZA,CORDOBA / ORIZABA,3,96,6,0.0625
PLAZA,CORDOBA / ORIZABA,4,96,4,0.041666667
PLAZA,CORDOBA / ORIZABA,5,120,3,0.025
PLAZA,CORDOBA / ORIZABA,6,131,8,0.061068702
PLAZA,CORDOBA / ORIZABA,7,124,,
PLAZA,CORDOBA / ORIZABA,8,119,1,0.008403361
PLAZA,CORDOBA / ORIZABA,9,150,3,0.02
PLAZA,CORDOBA / ORIZABA,10,128,2,0.015625
PLAZA,CORDOBA / ORIZABA,11,126,5,0.03968254
PLAZA,CORDOBA / ORIZABA,12,129,4,0.031007752
PLAZA,CORDOBA / ORIZABA,13,157,2,0.012738854
PLAZA,CORDOBA / ORIZABA,14,92,1,0.010869565
PLAZA,CUERNAVACA,1,320,18,0.05625
PLAZA,CUERNAVACA,2,336,19,0.056547619
PLAZA,CUERNAVACA,3,317,23,0.072555205
PLAZA,CUERNAVACA,4,335,30,0.089552239
PLAZA,CUERNAVACA,5,362,23,0.063535912
PLAZA,CUERNAVACA,6,308,13,0.042207792
PLAZA,CUERNAVACA,7,362,33,0.091160221
PLAZA,CUERNAVACA,8,347,29,0.083573487
PLAZA,CUERNAVACA,9,349,23,0.065902579
PLAZA,CUERNAVACA,10,342,24,0.070175439
PLAZA,CUERNAVACA,11,393,26,0.066157761
PLAZA,CUERNAVACA,12,380,18,0.047368421
PLAZA,CUERNAVACA,13,344,18,0.052325581
PLAZA,CUERNAVACA,14,170,11,0.064705882
PLAZA,CULIACAN,1,278,38,0.136690647
PLAZA,CULIACAN,2,248,16,0.064516129
PLAZA,CULIACAN,3,227,22,0.0969163
PLAZA,CULIACAN,4,268,19,0.070895522
PLAZA,CULIACAN,5,227,23,0.101321586
PLAZA,CULIACAN,6,245,16,0.065306122
PLAZA,CULIACAN,7,222,16,0.072072072
PLAZA,CULIACAN,8,250,16,0.064
PLAZA,CULIACAN,9,233,7,0.030042918
PLAZA,CULIACAN,10,279,32,0.114695341
PLAZA,CULIACAN,11,300,23,0.076666667
PLAZA,CULIACAN,12,284,20,0.070422535
PLAZA,CULIACAN,13,286,19,0.066433566
PLAZA,CULIACAN,14,185,12,0.064864865
PLAZA,GUADALAJARA,1,4949,854,0.172560113
PLAZA,GUADALAJARA,2,4851,828,0.170686456
PLAZA,GUADALAJARA,3,5479,851,0.155320314
PLAZA,GUADALAJARA,4,5236,828,0.158135982
PLAZA,GUADALAJARA,5,5414,919,0.169745105
PLAZA,GUADALAJARA,6,5277,823,0.155959826
PLAZA,GUADALAJARA,7,5569,770,0.138265398
PLAZA,GUADALAJARA,8,5643,710,0.1258196
PLAZA,GUADALAJARA,9,5538,791,0.142831347
PLAZA,GUADALAJARA,10,5809,760,0.130831468
PLAZA,GUADALAJARA,11,5438,836,0.15373299
PLAZA,GUADALAJARA,12,5232,763,0.145833333
PLAZA,GUADALAJARA,13,5385,782,0.145218199
PLAZA,GUADALAJARA,14,3428,529,0.154317386
PLAZA,GUANAJUATO,1,104,11,0.105769231
PLAZA,GUANAJUATO,2,102,10,0.098039216
PLAZA,GUANAJUATO,3,87,7,0.08045977
PLAZA,GUANAJUATO,4,97,6,0.06185567
PLAZA,GUANAJUATO,5,117,3,0.025641026
PLAZA,GUANAJUATO,6,95,12,0.126315789
PLAZA,GUANAJUATO,7,141,5,0.035460993
PLAZA,GUANAJUATO,8,103,7,0.067961165
PLAZA,GUANAJUATO,9,105,4,0.038095238
PLAZA,GUANAJUATO,10,134,7,0.052238806
PLAZA,GUANAJUATO,11,129,3,0.023255814
PLAZA,GUANAJUATO,12,132,8,0.060606061
PLAZA,GUANAJUATO,13,134,7,0.052238806
PLAZA,GUANAJUATO,14,74,8,0.108108108
PLAZA,HERMOSILLO,1,201,15,0.074626866
PLAZA,HERMOSILLO,2,194,18,0.092783505
PLAZA,HERMOSILLO,3,174,16,0.091954023
PLAZA,HERMOSILLO,4,163,19,0.116564417
PLAZA,HERMOSILLO,5,173,20,0.115606936
PLAZA,HERMOSILLO,6,168,13,0.077380952
PLAZA,HERMOSILLO,7,175,14,0.08
PLAZA,HERMOSILLO,8,157,14,0.089171975
PLAZA,HERMOSILLO,9,198,25,0.126262626
PLAZA,HERMOSILLO,10,168,11,0.06547619
PLAZA,HERMOSILLO,11,200,16,0.08
PLAZA,HERMOSILLO,12,227,22,0.0969163
PLAZA,HERMOSILLO,13,262,28,0.106870229
PLAZA,HERMOSILLO,14,148,15,0.101351351
PLAZA,IRAPUATO,1,236,27,0.11440678
PLAZA,IRAPUATO,2,225,10,0.044444444
PLAZA,IRAPUATO,3,240,20,0.083333333
PLAZA,IRAPUATO,4,157,13,0.082802548
PLAZA,IRAPUATO,5,161,13,0.080745342
PLAZA,IRAPUATO,6,156,7,0.044871795
PLAZA,IRAPUATO,7,210,10,0.047619048
PLAZA,IRAPUATO,8,177,10,0.056497175
PLAZA,IRAPUATO,9,237,11,0.046413502
PLAZA,IRAPUATO,10,203,8,0.039408867
PLAZA,IRAPUATO,11,215,13,0.060465116
PLAZA,IRAPUATO,12,270,18,0.066666667
PLAZA,IRAPUATO,13,181,8,0.044198895
PLAZA,IRAPUATO,14,111,8,0.072072072
PLAZA,LEON,1,847,117,0.138134593
PLAZA,LEON,2,907,103,0.113561191
PLAZA,LEON,3,861,126,0.146341463
PLAZA,LEON,4,911,121,0.132821076
PLAZA,LEON,5,841,107,0.127229489
PLAZA,LEON,6,825,112,0.135757576
PLAZA,LEON,7,851,102,0.119858989
PLAZA,LEON,8,841,93,0.11058264
PLAZA,LEON,9,851,106,0.124559342
PLAZA,LEON,10,870,83,0.095402299
PLAZA,LEON,11,851,93,0.109283196
PLAZA,LEON,12,920,117,0.127173913
PLAZA,LEON,13,867,98,0.113033449
PLAZA,LEON,14,493,57,0.115618661
PLAZA,MAZATLAN,1,195,29,0.148717949
PLAZA,MAZATLAN,2,202,18,0.089108911
PLAZA,MAZATLAN,3,185,18,0.097297297
PLAZA,MAZATLAN,4,169,15,0.088757396
PLAZA,MAZATLAN,5,142,13,0.091549296
PLAZA,MAZATLAN,6,162,23,0.141975309
PLAZA,MAZATLAN,7,177,25,0.141242938
PLAZA,MAZATLAN,8,213,18,0.084507042
PLAZA,MAZATLAN,9,174,15,0.086206897
PLAZA,MAZATLAN,10,151,17,0.112582781
PLAZA,MAZATLAN,11,182,13,0.071428571
PLAZA,MAZATLAN,12,145,9,0.062068966
PLAZA,MAZATLAN,13,171,17,0.099415205
PLAZA,MAZATLAN,14,93,12,0.129032258
PLAZA,MERIDA,1,482,46,0.095435685
PLAZA,MERIDA,2,529,67,0.126654064
PLAZA,MERIDA,3,502,54,0.107569721
PLAZA,MERIDA,4,523,67,0.128107075
PLAZA,MERIDA,5,519,58,0.111753372
PLAZA,MERIDA,6,550,62,0.112727273
PLAZA,MERIDA,7,523,53,0.101338432
PLAZA,MERIDA,8,559,62,0.110912343
PLAZA,MERIDA,9,537,41,0.076350093
PLAZA,MERIDA,10,640,71,0.1109375
PLAZA,MERIDA,11,530,49,0.09245283
PLAZA,MERIDA,12,639,78,0.122065728
PLAZA,MERIDA,13,645,89,0.137984496
PLAZA,MERIDA,14,407,38,0.093366093
PLAZA,MEXICALI,1,253,18,0.071146245
PLAZA,MEXICALI,2,187,16,0.085561497
PLAZA,MEXICALI,3,206,16,0.077669903
PLAZA,MEXICALI,4,221,8,0.036199095
PLAZA,MEXICALI,5,247,22,0.089068826
PLAZA,MEXICALI,6,252,24,0.095238095
PLAZA,MEXICALI,7,247,19,0.076923077
PLAZA,MEXICALI,8,244,20,0.081967213
PLAZA,MEXICALI,9,247,17,0.068825911
PLAZA,MEXICALI,10,293,24,0.081911263
PLAZA,MEXICALI,11,292,22,0.075342466
PLAZA,MEXICALI,12,266,17,0.063909774
PLAZA,MEXICALI,13,249,24,0.096385542
PLAZA,MEXICALI,14,133,11,0.082706767
PLAZA,MONTERREY,1,2678,433,0.161687827
PLAZA,MONTERREY,2,2585,384,0.148549323
PLAZA,MONTERREY,3,2871,398,0.138627656
PLAZA,MONTERREY,4,2781,414,0.148867314
PLAZA,MONTERREY,5,2806,469,0.167141839
PLAZA,MONTERREY,6,2601,368,0.141484045
PLAZA,MONTERREY,7,2816,369,0.131036932
PLAZA,MONTERREY,8,2834,444,0.156669019
PLAZA,MONTERREY,9,2749,385,0.140050928
PLAZA,MONTERREY,10,2920,417,0.142808219
PLAZA,MONTERREY,11,2616,345,0.131880734
PLAZA,MONTERREY,12,2344,335,0.142918089
PLAZA,MONTERREY,13,2696,380,0.140949555
PLAZA,MONTERREY,14,1793,284,0.158393753
PLAZA,MORELIA,1,144,6,0.041666667
PLAZA,MORELIA,2,140,7,0.05
PLAZA,MORELIA,3,131,6,0.045801527
PLAZA,MORELIA,4,126,9,0.071428571
PLAZA,MORELIA,5,106,7,0.066037736
PLAZA,MORELIA,6,116,7,0.060344828
PLAZA,MORELIA,7,159,10,0.062893082
PLAZA,MORELIA,8,160,12,0.075
PLAZA,MORELIA,9,159,9,0.056603774
PLAZA,MORELIA,10,168,11,0.06547619
PLAZA,MORELIA,11,167,11,0.065868263
PLAZA,MORELIA,12,106,8,0.075471698
PLAZA,MORELIA,13,131,7,0.053435115
PLAZA,MORELIA,14,78,4,0.051282051
PLAZA,PACHUCA,1,328,35,0.106707317
PLAZA,PACHUCA,2,378,23,0.060846561
PLAZA,PACHUCA,3,331,24,0.072507553
PLAZA,PACHUCA,4,331,19,0.057401813
PLAZA,PACHUCA,5,350,26,0.074285714
PLAZA,PACHUCA,6,318,15,0.047169811
PLAZA,PACHUCA,7,384,20,0.052083333
PLAZA,PACHUCA,8,356,22,0.061797753
PLAZA,PACHUCA,9,306,30,0.098039216
PLAZA,PACHUCA,10,331,22,0.066465257
PLAZA,PACHUCA,11,327,16,0.048929664
PLAZA,PACHUCA,12,320,21,0.065625
PLAZA,PACHUCA,13,376,24,0.063829787
PLAZA,PACHUCA,14,220,14,0.063636364
PLAZA,PIEDRAS NEGRAS / MONCLOVA,13,1,,
PLAZA,POZA RICA,1,67,5,0.074626866
PLAZA,POZA RICA,2,92,9,0.097826087
PLAZA,POZA RICA,3,51,4,0.078431373
PLAZA,POZA RICA,4,75,6,0.08
PLAZA,POZA RICA,5,70,6,0.085714286
PLAZA,POZA RICA,6,56,7,0.125
PLAZA,POZA RICA,7,66,2,0.03030303
PLAZA,POZA RICA,8,71,1,0.014084507
PLAZA,POZA RICA,9,62,6,0.096774194
PLAZA,POZA RICA,10,78,8,0.102564103
PLAZA,POZA RICA,11,57,3,0.052631579
PLAZA,POZA RICA,12,62,5,0.080645161
PLAZA,POZA RICA,13,59,2,0.033898305
PLAZA,POZA RICA,14,32,1,0.03125
PLAZA,PUEBLA,1,672,41,0.061011905
PLAZA,PUEBLA,2,617,29,0.047001621
PLAZA,PUEBLA,3,646,39,0.060371517
PLAZA,PUEBLA,4,595,33,0.055462185
PLAZA,PUEBLA,5,590,35,0.059322034
PLAZA,PUEBLA,6,618,33,0.053398058
PLAZA,PUEBLA,7,684,25,0.036549708
PLAZA,PUEBLA,8,688,32,0.046511628
PLAZA,PUEBLA,9,700,43,0.061428571
PLAZA,PUEBLA,10,651,38,0.058371736
PLAZA,PUEBLA,11,675,36,0.053333333
PLAZA,PUEBLA,12,674,29,0.043026706
PLAZA,PUEBLA,13,707,39,0.055162659
PLAZA,PUEBLA,14,434,20,0.046082949
PLAZA,PUERTO VALLARTA,1,249,53,0.212851406
PLAZA,PUERTO VALLARTA,2,233,40,0.17167382
PLAZA,PUERTO VALLARTA,3,220,30,0.136363636
PLAZA,PUERTO VALLARTA,4,227,36,0.158590308
PLAZA,PUERTO VALLARTA,5,234,47,0.200854701
PLAZA,PUERTO VALLARTA,6,213,22,0.103286385
PLAZA,PUERTO VALLARTA,7,256,34,0.1328125
PLAZA,PUERTO VALLARTA,8,218,22,0.100917431
PLAZA,PUERTO VALLARTA,9,216,30,0.138888889
PLAZA,PUERTO VALLARTA,10,218,18,0.082568807
PLAZA,PUERTO VALLARTA,11,201,22,0.109452736
PLAZA,PUERTO VALLARTA,12,175,8,0.045714286
PLAZA,PUERTO VALLARTA,13,221,21,0.095022624
PLAZA,PUERTO VALLARTA,14,140,14,0.1
PLAZA,QUERETARO,1,272,19,0.069852941
PLAZA,QUERETARO,2,266,14,0.052631579
PLAZA,QUERETARO,3,240,20,0.083333333
PLAZA,QUERETARO,4,255,21,0.082352941
PLAZA,QUERETARO,5,283,30,0.106007067
PLAZA,QUERETARO,6,242,18,0.074380165
PLAZA,QUERETARO,7,319,31,0.097178683
PLAZA,QUERETARO,8,353,27,0.076487252
PLAZA,QUERETARO,9,283,23,0.081272085
PLAZA,QUERETARO,10,301,28,0.093023256
PLAZA,QUERETARO,11,324,26,0.080246914
PLAZA,QUERETARO,12,275,22,0.08
PLAZA,QUERETARO,13,297,24,0.080808081
PLAZA,QUERETARO,14,202,15,0.074257426
PLAZA,REYNOSA,5,11,,
PLAZA,REYNOSA,6,19,1,0.052631579
PLAZA,REYNOSA,7,36,,
PLAZA,REYNOSA,8,17,1,0.058823529
PLAZA,REYNOSA,9,35,1,0.028571429
PLAZA,REYNOSA,10,66,7,0.106060606
PLAZA,REYNOSA,11,61,9,0.147540984
PLAZA,REYNOSA,12,87,5,0.057471264
PLAZA,REYNOSA,13,57,5,0.087719298
PLAZA,REYNOSA,14,45,12,0.266666667
PLAZA,SALTILLO,1,447,63,0.140939597
PLAZA,SALTILLO,2,459,55,0.119825708
PLAZA,SALTILLO,3,480,68,0.141666667
PLAZA,SALTILLO,4,538,80,0.148698885
PLAZA,SALTILLO,5,458,60,0.131004367
PLAZA,SALTILLO,6,362,39,0.107734807
PLAZA,SALTILLO,7,430,46,0.106976744
PLAZA,SALTILLO,8,500,76,0.152
PLAZA,SALTILLO,9,423,48,0.113475177
PLAZA,SALTILLO,10,443,46,0.103837472
PLAZA,SALTILLO,11,339,31,0.091445428
PLAZA,SALTILLO,12,380,37,0.097368421
PLAZA,SALTILLO,13,400,55,0.1375
PLAZA,SALTILLO,14,258,21,0.081395349
PLAZA,SAN LUIS POTOSI,1,1174,144,0.122657581
PLAZA,SAN LUIS POTOSI,2,1056,121,0.114583333
PLAZA,SAN LUIS POTOSI,3,1115,145,0.130044843
PLAZA,SAN LUIS POTOSI,4,1336,144,0.107784431
PLAZA,SAN LUIS POTOSI,5,1114,140,0.12567325
PLAZA,SAN LUIS POTOSI,6,1262,153,0.121236133
PLAZA,SAN LUIS POTOSI,7,1129,140,0.124003543
PLAZA,SAN LUIS POTOSI,8,1208,140,0.11589404
PLAZA,SAN LUIS POTOSI,9,1273,141,0.11076198
PLAZA,SAN LUIS POTOSI,10,1151,154,0.133796699
PLAZA,SAN LUIS POTOSI,11,1079,109,0.101019462
PLAZA,SAN LUIS POTOSI,12,1011,115,0.113748764
PLAZA,SAN LUIS POTOSI,13,998,99,0.099198397
PLAZA,SAN LUIS POTOSI,14,703,101,0.143669986
PLAZA,TAMPICO,1,65,4,0.061538462
PLAZA,TAMPICO,2,103,10,0.097087379
PLAZA,TAMPICO,3,84,10,0.119047619
PLAZA,TAMPICO,4,137,15,0.109489051
PLAZA,TAMPICO,5,135,15,0.111111111
PLAZA,TAMPICO,6,141,13,0.092198582
PLAZA,TAMPICO,7,144,10,0.069444444
PLAZA,TAMPICO,8,161,20,0.124223602
PLAZA,TAMPICO,9,161,24,0.149068323
PLAZA,TAMPICO,10,159,12,0.075471698
PLAZA,TAMPICO,11,153,23,0.150326797
PLAZA,TAMPICO,12,137,15,0.109489051
PLAZA,TAMPICO,13,122,15,0.12295082
PLAZA,TAMPICO,14,73,11,0.150684932
PLAZA,TEPIC,1,4,2,0.5
PLAZA,TEPIC,2,10,,
PLAZA,TEPIC,3,10,,
PLAZA,TEPIC,4,17,3,0.176470588
PLAZA,TEPIC,5,11,1,0.090909091
PLAZA,TEPIC,6,13,,
PLAZA,TEPIC,7,19,3,0.157894737
PLAZA,TEPIC,8,24,2,0.083333333
PLAZA,TEPIC,9,13,,
PLAZA,TEPIC,10,23,2,0.086956522
PLAZA,TEPIC,11,19,,
PLAZA,TEPIC,12,25,2,0.08
PLAZA,TEPIC,13,21,1,0.047619048
PLAZA,TEPIC,14,9,1,0.111111111
PLAZA,TIJUANA,1,2071,423,0.204249155
PLAZA,TIJUANA,2,1824,334,0.183114035
PLAZA,TIJUANA,3,2109,400,0.189663348
PLAZA,TIJUANA,4,2015,320,0.158808933
PLAZA,TIJUANA,5,2095,333,0.158949881
PLAZA,TIJUANA,6,1835,316,0.172207084
PLAZA,TIJUANA,7,2105,379,0.180047506
PLAZA,TIJUANA,8,1989,331,0.166415284
PLAZA,TIJUANA,9,2073,323,0.155812832
PLAZA,TIJUANA,10,2050,336,0.163902439
PLAZA,TIJUANA,11,1984,311,0.156754032
PLAZA,TIJUANA,12,2101,346,0.164683484
PLAZA,TIJUANA,13,1916,339,0.176931106
PLAZA,TIJUANA,14,1098,197,0.179417122
PLAZA,TOLUCA,1,1263,171,0.135391924
PLAZA,TOLUCA,2,1222,141,0.115384615
PLAZA,TOLUCA,3,1366,143,0.104685212
PLAZA,TOLUCA,4,1314,135,0.102739726
PLAZA,TOLUCA,5,1283,146,0.113795791
PLAZA,TOLUCA,6,1299,172,0.132409546
PLAZA,TOLUCA,7,1428,173,0.121148459
PLAZA,TOLUCA,8,1340,127,0.094776119
PLAZA,TOLUCA,9,1261,134,0.106264869
PLAZA,TOLUCA,10,1328,124,0.093373494
PLAZA,TOLUCA,11,1419,163,0.114869626
PLAZA,TOLUCA,12,1289,126,0.097750194
PLAZA,TOLUCA,13,1209,136,0.112489661
PLAZA,TOLUCA,14,733,78,0.106412005
PLAZA,TORREON,1,352,33,0.09375
PLAZA,TORREON,2,331,31,0.093655589
PLAZA,TORREON,3,335,28,0.08358209
PLAZA,TORREON,4,327,21,0.064220183
PLAZA,TORREON,5,354,40,0.11299435
PLAZA,TORREON,6,367,30,0.081743869
PLAZA,TORREON,7,422,45,0.106635071
PLAZA,TORREON,8,418,38,0.090909091
PLAZA,TORREON,9,418,41,0.098086124
PLAZA,TORREON,10,362,35,0.096685083
PLAZA,TORREON,11,366,27,0.073770492
PLAZA,TORREON,12,387,31,0.080103359
PLAZA,TORREON,13,393,35,0.089058524
PLAZA,TORREON,14,250,19,0.076
PLAZA,TUXTLA,1,118,7,0.059322034
PLAZA,TUXTLA,2,101,6,0.059405941
PLAZA,TUXTLA,3,113,4,0.03539823
PLAZA,TUXTLA,4,104,4,0.038461538
PLAZA,TUXTLA,5,147,10,0.068027211
PLAZA,TUXTLA,6,148,9,0.060810811
PLAZA,TUXTLA,7,134,4,0.029850746
PLAZA,TUXTLA,8,175,6,0.034285714
PLAZA,TUXTLA,9,141,14,0.09929078
PLAZA,TUXTLA,10,147,3,0.020408163
PLAZA,TUXTLA,11,153,10,0.065359477
PLAZA,TUXTLA,12,155,14,0.090322581
PLAZA,TUXTLA,13,152,12,0.078947368
PLAZA,TUXTLA,14,109,5,0.04587156
PLAZA,VERACRUZ,1,937,64,0.068303095
PLAZA,VERACRUZ,2,528,50,0.09469697
PLAZA,VERACRUZ,3,525,50,0.095238095
PLAZA,VERACRUZ,4,516,42,0.081395349
PLAZA,VERACRUZ,5,515,51,0.099029126
PLAZA,VERACRUZ,6,439,38,0.086560364
PLAZA,VERACRUZ,7,509,36,0.070726916
PLAZA,VERACRUZ,8,498,38,0.076305221
PLAZA,VERACRUZ,9,520,37,0.071153846
PLAZA,VERACRUZ,10,624,47,0.075320513
PLAZA,VERACRUZ,11,618,61,0.098705502
PLAZA,VERACRUZ,12,554,51,0.092057762
PLAZA,VERACRUZ,13,415,35,0.084337349
PLAZA,VERACRUZ,14,284,31,0.10915493
PLAZA,VILLAHERMOSA,1,81,1,0.012345679
PLAZA,VILLAHERMOSA,2,75,5,0.066666667
PLAZA,VILLAHERMOSA,3,84,1,0.011904762
PLAZA,VILLAHERMOSA,4,77,6,0.077922078
PLAZA,VILLAHERMOSA,5,74,4,0.054054054
PLAZA,VILLAHERMOSA,6,74,3,0.040540541
PLAZA,VILLAHERMOSA,7,80,,
PLAZA,VILLAHERMOSA,8,82,4,0.048780488
PLAZA,VILLAHERMOSA,9,81,3,0.037037037
PLAZA,VILLAHERMOSA,10,64,2,0.03125
PLAZA,VILLAHERMOSA,11,77,3,0.038961039
PLAZA,VILLAHERMOSA,12,83,9,0.108433735
PLAZA,VILLAHERMOSA,13,85,4,0.047058824
PLAZA,VILLAHERMOSA,14,87,3,0.034482759
PLAZA,XALAPA,1,272,16,0.058823529
PLAZA,XALAPA,2,253,12,0.04743083
PLAZA,XALAPA,3,229,8,0.034934498
PLAZA,XALAPA,4,256,6,0.0234375
PLAZA,XALAPA,5,232,14,0.060344828
PLAZA,XALAPA,6,228,7,0.030701754
PLAZA,XALAPA,7,250,17,0.068
PLAZA,XALAPA,8,243,11,0.04526749
PLAZA,XALAPA,9,256,8,0.03125
PLAZA,XALAPA,10,286,14,0.048951049
PLAZA,XALAPA,11,273,10,0.036630037
PLAZA,XALAPA,12,303,11,0.03630363
PLAZA,XALAPA,13,275,13,0.047272727
PLAZA,XALAPA,14,201,8,0.039800995
DISTRITO,ACAPULCO,1,62,5,0.080645161
DISTRITO,ACAPULCO,2,61,10,0.163934426
DISTRITO,ACAPULCO,3,81,11,0.135802469
DISTRITO,ACAPULCO,4,57,5,0.087719298
DISTRITO,ACAPULCO,5,49,3,0.06122449
DISTRITO,ACAPULCO,6,46,7,0.152173913
DISTRITO,ACAPULCO,7,72,7,0.097222222
DISTRITO,ACAPULCO,8,65,4,0.061538462
DISTRITO,ACAPULCO,9,59,6,0.101694915
DISTRITO,ACAPULCO,10,61,3,0.049180328
DISTRITO,ACAPULCO,11,74,6,0.081081081
DISTRITO,ACAPULCO,12,58,8,0.137931034
DISTRITO,ACAPULCO,13,56,7,0.125
DISTRITO,ACAPULCO,14,50,8,0.16
DISTRITO,AEROPUERTO,1,348,40,0.114942529
DISTRITO,AEROPUERTO,2,349,24,0.068767908
DISTRITO,AEROPUERTO,3,374,54,0.144385027
DISTRITO,AEROPUERTO,4,318,38,0.119496855
DISTRITO,AEROPUERTO,5,347,32,0.09221902
DISTRITO,AEROPUERTO,6,330,36,0.109090909
DISTRITO,AEROPUERTO,7,296,24,0.081081081
DISTRITO,AEROPUERTO,8,353,40,0.113314448
DISTRITO,AEROPUERTO,9,354,44,0.124293785
DISTRITO,AEROPUERTO,10,330,23,0.06969697
DISTRITO,AEROPUERTO,11,371,43,0.115902965
DISTRITO,AEROPUERTO,12,340,43,0.126470588
DISTRITO,AEROPUERTO,13,319,36,0.112852665
DISTRITO,AEROPUERTO,14,197,23,0.116751269
DISTRITO,AGUASCALIENTES,1,314,20,0.063694268
DISTRITO,AGUASCALIENTES,2,278,16,0.057553957
DISTRITO,AGUASCALIENTES,3,292,19,0.065068493
DISTRITO,AGUASCALIENTES,4,338,23,0.068047337
DISTRITO,AGUASCALIENTES,5,315,16,0.050793651
DISTRITO,AGUASCALIENTES,6,341,20,0.058651026
DISTRITO,AGUASCALIENTES,7,349,17,0.048710602
DISTRITO,AGUASCALIENTES,8,370,17,0.045945946
DISTRITO,AGUASCALIENTES,9,368,16,0.043478261
DISTRITO,AGUASCALIENTES,10,370,20,0.054054054
DISTRITO,AGUASCALIENTES,11,337,17,0.050445104
DISTRITO,AGUASCALIENTES,12,353,23,0.065155807
DISTRITO,AGUASCALIENTES,13,354,22,0.062146893
DISTRITO,AGUASCALIENTES,14,178,13,0.073033708
DISTRITO,ARAGON,1,432,45,0.104166667
DISTRITO,ARAGON,2,460,39,0.084782609
DISTRITO,ARAGON,3,572,36,0.062937063
DISTRITO,ARAGON,4,572,33,0.057692308
DISTRITO,ARAGON,5,544,35,0.064338235
DISTRITO,ARAGON,6,456,46,0.100877193
DISTRITO,ARAGON,7,488,31,0.06352459
DISTRITO,ARAGON,8,532,30,0.056390977
DISTRITO,ARAGON,9,483,31,0.064182195
DISTRITO,ARAGON,10,515,29,0.05631068
DISTRITO,ARAGON,11,493,33,0.06693712
DISTRITO,ARAGON,12,466,36,0.077253219
DISTRITO,ARAGON,13,471,31,0.06581741
DISTRITO,ARAGON,14,253,19,0.075098814
DISTRITO,AZCAPOTZALCO,1,435,68,0.156321839
DISTRITO,AZCAPOTZALCO,2,351,41,0.116809117
DISTRITO,AZCAPOTZALCO,3,399,59,0.147869674
DISTRITO,AZCAPOTZALCO,4,357,48,0.134453782
DISTRITO,AZCAPOTZALCO,5,356,45,0.126404494
DISTRITO,AZCAPOTZALCO,6,340,42,0.123529412
DISTRITO,AZCAPOTZALCO,7,410,34,0.082926829
DISTRITO,AZCAPOTZALCO,8,381,36,0.094488189
DISTRITO,AZCAPOTZALCO,9,409,59,0.144254279
DISTRITO,AZCAPOTZALCO,10,432,51,0.118055556
DISTRITO,AZCAPOTZALCO,11,452,58,0.128318584
DISTRITO,AZCAPOTZALCO,12,382,49,0.128272251
DISTRITO,AZCAPOTZALCO,13,416,37,0.088942308
DISTRITO,AZCAPOTZALCO,14,273,35,0.128205128
DISTRITO,CANCUN,1,452,53,0.117256637
DISTRITO,CANCUN,2,551,52,0.094373866
DISTRITO,CANCUN,3,540,62,0.114814815
DISTRITO,CANCUN,4,541,59,0.109057301
DISTRITO,CANCUN,5,529,58,0.109640832
DISTRITO,CANCUN,6,567,50,0.088183422
DISTRITO,CANCUN,7,589,38,0.064516129
DISTRITO,CANCUN,8,531,58,0.109227872
DISTRITO,CANCUN,9,510,50,0.098039216
DISTRITO,CANCUN,10,572,54,0.094405594
DISTRITO,CANCUN,11,573,66,0.115183246
DISTRITO,CANCUN,12,568,64,0.112676056
DISTRITO,CANCUN,13,563,56,0.09946714
DISTRITO,CANCUN,14,409,36,0.08801956
DISTRITO,CELAYA,1,141,4,0.028368794
DISTRITO,CELAYA,2,203,17,0.083743842
DISTRITO,CELAYA,3,164,13,0.079268293
DISTRITO,CELAYA,4,195,11,0.056410256
DISTRITO,CELAYA,5,140,9,0.064285714
DISTRITO,CELAYA,6,161,8,0.049689441
DISTRITO,CELAYA,7,161,11,0.068322981
DISTRITO,CELAYA,8,143,6,0.041958042
DISTRITO,CELAYA,9,161,9,0.055900621
DISTRITO,CELAYA,10,162,12,0.074074074
DISTRITO,CELAYA,11,134,6,0.044776119
DISTRITO,CELAYA,12,111,9,0.081081081
DISTRITO,CELAYA,13,136,9,0.066176471
DISTRITO,CELAYA,14,102,6,0.058823529
DISTRITO,CENTRO HISTORICO,1,68,7,0.102941176
DISTRITO,CENTRO HISTORICO,2,88,12,0.136363636
DISTRITO,CENTRO HISTORICO,3,146,11,0.075342466
DISTRITO,CENTRO HISTORICO,4,118,8,0.06779661
DISTRITO,CENTRO HISTORICO,5,89,9,0.101123596
DISTRITO,CENTRO HISTORICO,6,177,13,0.073446328
DISTRITO,CENTRO HISTORICO,7,188,17,0.090425532
DISTRITO,CENTRO HISTORICO,8,144,16,0.111111111
DISTRITO,CENTRO HISTORICO,9,122,11,0.090163934
DISTRITO,CENTRO HISTORICO,10,148,9,0.060810811
DISTRITO,CENTRO HISTORICO,11,186,16,0.086021505
DISTRITO,CENTRO HISTORICO,12,160,19,0.11875
DISTRITO,CENTRO HISTORICO,13,177,25,0.141242938
DISTRITO,CENTRO HISTORICO,14,84,6,0.071428571
DISTRITO,CERRO GORDO,1,384,54,0.140625
DISTRITO,CERRO GORDO,2,391,45,0.115089514
DISTRITO,CERRO GORDO,3,401,52,0.12967581
DISTRITO,CERRO GORDO,4,387,45,0.11627907
DISTRITO,CERRO GORDO,5,386,39,0.101036269
DISTRITO,CERRO GORDO,6,349,42,0.12034384
DISTRITO,CERRO GORDO,7,360,40,0.111111111
DISTRITO,CERRO GORDO,8,392,35,0.089285714
DISTRITO,CERRO GORDO,9,368,38,0.10326087
DISTRITO,CERRO GORDO,10,384,31,0.080729167
DISTRITO,CERRO GORDO,11,411,34,0.082725061
DISTRITO,CERRO GORDO,12,375,47,0.125333333
DISTRITO,CERRO GORDO,13,397,32,0.080604534
DISTRITO,CERRO GORDO,14,222,16,0.072072072
DISTRITO,CHALCO,1,28,3,0.107142857
DISTRITO,CHALCO,2,29,1,0.034482759
DISTRITO,CHALCO,3,34,2,0.058823529
DISTRITO,CHALCO,4,27,1,0.037037037
DISTRITO,CHALCO,5,46,4,0.086956522
DISTRITO,CHALCO,6,48,4,0.083333333
DISTRITO,CHALCO,7,55,2,0.036363636
DISTRITO,CHALCO,8,65,3,0.046153846
DISTRITO,CHALCO,9,60,2,0.033333333
DISTRITO,CHALCO,10,59,4,0.06779661
DISTRITO,CHALCO,11,65,2,0.030769231
DISTRITO,CHALCO,12,143,1,0.006993007
DISTRITO,CHALCO,13,157,4,0.025477707
DISTRITO,CHALCO,14,88,5,0.056818182
DISTRITO,CHIHUAHUA CUMBRES,1,221,24,0.108597285
DISTRITO,CHIHUAHUA CUMBRES,2,203,17,0.083743842
DISTRITO,CHIHUAHUA CUMBRES,3,194,11,0.056701031
DISTRITO,CHIHUAHUA CUMBRES,4,168,17,0.101190476
DISTRITO,CHIHUAHUA CUMBRES,5,195,15,0.076923077
DISTRITO,CHIHUAHUA CUMBRES,6,207,14,0.06763285
DISTRITO,CHIHUAHUA CUMBRES,7,195,9,0.046153846
DISTRITO,CHIHUAHUA CUMBRES,8,237,12,0.050632911
DISTRITO,CHIHUAHUA CUMBRES,9,189,18,0.095238095
DISTRITO,CHIHUAHUA CUMBRES,10,200,16,0.08
DISTRITO,CHIHUAHUA CUMBRES,11,206,6,0.029126214
DISTRITO,CHIHUAHUA CUMBRES,12,187,13,0.069518717
DISTRITO,CHIHUAHUA CUMBRES,13,188,11,0.058510638
DISTRITO,CHIHUAHUA CUMBRES,14,120,7,0.058333333
DISTRITO,CHIHUAHUA DEL RELIZ,1,176,21,0.119318182
DISTRITO,CHIHUAHUA DEL RELIZ,2,184,18,0.097826087
DISTRITO,CHIHUAHUA DEL RELIZ,3,217,27,0.124423963
DISTRITO,CHIHUAHUA DEL RELIZ,4,179,15,0.083798883
DISTRITO,CHIHUAHUA DEL RELIZ,5,235,21,0.089361702
DISTRITO,CHIHUAHUA DEL RELIZ,6,234,18,0.076923077
DISTRITO,CHIHUAHUA DEL RELIZ,7,301,34,0.112956811
DISTRITO,CHIHUAHUA DEL RELIZ,8,356,38,0.106741573
DISTRITO,CHIHUAHUA DEL RELIZ,9,273,39,0.142857143
DISTRITO,CHIHUAHUA DEL RELIZ,10,265,28,0.105660377
DISTRITO,CHIHUAHUA DEL RELIZ,11,242,18,0.074380165
DISTRITO,CHIHUAHUA DEL RELIZ,12,243,25,0.102880658
DISTRITO,CHIHUAHUA DEL RELIZ,13,263,34,0.129277567
DISTRITO,CHIHUAHUA DEL RELIZ,14,149,15,0.100671141
DISTRITO,CIUDAD OBREGON / NAVOJOA,1,50,1,0.02
DISTRITO,CIUDAD OBREGON / NAVOJOA,2,58,6,0.103448276
DISTRITO,CIUDAD OBREGON / NAVOJOA,3,51,6,0.117647059
DISTRITO,CIUDAD OBREGON / NAVOJOA,4,59,4,0.06779661
DISTRITO,CIUDAD OBREGON / NAVOJOA,5,50,4,0.08
DISTRITO,CIUDAD OBREGON / NAVOJOA,6,75,7,0.093333333
DISTRITO,CIUDAD OBREGON / NAVOJOA,7,65,3,0.046153846
DISTRITO,CIUDAD OBREGON / NAVOJOA,8,63,2,0.031746032
DISTRITO,CIUDAD OBREGON / NAVOJOA,9,49,3,0.06122449
DISTRITO,CIUDAD OBREGON / NAVOJOA,10,48,1,0.020833333
DISTRITO,CIUDAD OBREGON / NAVOJOA,11,59,4,0.06779661
DISTRITO,CIUDAD OBREGON / NAVOJOA,12,51,3,0.058823529
DISTRITO,CIUDAD OBREGON / NAVOJOA,13,56,5,0.089285714
DISTRITO,CIUDAD OBREGON / NAVOJOA,14,48,2,0.041666667
DISTRITO,CIUDAD VICTORIA,9,2,,
DISTRITO,CIUDAD VICTORIA,10,1,,
DISTRITO,CIUDAD VICTORIA,13,1,,
DISTRITO,COACALCO,1,439,52,0.118451025
DISTRITO,COACALCO,2,471,43,0.091295117
DISTRITO,COACALCO,3,469,40,0.085287846
DISTRITO,COACALCO,4,472,56,0.118644068
DISTRITO,COACALCO,5,395,37,0.093670886
DISTRITO,COACALCO,6,455,45,0.098901099
DISTRITO,COACALCO,7,446,44,0.098654709
DISTRITO,COACALCO,8,477,38,0.07966457
DISTRITO,COACALCO,9,479,33,0.068893528
DISTRITO,COACALCO,10,480,44,0.091666667
DISTRITO,COACALCO,11,507,55,0.108481262
DISTRITO,COACALCO,12,518,46,0.088803089
DISTRITO,COACALCO,13,390,36,0.092307692
DISTRITO,COACALCO,14,276,23,0.083333333
DISTRITO,COATZA / MINA,1,168,11,0.06547619
DISTRITO,COATZA / MINA,2,129,13,0.100775194
DISTRITO,COATZA / MINA,3,123,6,0.048780488
DISTRITO,COATZA / MINA,4,119,10,0.084033613
DISTRITO,COATZA / MINA,5,124,11,0.088709677
DISTRITO,COATZA / MINA,6,151,20,0.132450331
DISTRITO,COATZA / MINA,7,123,11,0.089430894
DISTRITO,COATZA / MINA,8,125,7,0.056
DISTRITO,COATZA / MINA,9,124,6,0.048387097
DISTRITO,COATZA / MINA,10,132,10,0.075757576
DISTRITO,COATZA / MINA,11,119,6,0.050420168
DISTRITO,COATZA / MINA,12,105,10,0.095238095
DISTRITO,COATZA / MINA,13,102,4,0.039215686
DISTRITO,COATZA / MINA,14,105,6,0.057142857
DISTRITO,COLIMA / MANZANILLO,1,10,1,0.1
DISTRITO,COLIMA / MANZANILLO,2,17,1,0.058823529
DISTRITO,COLIMA / MANZANILLO,3,17,4,0.235294118
DISTRITO,COLIMA / MANZANILLO,4,11,3,0.272727273
DISTRITO,COLIMA / MANZANILLO,5,17,3,0.176470588
DISTRITO,COLIMA / MANZANILLO,6,17,2,0.117647059
DISTRITO,COLIMA / MANZANILLO,7,20,2,0.1
DISTRITO,COLIMA / MANZANILLO,8,10,4,0.4
DISTRITO,COLIMA / MANZANILLO,9,22,,
DISTRITO,COLIMA / MANZANILLO,10,24,2,0.083333333
DISTRITO,COLIMA / MANZANILLO,11,27,3,0.111111111
DISTRITO,COLIMA / MANZANILLO,12,14,,
DISTRITO,COLIMA / MANZANILLO,13,31,2,0.064516129
DISTRITO,COLIMA / MANZANILLO,14,19,2,0.105263158
DISTRITO,CONSTITUCION,1,270,29,0.107407407
DISTRITO,CONSTITUCION,2,304,26,0.085526316
DISTRITO,CONSTITUCION,3,292,33,0.113013699
DISTRITO,CONSTITUCION,4,286,31,0.108391608
DISTRITO,CONSTITUCION,5,294,30,0.102040816
DISTRITO,CONSTITUCION,6,336,26,0.077380952
DISTRITO,CONSTITUCION,7,348,28,0.08045977
DISTRITO,CONSTITUCION,8,301,26,0.086378738
DISTRITO,CONSTITUCION,9,290,24,0.082758621
DISTRITO,CONSTITUCION,10,296,19,0.064189189
DISTRITO,CONSTITUCION,11,343,28,0.081632653
DISTRITO,CONSTITUCION,12,280,28,0.1
DISTRITO,CONSTITUCION,13,285,29,0.101754386
DISTRITO,CONSTITUCION,14,197,19,0.096446701
DISTRITO,CORDOBA / ORIZABA,1,113,1,0.008849558
DISTRITO,CORDOBA / ORIZABA,2,154,7,0.045454545
DISTRITO,CORDOBA / ORIZABA,3,96,6,0.0625
DISTRITO,CORDOBA / ORIZABA,4,96,4,0.041666667
DISTRITO,CORDOBA / ORIZABA,5,120,3,0.025
DISTRITO,CORDOBA / ORIZABA,6,131,8,0.061068702
DISTRITO,CORDOBA / ORIZABA,7,124,,
DISTRITO,CORDOBA / ORIZABA,8,119,1,0.008403361
DISTRITO,CORDOBA / ORIZABA,9,150,3,0.02
DISTRITO,CORDOBA / ORIZABA,10,128,2,0.015625
DISTRITO,CORDOBA / ORIZABA,11,126,5,0.03968254
DISTRITO,CORDOBA / ORIZABA,12,129,4,0.031007752
DISTRITO,CORDOBA / ORIZABA,13,157,2,0.012738854
DISTRITO,CORDOBA / ORIZABA,14,92,1,0.010869565
DISTRITO,CUERNAVACA BUGAMBILIAS,1,142,10,0.070422535
DISTRITO,CUERNAVACA BUGAMBILIAS,2,161,10,0.062111801
DISTRITO,CUERNAVACA BUGAMBILIAS,3,140,10,0.071428571
DISTRITO,CUERNAVACA BUGAMBILIAS,4,164,17,0.103658537
DISTRITO,CUERNAVACA BUGAMBILIAS,5,166,11,0.06626506
DISTRITO,CUERNAVACA BUGAMBILIAS,6,158,4,0.025316456
DISTRITO,CUERNAVACA BUGAMBILIAS,7,161,14,0.086956522
DISTRITO,CUERNAVACA BUGAMBILIAS,8,166,13,0.078313253
DISTRITO,CUERNAVACA BUGAMBILIAS,9,150,9,0.06
DISTRITO,CUERNAVACA BUGAMBILIAS,10,167,14,0.083832335
DISTRITO,CUERNAVACA BUGAMBILIAS,11,184,13,0.070652174
DISTRITO,CUERNAVACA BUGAMBILIAS,12,170,8,0.047058824
DISTRITO,CUERNAVACA BUGAMBILIAS,13,132,9,0.068181818
DISTRITO,CUERNAVACA BUGAMBILIAS,14,67,2,0.029850746
DISTRITO,CUERNAVACA DE CORTEZ,1,178,8,0.04494382
DISTRITO,CUERNAVACA DE CORTEZ,2,175,9,0.051428571
DISTRITO,CUERNAVACA DE CORTEZ,3,177,13,0.073446328
DISTRITO,CUERNAVACA DE CORTEZ,4,171,13,0.076023392
DISTRITO,CUERNAVACA DE CORTEZ,5,196,12,0.06122449
DISTRITO,CUERNAVACA DE CORTEZ,6,150,9,0.06
DISTRITO,CUERNAVACA DE CORTEZ,7,201,19,0.094527363
DISTRITO,CUERNAVACA DE CORTEZ,8,181,16,0.08839779
DISTRITO,CUERNAVACA DE CORTEZ,9,199,14,0.070351759
DISTRITO,CUERNAVACA DE CORTEZ,10,175,10,0.057142857
DISTRITO,CUERNAVACA DE CORTEZ,11,209,13,0.062200957
DISTRITO,CUERNAVACA DE CORTEZ,12,210,10,0.047619048
DISTRITO,CUERNAVACA DE CORTEZ,13,212,9,0.04245283
DISTRITO,CUERNAVACA DE CORTEZ,14,103,9,0.087378641
DISTRITO,CULIACAN,1,195,28,0.143589744
DISTRITO,CULIACAN,2,167,12,0.071856287
DISTRITO,CULIACAN,3,160,17,0.10625
DISTRITO,CULIACAN,4,205,13,0.063414634
DISTRITO,CULIACAN,5,162,15,0.092592593
DISTRITO,CULIACAN,6,175,12,0.068571429
DISTRITO,CULIACAN,7,154,13,0.084415584
DISTRITO,CULIACAN,8,168,15,0.089285714
DISTRITO,CULIACAN,9,171,5,0.029239766
DISTRITO,CULIACAN,10,201,26,0.129353234
DISTRITO,CULIACAN,11,208,20,0.096153846
DISTRITO,CULIACAN,12,201,14,0.069651741
DISTRITO,CULIACAN,13,203,14,0.068965517
DISTRITO,CULIACAN,14,127,5,0.039370079
DISTRITO,DELTA,1,463,63,0.136069114
DISTRITO,DELTA,2,516,58,0.112403101
DISTRITO,DELTA,3,460,74,0.160869565
DISTRITO,DELTA,4,524,76,0.145038168
DISTRITO,DELTA,5,455,68,0.149450549
DISTRITO,DELTA,6,476,70,0.147058824
DISTRITO,DELTA,7,491,62,0.126272912
DISTRITO,DELTA,8,449,58,0.129175947
DISTRITO,DELTA,9,483,68,0.140786749
DISTRITO,DELTA,10,486,52,0.106995885
DISTRITO,DELTA,11,440,59,0.134090909
DISTRITO,DELTA,12,545,70,0.128440367
DISTRITO,DELTA,13,470,66,0.140425532
DISTRITO,DELTA,14,271,41,0.151291513
DISTRITO,ECATEPEC,1,246,13,0.052845528
DISTRITO,ECATEPEC,2,269,22,0.081784387
DISTRITO,ECATEPEC,3,275,18,0.065454545
DISTRITO,ECATEPEC,4,276,22,0.079710145
DISTRITO,ECATEPEC,5,297,19,0.063973064
DISTRITO,ECATEPEC,6,280,14,0.05
DISTRITO,ECATEPEC,7,252,10,0.03968254
DISTRITO,ECATEPEC,8,266,9,0.033834586
DISTRITO,ECATEPEC,9,283,11,0.038869258
DISTRITO,ECATEPEC,10,283,18,0.06360424
DISTRITO,ECATEPEC,11,256,11,0.04296875
DISTRITO,ECATEPEC,12,243,7,0.028806584
DISTRITO,ECATEPEC,13,258,16,0.062015504
DISTRITO,ECATEPEC,14,138,8,0.057971014
DISTRITO,GDL BARRANCA,1,459,76,0.165577342
DISTRITO,GDL BARRANCA,2,474,71,0.14978903
DISTRITO,GDL BARRANCA,3,557,69,0.123877917
DISTRITO,GDL BARRANCA,4,561,52,0.092691622
DISTRITO,GDL BARRANCA,5,495,82,0.165656566
DISTRITO,GDL BARRANCA,6,504,62,0.123015873
DISTRITO,GDL BARRANCA,7,638,70,0.109717868
DISTRITO,GDL BARRANCA,8,495,67,0.135353535
DISTRITO,GDL BARRANCA,9,530,76,0.143396226
DISTRITO,GDL BARRANCA,10,473,48,0.101479915
DISTRITO,GDL BARRANCA,11,581,81,0.139414802
DISTRITO,GDL BARRANCA,12,472,53,0.112288136
DISTRITO,GDL BARRANCA,13,536,64,0.119402985
DISTRITO,GDL BARRANCA,14,328,33,0.100609756
DISTRITO,GDL CHAPULTEPEC,1,628,104,0.165605096
DISTRITO,GDL CHAPULTEPEC,2,609,97,0.159277504
DISTRITO,GDL CHAPULTEPEC,3,660,94,0.142424242
DISTRITO,GDL CHAPULTEPEC,4,619,103,0.166397415
DISTRITO,GDL CHAPULTEPEC,5,625,104,0.1664
DISTRITO,GDL CHAPULTEPEC,6,599,91,0.151919866
DISTRITO,GDL CHAPULTEPEC,7,689,76,0.11030479
DISTRITO,GDL CHAPULTEPEC,8,712,87,0.122191011
DISTRITO,GDL CHAPULTEPEC,9,643,94,0.146189736
DISTRITO,GDL CHAPULTEPEC,10,701,99,0.141226819
DISTRITO,GDL CHAPULTEPEC,11,667,98,0.146926537
DISTRITO,GDL CHAPULTEPEC,12,700,128,0.182857143
DISTRITO,GDL CHAPULTEPEC,13,736,115,0.15625
DISTRITO,GDL CHAPULTEPEC,14,427,76,0.177985948
DISTRITO,GDL COLOMOS,1,609,65,0.106732348
DISTRITO,GDL COLOMOS,2,609,83,0.136288998
DISTRITO,GDL COLOMOS,3,738,96,0.130081301
DISTRITO,GDL COLOMOS,4,802,104,0.12967581
DISTRITO,GDL COLOMOS,5,775,109,0.140645161
DISTRITO,GDL COLOMOS,6,720,98,0.136111111
DISTRITO,GDL COLOMOS,7,906,116,0.12803532
DISTRITO,GDL COLOMOS,8,788,83,0.105329949
DISTRITO,GDL COLOMOS,9,780,101,0.129487179
DISTRITO,GDL COLOMOS,10,744,81,0.108870968
DISTRITO,GDL COLOMOS,11,740,99,0.133783784
DISTRITO,GDL COLOMOS,12,717,88,0.122733612
DISTRITO,GDL COLOMOS,13,700,75,0.107142857
DISTRITO,GDL COLOMOS,14,435,59,0.135632184
DISTRITO,GDL EL TAPATIO,1,206,41,0.199029126
DISTRITO,GDL EL TAPATIO,2,224,35,0.15625
DISTRITO,GDL EL TAPATIO,3,278,33,0.118705036
DISTRITO,GDL EL TAPATIO,4,228,40,0.175438596
DISTRITO,GDL EL TAPATIO,5,257,35,0.13618677
DISTRITO,GDL EL TAPATIO,6,253,44,0.173913043
DISTRITO,GDL EL TAPATIO,7,266,40,0.15037594
DISTRITO,GDL EL TAPATIO,8,270,34,0.125925926
DISTRITO,GDL EL TAPATIO,9,248,43,0.173387097
DISTRITO,GDL EL TAPATIO,10,275,49,0.178181818
DISTRITO,GDL EL TAPATIO,11,264,41,0.15530303
DISTRITO,GDL EL TAPATIO,12,219,33,0.150684932
DISTRITO,GDL EL TAPATIO,13,215,38,0.176744186
DISTRITO,GDL EL TAPATIO,14,112,16,0.142857143
DISTRITO,GDL ESTADIO,1,511,44,0.086105675
DISTRITO,GDL ESTADIO,2,532,54,0.101503759
DISTRITO,GDL ESTADIO,3,559,68,0.121645796
DISTRITO,GDL ESTADIO,4,489,53,0.108384458
DISTRITO,GDL ESTADIO,5,551,64,0.11615245
DISTRITO,GDL ESTADIO,6,569,53,0.09314587
DISTRITO,GDL ESTADIO,7,602,65,0.107973422
DISTRITO,GDL ESTADIO,8,625,46,0.0736
DISTRITO,GDL ESTADIO,9,577,60,0.103986135
DISTRITO,GDL ESTADIO,10,548,42,0.076642336
DISTRITO,GDL ESTADIO,11,544,58,0.106617647
DISTRITO,GDL ESTADIO,12,572,52,0.090909091
DISTRITO,GDL ESTADIO,13,512,56,0.109375
DISTRITO,GDL ESTADIO,14,482,51,0.105809129
DISTRITO,GDL LA PRIMAVERA,1,794,153,0.192695214
DISTRITO,GDL LA PRIMAVERA,2,781,156,0.199743918
DISTRITO,GDL LA PRIMAVERA,3,788,118,0.149746193
DISTRITO,GDL LA PRIMAVERA,4,731,125,0.170998632
DISTRITO,GDL LA PRIMAVERA,5,697,126,0.180774749
DISTRITO,GDL LA PRIMAVERA,6,803,122,0.151930262
DISTRITO,GDL LA PRIMAVERA,7,776,105,0.135309278
DISTRITO,GDL LA PRIMAVERA,8,848,119,0.140330189
DISTRITO,GDL LA PRIMAVERA,9,726,97,0.133608815
DISTRITO,GDL LA PRIMAVERA,10,839,101,0.120381406
DISTRITO,GDL LA PRIMAVERA,11,578,69,0.119377163
DISTRITO,GDL LA PRIMAVERA,12,574,68,0.118466899
DISTRITO,GDL LA PRIMAVERA,13,635,77,0.121259843
DISTRITO,GDL LA PRIMAVERA,14,418,44,0.105263158
DISTRITO,GDL LAZARO CARDENAS,1,815,156,0.191411043
DISTRITO,GDL LAZARO CARDENAS,2,798,143,0.179197995
DISTRITO,GDL LAZARO CARDENAS,3,860,149,0.173255814
DISTRITO,GDL LAZARO CARDENAS,4,800,140,0.175
DISTRITO,GDL LAZARO CARDENAS,5,1032,167,0.161821705
DISTRITO,GDL LAZARO CARDENAS,6,959,157,0.1637122
DISTRITO,GDL LAZARO CARDENAS,7,827,133,0.160822249
DISTRITO,GDL LAZARO CARDENAS,8,957,123,0.128526646
DISTRITO,GDL LAZARO CARDENAS,9,1003,160,0.159521436
DISTRITO,GDL LAZARO CARDENAS,10,995,132,0.132663317
DISTRITO,GDL LAZARO CARDENAS,11,962,155,0.161122661
DISTRITO,GDL LAZARO CARDENAS,12,978,160,0.163599182
DISTRITO,GDL LAZARO CARDENAS,13,1073,171,0.159366263
DISTRITO,GDL LAZARO CARDENAS,14,640,119,0.1859375
DISTRITO,GDL LOPEZ MATEOS,1,927,215,0.23193096
DISTRITO,GDL LOPEZ MATEOS,2,824,189,0.229368932
DISTRITO,GDL LOPEZ MATEOS,3,1039,224,0.215591915
DISTRITO,GDL LOPEZ MATEOS,4,1006,211,0.209741551
DISTRITO,GDL LOPEZ MATEOS,5,982,232,0.236252546
DISTRITO,GDL LOPEZ MATEOS,6,870,196,0.225287356
DISTRITO,GDL LOPEZ MATEOS,7,865,165,0.190751445
DISTRITO,GDL LOPEZ MATEOS,8,948,151,0.1592827
DISTRITO,GDL LOPEZ MATEOS,9,1031,160,0.155189137
DISTRITO,GDL LOPEZ MATEOS,10,1234,208,0.168557536
DISTRITO,GDL LOPEZ MATEOS,11,1102,235,0.213248639
DISTRITO,GDL LOPEZ MATEOS,12,1000,181,0.181
DISTRITO,GDL LOPEZ MATEOS,13,978,186,0.190184049
DISTRITO,GDL LOPEZ MATEOS,14,586,131,0.223549488
DISTRITO,GUADALUPE TEPEYAC,1,307,36,0.117263844
DISTRITO,GUADALUPE TEPEYAC,2,327,33,0.100917431
DISTRITO,GUADALUPE TEPEYAC,3,350,31,0.088571429
DISTRITO,GUADALUPE TEPEYAC,4,370,40,0.108108108
DISTRITO,GUADALUPE TEPEYAC,5,381,41,0.107611549
DISTRITO,GUADALUPE TEPEYAC,6,341,32,0.093841642
DISTRITO,GUADALUPE TEPEYAC,7,386,40,0.103626943
DISTRITO,GUADALUPE TEPEYAC,8,345,24,0.069565217
DISTRITO,GUADALUPE TEPEYAC,9,406,31,0.07635468
DISTRITO,GUADALUPE TEPEYAC,10,337,22,0.065281899
DISTRITO,GUADALUPE TEPEYAC,11,408,32,0.078431373
DISTRITO,GUADALUPE TEPEYAC,12,320,19,0.059375
DISTRITO,GUADALUPE TEPEYAC,13,321,30,0.093457944
DISTRITO,GUADALUPE TEPEYAC,14,203,13,0.064039409
DISTRITO,GUANAJUATO,1,104,11,0.105769231
DISTRITO,GUANAJUATO,2,102,10,0.098039216
DISTRITO,GUANAJUATO,3,87,7,0.08045977
DISTRITO,GUANAJUATO,4,97,6,0.06185567
DISTRITO,GUANAJUATO,5,117,3,0.025641026
DISTRITO,GUANAJUATO,6,95,12,0.126315789
DISTRITO,GUANAJUATO,7,141,5,0.035460993
DISTRITO,GUANAJUATO,8,103,7,0.067961165
DISTRITO,GUANAJUATO,9,105,4,0.038095238
DISTRITO,GUANAJUATO,10,134,7,0.052238806
DISTRITO,GUANAJUATO,11,129,3,0.023255814
DISTRITO,GUANAJUATO,12,132,8,0.060606061
DISTRITO,GUANAJUATO,13,134,7,0.052238806
DISTRITO,GUANAJUATO,14,74,8,0.108108108
DISTRITO,HERMOSILLO,1,201,15,0.074626866
DISTRITO,HERMOSILLO,2,194,18,0.092783505
DISTRITO,HERMOSILLO,3,174,16,0.091954023
DISTRITO,HERMOSILLO,4,163,19,0.116564417
DISTRITO,HERMOSILLO,5,173,20,0.115606936
DISTRITO,HERMOSILLO,6,168,13,0.077380952
DISTRITO,HERMOSILLO,7,175,14,0.08
DISTRITO,HERMOSILLO,8,157,14,0.089171975
DISTRITO,HERMOSILLO,9,198,25,0.126262626
DISTRITO,HERMOSILLO,10,168,11,0.06547619
DISTRITO,HERMOSILLO,11,200,16,0.08
DISTRITO,HERMOSILLO,12,227,22,0.0969163
DISTRITO,HERMOSILLO,13,262,28,0.106870229
DISTRITO,HERMOSILLO,14,148,15,0.101351351
DISTRITO,HUEHUETOCA,1,131,10,0.076335878
DISTRITO,HUEHUETOCA,2,152,16,0.105263158
DISTRITO,HUEHUETOCA,3,119,5,0.042016807
DISTRITO,HUEHUETOCA,4,152,12,0.078947368
DISTRITO,HUEHUETOCA,5,150,13,0.086666667
DISTRITO,HUEHUETOCA,6,129,15,0.11627907
DISTRITO,HUEHUETOCA,7,164,10,0.06097561
DISTRITO,HUEHUETOCA,8,158,14,0.088607595
DISTRITO,HUEHUETOCA,9,155,11,0.070967742
DISTRITO,HUEHUETOCA,10,169,9,0.053254438
DISTRITO,HUEHUETOCA,11,134,13,0.097014925
DISTRITO,HUEHUETOCA,12,108,6,0.055555556
DISTRITO,HUEHUETOCA,13,132,3,0.022727273
DISTRITO,HUEHUETOCA,14,93,6,0.064516129
DISTRITO,IRAPUATO,1,236,27,0.11440678
DISTRITO,IRAPUATO,2,225,10,0.044444444
DISTRITO,IRAPUATO,3,240,20,0.083333333
DISTRITO,IRAPUATO,4,157,13,0.082802548
DISTRITO,IRAPUATO,5,161,13,0.080745342
DISTRITO,IRAPUATO,6,156,7,0.044871795
DISTRITO,IRAPUATO,7,210,10,0.047619048
DISTRITO,IRAPUATO,8,177,10,0.056497175
DISTRITO,IRAPUATO,9,237,11,0.046413502
DISTRITO,IRAPUATO,10,203,8,0.039408867
DISTRITO,IRAPUATO,11,215,13,0.060465116
DISTRITO,IRAPUATO,12,270,18,0.066666667
DISTRITO,IRAPUATO,13,181,8,0.044198895
DISTRITO,IRAPUATO,14,111,8,0.072072072
DISTRITO,IZTAPALAPA,1,322,25,0.077639752
DISTRITO,IZTAPALAPA,2,301,17,0.056478405
DISTRITO,IZTAPALAPA,3,338,38,0.112426036
DISTRITO,IZTAPALAPA,4,315,28,0.088888889
DISTRITO,IZTAPALAPA,5,297,18,0.060606061
DISTRITO,IZTAPALAPA,6,326,24,0.073619632
DISTRITO,IZTAPALAPA,7,351,25,0.071225071
DISTRITO,IZTAPALAPA,8,359,18,0.050139276
DISTRITO,IZTAPALAPA,9,361,25,0.069252078
DISTRITO,IZTAPALAPA,10,351,26,0.074074074
DISTRITO,IZTAPALAPA,11,352,26,0.073863636
DISTRITO,IZTAPALAPA,12,313,21,0.067092652
DISTRITO,IZTAPALAPA,13,293,27,0.092150171
DISTRITO,IZTAPALAPA,14,205,14,0.068292683
DISTRITO,JUAREZ NORTE,1,959,233,0.242961418
DISTRITO,JUAREZ NORTE,2,939,200,0.212992545
DISTRITO,JUAREZ NORTE,3,993,248,0.249748238
DISTRITO,JUAREZ NORTE,4,1086,299,0.275322284
DISTRITO,JUAREZ NORTE,5,827,212,0.256348247
DISTRITO,JUAREZ NORTE,6,1008,276,0.273809524
DISTRITO,JUAREZ NORTE,7,998,277,0.27755511
DISTRITO,JUAREZ NORTE,8,1020,223,0.218627451
DISTRITO,JUAREZ NORTE,9,859,212,0.246798603
DISTRITO,JUAREZ NORTE,10,965,180,0.186528497
DISTRITO,JUAREZ NORTE,11,1019,202,0.198233562
DISTRITO,JUAREZ NORTE,12,1027,217,0.211295034
DISTRITO,JUAREZ NORTE,13,1084,221,0.203874539
DISTRITO,JUAREZ NORTE,14,722,154,0.213296399
DISTRITO,JUAREZ SUR,1,924,159,0.172077922
DISTRITO,JUAREZ SUR,2,736,154,0.20923913
DISTRITO,JUAREZ SUR,3,763,138,0.180865007
DISTRITO,JUAREZ SUR,4,779,151,0.193838254
DISTRITO,JUAREZ SUR,5,804,150,0.186567164
DISTRITO,JUAREZ SUR,6,847,164,0.193624557
DISTRITO,JUAREZ SUR,7,831,148,0.178098676
DISTRITO,JUAREZ SUR,8,828,142,0.171497585
DISTRITO,JUAREZ SUR,9,754,132,0.175066313
DISTRITO,JUAREZ SUR,10,840,137,0.163095238
DISTRITO,JUAREZ SUR,11,786,141,0.179389313
DISTRITO,JUAREZ SUR,12,837,98,0.117084827
DISTRITO,JUAREZ SUR,13,844,110,0.130331754
DISTRITO,JUAREZ SUR,14,468,70,0.14957265
DISTRITO,LA LAGUNA GOMEZ,1,138,18,0.130434783
DISTRITO,LA LAGUNA GOMEZ,2,153,11,0.071895425
DISTRITO,LA LAGUNA GOMEZ,3,141,15,0.106382979
DISTRITO,LA LAGUNA GOMEZ,4,128,6,0.046875
DISTRITO,LA LAGUNA GOMEZ,5,161,16,0.099378882
DISTRITO,LA LAGUNA GOMEZ,6,178,11,0.061797753
DISTRITO,LA LAGUNA GOMEZ,7,164,10,0.06097561
DISTRITO,LA LAGUNA GOMEZ,8,190,15,0.078947368
DISTRITO,LA LAGUNA GOMEZ,9,229,26,0.113537118
DISTRITO,LA LAGUNA GOMEZ,10,196,17,0.086734694
DISTRITO,LA LAGUNA GOMEZ,11,204,16,0.078431373
DISTRITO,LA LAGUNA GOMEZ,12,207,17,0.082125604
DISTRITO,LA LAGUNA GOMEZ,13,198,19,0.095959596
DISTRITO,LA LAGUNA GOMEZ,14,123,8,0.06504065
DISTRITO,LA LAGUNA TORREON,1,214,15,0.070093458
DISTRITO,LA LAGUNA TORREON,2,178,20,0.112359551
DISTRITO,LA LAGUNA TORREON,3,194,13,0.067010309
DISTRITO,LA LAGUNA TORREON,4,199,15,0.075376884
DISTRITO,LA LAGUNA TORREON,5,193,24,0.124352332
DISTRITO,LA LAGUNA TORREON,6,189,19,0.100529101
DISTRITO,LA LAGUNA TORREON,7,258,35,0.135658915
DISTRITO,LA LAGUNA TORREON,8,228,23,0.100877193
DISTRITO,LA LAGUNA TORREON,9,189,15,0.079365079
DISTRITO,LA LAGUNA TORREON,10,166,18,0.108433735
DISTRITO,LA LAGUNA TORREON,11,162,11,0.067901235
DISTRITO,LA LAGUNA TORREON,12,180,14,0.077777778
DISTRITO,LA LAGUNA TORREON,13,195,16,0.082051282
DISTRITO,LA LAGUNA TORREON,14,127,11,0.086614173
DISTRITO,LAS AGUILAS,1,199,21,0.105527638
DISTRITO,LAS AGUILAS,2,180,12,0.066666667
DISTRITO,LAS AGUILAS,3,202,29,0.143564356
DISTRITO,LAS AGUILAS,4,193,15,0.077720207
DISTRITO,LAS AGUILAS,5,211,20,0.09478673
DISTRITO,LAS AGUILAS,6,253,34,0.134387352
DISTRITO,LAS AGUILAS,7,245,21,0.085714286
DISTRITO,LAS AGUILAS,8,204,19,0.093137255
DISTRITO,LAS AGUILAS,9,228,21,0.092105263
DISTRITO,LAS AGUILAS,10,222,21,0.094594595
DISTRITO,LAS AGUILAS,11,205,16,0.07804878
DISTRITO,LAS AGUILAS,12,186,20,0.107526882
DISTRITO,LAS AGUILAS,13,181,8,0.044198895
DISTRITO,LAS AGUILAS,14,120,15,0.125
DISTRITO,LOS MOCHIS,1,83,10,0.120481928
DISTRITO,LOS MOCHIS,2,81,4,0.049382716
DISTRITO,LOS MOCHIS,3,67,5,0.074626866
DISTRITO,LOS MOCHIS,4,63,6,0.095238095
DISTRITO,LOS MOCHIS,5,65,8,0.123076923
DISTRITO,LOS MOCHIS,6,70,4,0.057142857
DISTRITO,LOS MOCHIS,7,68,3,0.044117647
DISTRITO,LOS MOCHIS,8,82,1,0.012195122
DISTRITO,LOS MOCHIS,9,62,2,0.032258065
DISTRITO,LOS MOCHIS,10,78,6,0.076923077
DISTRITO,LOS MOCHIS,11,92,3,0.032608696
DISTRITO,LOS MOCHIS,12,83,6,0.072289157
DISTRITO,LOS MOCHIS,13,83,5,0.060240964
DISTRITO,LOS MOCHIS,14,58,7,0.120689655
DISTRITO,LOS REYES,1,197,8,0.040609137
DISTRITO,LOS REYES,2,190,7,0.036842105
DISTRITO,LOS REYES,3,210,9,0.042857143
DISTRITO,LOS REYES,4,201,10,0.049751244
DISTRITO,LOS REYES,5,233,12,0.051502146
DISTRITO,LOS REYES,6,205,15,0.073170732
DISTRITO,LOS REYES,7,204,11,0.053921569
DISTRITO,LOS REYES,8,209,10,0.04784689
DISTRITO,LOS REYES,9,234,9,0.038461538
DISTRITO,LOS REYES,10,201,11,0.054726368
DISTRITO,LOS REYES,11,222,10,0.045045045
DISTRITO,LOS REYES,12,215,6,0.027906977
DISTRITO,LOS REYES,13,185,13,0.07027027
DISTRITO,LOS REYES,14,121,5,0.041322314
DISTRITO,MAZATLAN,1,195,29,0.148717949
DISTRITO,MAZATLAN,2,202,18,0.089108911
DISTRITO,MAZATLAN,3,185,18,0.097297297
DISTRITO,MAZATLAN,4,169,15,0.088757396
DISTRITO,MAZATLAN,5,142,13,0.091549296
DISTRITO,MAZATLAN,6,162,23,0.141975309
DISTRITO,MAZATLAN,7,177,25,0.141242938
DISTRITO,MAZATLAN,8,213,18,0.084507042
DISTRITO,MAZATLAN,9,174,15,0.086206897
DISTRITO,MAZATLAN,10,151,17,0.112582781
DISTRITO,MAZATLAN,11,182,13,0.071428571
DISTRITO,MAZATLAN,12,145,9,0.062068966
DISTRITO,MAZATLAN,13,171,17,0.099415205
DISTRITO,MAZATLAN,14,93,12,0.129032258
DISTRITO,MERIDA NORTE,1,276,31,0.112318841
DISTRITO,MERIDA NORTE,2,304,46,0.151315789
DISTRITO,MERIDA NORTE,3,317,38,0.119873817
DISTRITO,MERIDA NORTE,4,302,48,0.158940397
DISTRITO,MERIDA NORTE,5,288,40,0.138888889
DISTRITO,MERIDA NORTE,6,302,38,0.125827815
DISTRITO,MERIDA NORTE,7,300,30,0.1
DISTRITO,MERIDA NORTE,8,312,40,0.128205128
DISTRITO,MERIDA NORTE,9,283,19,0.067137809
DISTRITO,MERIDA NORTE,10,350,40,0.114285714
DISTRITO,MERIDA NORTE,11,261,26,0.099616858
DISTRITO,MERIDA NORTE,12,345,50,0.144927536
DISTRITO,MERIDA NORTE,13,333,58,0.174174174
DISTRITO,MERIDA NORTE,14,205,16,0.07804878
DISTRITO,MERIDA SUR,1,206,15,0.072815534
DISTRITO,MERIDA SUR,2,225,21,0.093333333
DISTRITO,MERIDA SUR,3,185,16,0.086486486
DISTRITO,MERIDA SUR,4,221,19,0.085972851
DISTRITO,MERIDA SUR,5,231,18,0.077922078
DISTRITO,MERIDA SUR,6,248,24,0.096774194
DISTRITO,MERIDA SUR,7,223,23,0.103139013
DISTRITO,MERIDA SUR,8,247,22,0.089068826
DISTRITO,MERIDA SUR,9,254,22,0.086614173
DISTRITO,MERIDA SUR,10,290,31,0.106896552
DISTRITO,MERIDA SUR,11,269,23,0.085501859
DISTRITO,MERIDA SUR,12,294,28,0.095238095
DISTRITO,MERIDA SUR,13,312,31,0.099358974
DISTRITO,MERIDA SUR,14,202,22,0.108910891
DISTRITO,MEXICALI,1,253,18,0.071146245
DISTRITO,MEXICALI,2,187,16,0.085561497
DISTRITO,MEXICALI,3,206,16,0.077669903
DISTRITO,MEXICALI,4,221,8,0.036199095
DISTRITO,MEXICALI,5,247,22,0.089068826
DISTRITO,MEXICALI,6,252,24,0.095238095
DISTRITO,MEXICALI,7,247,19,0.076923077
DISTRITO,MEXICALI,8,244,20,0.081967213
DISTRITO,MEXICALI,9,247,17,0.068825911
DISTRITO,MEXICALI,10,293,24,0.081911263
DISTRITO,MEXICALI,11,292,22,0.075342466
DISTRITO,MEXICALI,12,266,17,0.063909774
DISTRITO,MEXICALI,13,249,24,0.096385542
DISTRITO,MEXICALI,14,133,11,0.082706767
DISTRITO,MORELIA,1,144,6,0.041666667
DISTRITO,MORELIA,2,140,7,0.05
DISTRITO,MORELIA,3,131,6,0.045801527
DISTRITO,MORELIA,4,126,9,0.071428571
DISTRITO,MORELIA,5,106,7,0.066037736
DISTRITO,MORELIA,6,116,7,0.060344828
DISTRITO,MORELIA,7,159,10,0.062893082
DISTRITO,MORELIA,8,160,12,0.075
DISTRITO,MORELIA,9,159,9,0.056603774
DISTRITO,MORELIA,10,168,11,0.06547619
DISTRITO,MORELIA,11,167,11,0.065868263
DISTRITO,MORELIA,12,106,8,0.075471698
DISTRITO,MORELIA,13,131,7,0.053435115
DISTRITO,MORELIA,14,78,4,0.051282051
DISTRITO,MTY AEROPUERTO,1,132,15,0.113636364
DISTRITO,MTY AEROPUERTO,2,123,18,0.146341463
DISTRITO,MTY AEROPUERTO,3,137,19,0.138686131
DISTRITO,MTY AEROPUERTO,4,106,18,0.169811321
DISTRITO,MTY AEROPUERTO,5,138,22,0.15942029
DISTRITO,MTY AEROPUERTO,6,120,16,0.133333333
DISTRITO,MTY AEROPUERTO,7,175,28,0.16
DISTRITO,MTY AEROPUERTO,8,188,39,0.207446809
DISTRITO,MTY AEROPUERTO,9,144,29,0.201388889
DISTRITO,MTY AEROPUERTO,10,211,38,0.180094787
DISTRITO,MTY AEROPUERTO,11,159,25,0.157232704
DISTRITO,MTY AEROPUERTO,12,112,25,0.223214286
DISTRITO,MTY AEROPUERTO,13,126,22,0.174603175
DISTRITO,MTY AEROPUERTO,14,116,25,0.215517241
DISTRITO,MTY CARRETERA NACIONAL,1,148,22,0.148648649
DISTRITO,MTY CARRETERA NACIONAL,2,231,42,0.181818182
DISTRITO,MTY CARRETERA NACIONAL,3,265,43,0.162264151
DISTRITO,MTY CARRETERA NACIONAL,4,227,49,0.215859031
DISTRITO,MTY CARRETERA NACIONAL,5,272,49,0.180147059
DISTRITO,MTY CARRETERA NACIONAL,6,316,55,0.174050633
DISTRITO,MTY CARRETERA NACIONAL,7,322,52,0.161490683
DISTRITO,MTY CARRETERA NACIONAL,8,364,55,0.151098901
DISTRITO,MTY CARRETERA NACIONAL,9,270,59,0.218518519
DISTRITO,MTY CARRETERA NACIONAL,10,404,85,0.21039604
DISTRITO,MTY CARRETERA NACIONAL,11,276,44,0.15942029
DISTRITO,MTY CARRETERA NACIONAL,12,223,38,0.170403587
DISTRITO,MTY CARRETERA NACIONAL,13,226,44,0.194690265
DISTRITO,MTY CARRETERA NACIONAL,14,160,28,0.175
DISTRITO,MTY CERRO DE LA SILLA,1,400,71,0.1775
DISTRITO,MTY CERRO DE LA SILLA,2,334,51,0.152694611
DISTRITO,MTY CERRO DE LA SILLA,3,330,45,0.136363636
DISTRITO,MTY CERRO DE LA SILLA,4,377,48,0.127320955
DISTRITO,MTY CERRO DE LA SILLA,5,391,63,0.16112532
DISTRITO,MTY CERRO DE LA SILLA,6,338,48,0.142011834
DISTRITO,MTY CERRO DE LA SILLA,7,397,52,0.130982368
DISTRITO,MTY CERRO DE LA SILLA,8,348,50,0.143678161
DISTRITO,MTY CERRO DE LA SILLA,9,402,44,0.109452736
DISTRITO,MTY CERRO DE LA SILLA,10,337,37,0.109792285
DISTRITO,MTY CERRO DE LA SILLA,11,309,36,0.116504854
DISTRITO,MTY CERRO DE LA SILLA,12,281,37,0.131672598
DISTRITO,MTY CERRO DE LA SILLA,13,297,37,0.124579125
DISTRITO,MTY CERRO DE LA SILLA,14,189,23,0.121693122
DISTRITO,MTY GARCIA,1,315,62,0.196825397
DISTRITO,MTY GARCIA,2,283,44,0.155477032
DISTRITO,MTY GARCIA,3,346,43,0.124277457
DISTRITO,MTY GARCIA,4,309,44,0.142394822
DISTRITO,MTY GARCIA,5,347,73,0.21037464
DISTRITO,MTY GARCIA,6,313,52,0.166134185
DISTRITO,MTY GARCIA,7,360,52,0.144444444
DISTRITO,MTY GARCIA,8,395,79,0.2
DISTRITO,MTY GARCIA,9,370,67,0.181081081
DISTRITO,MTY GARCIA,10,350,68,0.194285714
DISTRITO,MTY GARCIA,11,299,43,0.143812709
DISTRITO,MTY GARCIA,12,279,37,0.132616487
DISTRITO,MTY GARCIA,13,323,53,0.164086687
DISTRITO,MTY GARCIA,14,191,32,0.167539267
DISTRITO,MTY MITRAS,1,424,67,0.158018868
DISTRITO,MTY MITRAS,2,428,66,0.154205607
DISTRITO,MTY MITRAS,3,410,74,0.180487805
DISTRITO,MTY MITRAS,4,450,73,0.162222222
DISTRITO,MTY MITRAS,5,424,93,0.219339623
DISTRITO,MTY MITRAS,6,365,57,0.156164384
DISTRITO,MTY MITRAS,7,400,57,0.1425
DISTRITO,MTY MITRAS,8,365,70,0.191780822
DISTRITO,MTY MITRAS,9,383,51,0.133159269
DISTRITO,MTY MITRAS,10,481,76,0.158004158
DISTRITO,MTY MITRAS,11,423,70,0.165484634
DISTRITO,MTY MITRAS,12,383,67,0.174934726
DISTRITO,MTY MITRAS,13,461,63,0.136659436
DISTRITO,MTY MITRAS,14,291,56,0.192439863
DISTRITO,MTY SANTA LUCIA,1,482,65,0.134854772
DISTRITO,MTY SANTA LUCIA,2,428,58,0.135514019
DISTRITO,MTY SANTA LUCIA,3,555,51,0.091891892
DISTRITO,MTY SANTA LUCIA,4,522,77,0.147509579
DISTRITO,MTY SANTA LUCIA,5,507,67,0.132149901
DISTRITO,MTY SANTA LUCIA,6,528,66,0.125
DISTRITO,MTY SANTA LUCIA,7,448,60,0.133928571
DISTRITO,MTY SANTA LUCIA,8,458,59,0.128820961
DISTRITO,MTY SANTA LUCIA,9,481,46,0.095634096
DISTRITO,MTY SANTA LUCIA,10,510,47,0.092156863
DISTRITO,MTY SANTA LUCIA,11,500,65,0.13
DISTRITO,MTY SANTA LUCIA,12,449,68,0.151447661
DISTRITO,MTY SANTA LUCIA,13,460,68,0.147826087
DISTRITO,MTY SANTA LUCIA,14,322,53,0.164596273
DISTRITO,MTY SENDERO DIVISORIO,1,409,64,0.156479218
DISTRITO,MTY SENDERO DIVISORIO,2,374,40,0.106951872
DISTRITO,MTY SENDERO DIVISORIO,3,443,52,0.11738149
DISTRITO,MTY SENDERO DIVISORIO,4,399,46,0.115288221
DISTRITO,MTY SENDERO DIVISORIO,5,394,56,0.14213198
DISTRITO,MTY SENDERO DIVISORIO,6,307,33,0.107491857
DISTRITO,MTY SENDERO DIVISORIO,7,407,38,0.093366093
DISTRITO,MTY SENDERO DIVISORIO,8,371,51,0.137466307
DISTRITO,MTY SENDERO DIVISORIO,9,375,44,0.117333333
DISTRITO,MTY SENDERO DIVISORIO,10,352,41,0.116477273
DISTRITO,MTY SENDERO DIVISORIO,11,375,31,0.082666667
DISTRITO,MTY SENDERO DIVISORIO,12,350,37,0.105714286
DISTRITO,MTY SENDERO DIVISORIO,13,465,42,0.090322581
DISTRITO,MTY SENDERO DIVISORIO,14,300,45,0.15
DISTRITO,MTY SIERRA MADRE,1,368,67,0.182065217
DISTRITO,MTY SIERRA MADRE,2,384,65,0.169270833
DISTRITO,MTY SIERRA MADRE,3,385,71,0.184415584
DISTRITO,MTY SIERRA MADRE,4,391,59,0.150895141
DISTRITO,MTY SIERRA MADRE,5,333,46,0.138138138
DISTRITO,MTY SIERRA MADRE,6,314,41,0.130573248
DISTRITO,MTY SIERRA MADRE,7,307,30,0.09771987
DISTRITO,MTY SIERRA MADRE,8,345,41,0.11884058
DISTRITO,MTY SIERRA MADRE,9,324,45,0.138888889
DISTRITO,MTY SIERRA MADRE,10,275,25,0.090909091
DISTRITO,MTY SIERRA MADRE,11,275,31,0.112727273
DISTRITO,MTY SIERRA MADRE,12,267,26,0.097378277
DISTRITO,MTY SIERRA MADRE,13,338,51,0.150887574
DISTRITO,MTY SIERRA MADRE,14,224,22,0.098214286
DISTRITO,NAUCALPAN,1,136,18,0.132352941
DISTRITO,NAUCALPAN,2,142,11,0.077464789
DISTRITO,NAUCALPAN,3,136,11,0.080882353
DISTRITO,NAUCALPAN,4,121,8,0.066115702
DISTRITO,NAUCALPAN,5,152,14,0.092105263
DISTRITO,NAUCALPAN,6,111,8,0.072072072
DISTRITO,NAUCALPAN,7,155,21,0.135483871
DISTRITO,NAUCALPAN,8,175,18,0.102857143
DISTRITO,NAUCALPAN,9,156,6,0.038461538
DISTRITO,NAUCALPAN,10,171,7,0.040935673
DISTRITO,NAUCALPAN,11,133,6,0.045112782
DISTRITO,NAUCALPAN,12,141,9,0.063829787
DISTRITO,NAUCALPAN,13,135,10,0.074074074
DISTRITO,NAUCALPAN,14,71,2,0.028169014
DISTRITO,NEZA 1,1,291,11,0.037800687
DISTRITO,NEZA 1,2,312,16,0.051282051
DISTRITO,NEZA 1,3,358,25,0.069832402
DISTRITO,NEZA 1,4,300,13,0.043333333
DISTRITO,NEZA 1,5,341,18,0.052785924
DISTRITO,NEZA 1,6,350,26,0.074285714
DISTRITO,NEZA 1,7,339,22,0.064896755
DISTRITO,NEZA 1,8,303,10,0.0330033
DISTRITO,NEZA 1,9,336,17,0.050595238
DISTRITO,NEZA 1,10,330,20,0.060606061
DISTRITO,NEZA 1,11,359,14,0.038997214
DISTRITO,NEZA 1,12,337,21,0.06231454
DISTRITO,NEZA 1,13,308,26,0.084415584
DISTRITO,NEZA 1,14,188,9,0.04787234
DISTRITO,NEZA 2,1,325,30,0.092307692
DISTRITO,NEZA 2,2,347,28,0.080691643
DISTRITO,NEZA 2,3,366,26,0.071038251
DISTRITO,NEZA 2,4,377,35,0.092838196
DISTRITO,NEZA 2,5,390,29,0.074358974
DISTRITO,NEZA 2,6,384,28,0.072916667
DISTRITO,NEZA 2,7,330,27,0.081818182
DISTRITO,NEZA 2,8,332,18,0.054216867
DISTRITO,NEZA 2,9,359,19,0.052924791
DISTRITO,NEZA 2,10,330,27,0.081818182
DISTRITO,NEZA 2,11,312,25,0.080128205
DISTRITO,NEZA 2,12,305,14,0.045901639
DISTRITO,NEZA 2,13,314,20,0.063694268
DISTRITO,NEZA 2,14,197,10,0.050761421
DISTRITO,NICOLAS ROMERO,1,236,24,0.101694915
DISTRITO,NICOLAS ROMERO,2,240,16,0.066666667
DISTRITO,NICOLAS ROMERO,3,267,23,0.086142322
DISTRITO,NICOLAS ROMERO,4,304,34,0.111842105
DISTRITO,NICOLAS ROMERO,5,310,28,0.090322581
DISTRITO,NICOLAS ROMERO,6,247,14,0.056680162
DISTRITO,NICOLAS ROMERO,7,292,28,0.095890411
DISTRITO,NICOLAS ROMERO,8,291,19,0.065292096
DISTRITO,NICOLAS ROMERO,9,258,22,0.085271318
DISTRITO,NICOLAS ROMERO,10,278,17,0.061151079
DISTRITO,NICOLAS ROMERO,11,264,36,0.136363636
DISTRITO,NICOLAS ROMERO,12,249,22,0.088353414
DISTRITO,NICOLAS ROMERO,13,252,20,0.079365079
DISTRITO,NICOLAS ROMERO,14,130,13,0.1
DISTRITO,NUEVA CONDESA,1,376,38,0.10106383
DISTRITO,NUEVA CONDESA,2,402,39,0.097014925
DISTRITO,NUEVA CONDESA,3,428,41,0.095794393
DISTRITO,NUEVA CONDESA,4,409,41,0.100244499
DISTRITO,NUEVA CONDESA,5,384,40,0.104166667
DISTRITO,NUEVA CONDESA,6,457,43,0.094091904
DISTRITO,NUEVA CONDESA,7,453,38,0.08388521
DISTRITO,NUEVA CONDESA,8,496,49,0.098790323
DISTRITO,NUEVA CONDESA,9,448,47,0.104910714
DISTRITO,NUEVA CONDESA,10,464,29,0.0625
DISTRITO,NUEVA CONDESA,11,446,35,0.078475336
DISTRITO,NUEVA CONDESA,12,456,41,0.089912281
DISTRITO,NUEVA CONDESA,13,414,39,0.094202899
DISTRITO,NUEVA CONDESA,14,275,23,0.083636364
DISTRITO,OJO DE AGUA,1,77,6,0.077922078
DISTRITO,OJO DE AGUA,2,98,4,0.040816327
DISTRITO,OJO DE AGUA,3,70,7,0.1
DISTRITO,OJO DE AGUA,4,97,10,0.103092784
DISTRITO,OJO DE AGUA,5,78,4,0.051282051
DISTRITO,OJO DE AGUA,6,100,9,0.09
DISTRITO,OJO DE AGUA,7,83,8,0.096385542
DISTRITO,OJO DE AGUA,8,104,6,0.057692308
DISTRITO,OJO DE AGUA,9,82,4,0.048780488
DISTRITO,OJO DE AGUA,10,78,6,0.076923077
DISTRITO,OJO DE AGUA,11,97,11,0.113402062
DISTRITO,OJO DE AGUA,12,74,13,0.175675676
DISTRITO,OJO DE AGUA,13,77,6,0.077922078
DISTRITO,OJO DE AGUA,14,34,4,0.117647059
DISTRITO,PACHUCA,1,328,35,0.106707317
DISTRITO,PACHUCA,2,378,23,0.060846561
DISTRITO,PACHUCA,3,331,24,0.072507553
DISTRITO,PACHUCA,4,331,19,0.057401813
DISTRITO,PACHUCA,5,350,26,0.074285714
DISTRITO,PACHUCA,6,318,15,0.047169811
DISTRITO,PACHUCA,7,384,20,0.052083333
DISTRITO,PACHUCA,8,356,22,0.061797753
DISTRITO,PACHUCA,9,306,30,0.098039216
DISTRITO,PACHUCA,10,331,22,0.066465257
DISTRITO,PACHUCA,11,327,16,0.048929664
DISTRITO,PACHUCA,12,320,21,0.065625
DISTRITO,PACHUCA,13,376,24,0.063829787
DISTRITO,PACHUCA,14,220,14,0.063636364
DISTRITO,PEDREGAL,1,249,14,0.0562249
DISTRITO,PEDREGAL,2,235,21,0.089361702
DISTRITO,PEDREGAL,3,245,24,0.097959184
DISTRITO,PEDREGAL,4,299,20,0.066889632
DISTRITO,PEDREGAL,5,304,21,0.069078947
DISTRITO,PEDREGAL,6,303,30,0.099009901
DISTRITO,PEDREGAL,7,313,24,0.076677316
DISTRITO,PEDREGAL,8,327,24,0.073394495
DISTRITO,PEDREGAL,9,280,18,0.064285714
DISTRITO,PEDREGAL,10,265,18,0.067924528
DISTRITO,PEDREGAL,11,287,21,0.073170732
DISTRITO,PEDREGAL,12,292,24,0.082191781
DISTRITO,PEDREGAL,13,285,23,0.080701754
DISTRITO,PEDREGAL,14,197,12,0.060913706
DISTRITO,PIEDRAS NEGRAS / MONCLOVA,13,1,,
DISTRITO,POLANCO,1,157,15,0.095541401
DISTRITO,POLANCO,2,175,23,0.131428571
DISTRITO,POLANCO,3,202,28,0.138613861
DISTRITO,POLANCO,4,195,31,0.158974359
DISTRITO,POLANCO,5,203,26,0.128078818
DISTRITO,POLANCO,6,198,29,0.146464646
DISTRITO,POLANCO,7,197,27,0.137055838
DISTRITO,POLANCO,8,208,24,0.115384615
DISTRITO,POLANCO,9,221,17,0.076923077
DISTRITO,POLANCO,10,204,21,0.102941176
DISTRITO,POLANCO,11,234,21,0.08974359
DISTRITO,POLANCO,12,161,13,0.080745342
DISTRITO,POLANCO,13,200,20,0.1
DISTRITO,POLANCO,14,125,16,0.128
DISTRITO,PORTALES,1,387,32,0.082687339
DISTRITO,PORTALES,2,375,26,0.069333333
DISTRITO,PORTALES,3,433,43,0.099307159
DISTRITO,PORTALES,4,434,38,0.087557604
DISTRITO,PORTALES,5,355,34,0.095774648
DISTRITO,PORTALES,6,362,28,0.077348066
DISTRITO,PORTALES,7,319,33,0.103448276
DISTRITO,PORTALES,8,360,34,0.094444444
DISTRITO,PORTALES,9,342,31,0.090643275
DISTRITO,PORTALES,10,356,38,0.106741573
DISTRITO,PORTALES,11,345,25,0.072463768
DISTRITO,PORTALES,12,420,36,0.085714286
DISTRITO,PORTALES,13,376,31,0.082446809
DISTRITO,PORTALES,14,268,19,0.070895522
DISTRITO,POZA RICA,1,67,5,0.074626866
DISTRITO,POZA RICA,2,92,9,0.097826087
DISTRITO,POZA RICA,3,51,4,0.078431373
DISTRITO,POZA RICA,4,75,6,0.08
DISTRITO,POZA RICA,5,70,6,0.085714286
DISTRITO,POZA RICA,6,56,7,0.125
DISTRITO,POZA RICA,7,66,2,0.03030303
DISTRITO,POZA RICA,8,71,1,0.014084507
DISTRITO,POZA RICA,9,62,6,0.096774194
DISTRITO,POZA RICA,10,78,8,0.102564103
DISTRITO,POZA RICA,11,57,3,0.052631579
DISTRITO,POZA RICA,12,62,5,0.080645161
DISTRITO,POZA RICA,13,59,2,0.033898305
DISTRITO,POZA RICA,14,32,1,0.03125
DISTRITO,PUE ANGELOPOLIS,1,238,9,0.037815126
DISTRITO,PUE ANGELOPOLIS,2,201,6,0.029850746
DISTRITO,PUE ANGELOPOLIS,3,224,10,0.044642857
DISTRITO,PUE ANGELOPOLIS,4,206,10,0.048543689
DISTRITO,PUE ANGELOPOLIS,5,190,13,0.068421053
DISTRITO,PUE ANGELOPOLIS,6,229,12,0.052401747
DISTRITO,PUE ANGELOPOLIS,7,224,6,0.026785714
DISTRITO,PUE ANGELOPOLIS,8,230,12,0.052173913
DISTRITO,PUE ANGELOPOLIS,9,230,16,0.069565217
DISTRITO,PUE ANGELOPOLIS,10,250,13,0.052
DISTRITO,PUE ANGELOPOLIS,11,247,6,0.024291498
DISTRITO,PUE ANGELOPOLIS,12,217,9,0.041474654
DISTRITO,PUE ANGELOPOLIS,13,249,11,0.044176707
DISTRITO,PUE ANGELOPOLIS,14,158,11,0.069620253
DISTRITO,PUE LA NORIA,1,229,17,0.074235808
DISTRITO,PUE LA NORIA,2,239,15,0.062761506
DISTRITO,PUE LA NORIA,3,234,14,0.05982906
DISTRITO,PUE LA NORIA,4,213,15,0.070422535
DISTRITO,PUE LA NORIA,5,231,15,0.064935065
DISTRITO,PUE LA NORIA,6,230,14,0.060869565
DISTRITO,PUE LA NORIA,7,261,14,0.053639847
DISTRITO,PUE LA NORIA,8,296,16,0.054054054
DISTRITO,PUE LA NORIA,9,274,15,0.054744526
DISTRITO,PUE LA NORIA,10,232,15,0.064655172
DISTRITO,PUE LA NORIA,11,239,17,0.071129707
DISTRITO,PUE LA NORIA,12,225,12,0.053333333
DISTRITO,PUE LA NORIA,13,229,15,0.065502183
DISTRITO,PUE LA NORIA,14,133,3,0.022556391
DISTRITO,PUE LORETO,1,205,15,0.073170732
DISTRITO,PUE LORETO,2,177,8,0.04519774
DISTRITO,PUE LORETO,3,188,15,0.079787234
DISTRITO,PUE LORETO,4,176,8,0.045454545
DISTRITO,PUE LORETO,5,169,7,0.041420118
DISTRITO,PUE LORETO,6,159,7,0.044025157
DISTRITO,PUE LORETO,7,199,5,0.025125628
DISTRITO,PUE LORETO,8,162,4,0.024691358
DISTRITO,PUE LORETO,9,196,12,0.06122449
DISTRITO,PUE LORETO,10,169,10,0.059171598
DISTRITO,PUE LORETO,11,189,13,0.068783069
DISTRITO,PUE LORETO,12,232,8,0.034482759
DISTRITO,PUE LORETO,13,229,13,0.056768559
DISTRITO,PUE LORETO,14,143,6,0.041958042
DISTRITO,PUERTO VALLARTA,1,249,53,0.212851406
DISTRITO,PUERTO VALLARTA,2,233,40,0.17167382
DISTRITO,PUERTO VALLARTA,3,220,30,0.136363636
DISTRITO,PUERTO VALLARTA,4,227,36,0.158590308
DISTRITO,PUERTO VALLARTA,5,234,47,0.200854701
DISTRITO,PUERTO VALLARTA,6,213,22,0.103286385
DISTRITO,PUERTO VALLARTA,7,256,34,0.1328125
DISTRITO,PUERTO VALLARTA,8,218,22,0.100917431
DISTRITO,PUERTO VALLARTA,9,216,30,0.138888889
DISTRITO,PUERTO VALLARTA,10,218,18,0.082568807
DISTRITO,PUERTO VALLARTA,11,201,22,0.109452736
DISTRITO,PUERTO VALLARTA,12,175,8,0.045714286
DISTRITO,PUERTO VALLARTA,13,221,21,0.095022624
DISTRITO,PUERTO VALLARTA,14,140,14,0.1
DISTRITO,QUERETARO CORREGIDORA,1,104,4,0.038461538
DISTRITO,QUERETARO CORREGIDORA,2,116,5,0.043103448
DISTRITO,QUERETARO CORREGIDORA,3,99,11,0.111111111
DISTRITO,QUERETARO CORREGIDORA,4,114,9,0.078947368
DISTRITO,QUERETARO CORREGIDORA,5,122,12,0.098360656
DISTRITO,QUERETARO CORREGIDORA,6,102,8,0.078431373
DISTRITO,QUERETARO CORREGIDORA,7,128,12,0.09375
DISTRITO,QUERETARO CORREGIDORA,8,147,10,0.068027211
DISTRITO,QUERETARO CORREGIDORA,9,120,7,0.058333333
DISTRITO,QUERETARO CORREGIDORA,10,153,12,0.078431373
DISTRITO,QUERETARO CORREGIDORA,11,144,10,0.069444444
DISTRITO,QUERETARO CORREGIDORA,12,124,7,0.056451613
DISTRITO,QUERETARO CORREGIDORA,13,131,12,0.091603053
DISTRITO,QUERETARO CORREGIDORA,14,111,9,0.081081081
DISTRITO,QUERETARO SANTIAGO,1,168,15,0.089285714
DISTRITO,QUERETARO SANTIAGO,2,150,9,0.06
DISTRITO,QUERETARO SANTIAGO,3,141,9,0.063829787
DISTRITO,QUERETARO SANTIAGO,4,141,12,0.085106383
DISTRITO,QUERETARO SANTIAGO,5,161,18,0.111801242
DISTRITO,QUERETARO SANTIAGO,6,140,10,0.071428571
DISTRITO,QUERETARO SANTIAGO,7,191,19,0.09947644
DISTRITO,QUERETARO SANTIAGO,8,206,17,0.082524272
DISTRITO,QUERETARO SANTIAGO,9,163,16,0.098159509
DISTRITO,QUERETARO SANTIAGO,10,148,16,0.108108108
DISTRITO,QUERETARO SANTIAGO,11,180,16,0.088888889
DISTRITO,QUERETARO SANTIAGO,12,151,15,0.099337748
DISTRITO,QUERETARO SANTIAGO,13,166,12,0.072289157
DISTRITO,QUERETARO SANTIAGO,14,91,6,0.065934066
DISTRITO,REYNOSA,5,11,,
DISTRITO,REYNOSA,6,19,1,0.052631579
DISTRITO,REYNOSA,7,36,,
DISTRITO,REYNOSA,8,17,1,0.058823529
DISTRITO,REYNOSA,9,35,1,0.028571429
DISTRITO,REYNOSA,10,66,7,0.106060606
DISTRITO,REYNOSA,11,61,9,0.147540984
DISTRITO,REYNOSA,12,87,5,0.057471264
DISTRITO,REYNOSA,13,57,5,0.087719298
DISTRITO,REYNOSA,14,45,12,0.266666667
DISTRITO,SALTILLO,1,447,63,0.140939597
DISTRITO,SALTILLO,2,459,55,0.119825708
DISTRITO,SALTILLO,3,480,68,0.141666667
DISTRITO,SALTILLO,4,538,80,0.148698885
DISTRITO,SALTILLO,5,458,60,0.131004367
DISTRITO,SALTILLO,6,362,39,0.107734807
DISTRITO,SALTILLO,7,430,46,0.106976744
DISTRITO,SALTILLO,8,500,76,0.152
DISTRITO,SALTILLO,9,423,48,0.113475177
DISTRITO,SALTILLO,10,443,46,0.103837472
DISTRITO,SALTILLO,11,339,31,0.091445428
DISTRITO,SALTILLO,12,380,37,0.097368421
DISTRITO,SALTILLO,13,400,55,0.1375
DISTRITO,SALTILLO,14,258,21,0.081395349
DISTRITO,SAN LUIS POTOSI ORIENTE,1,629,81,0.128775835
DISTRITO,SAN LUIS POTOSI ORIENTE,2,570,53,0.092982456
DISTRITO,SAN LUIS POTOSI ORIENTE,3,688,84,0.122093023
DISTRITO,SAN LUIS POTOSI ORIENTE,4,763,83,0.108781127
DISTRITO,SAN LUIS POTOSI ORIENTE,5,623,84,0.134831461
DISTRITO,SAN LUIS POTOSI ORIENTE,6,700,90,0.128571429
DISTRITO,SAN LUIS POTOSI ORIENTE,7,616,86,0.13961039
DISTRITO,SAN LUIS POTOSI ORIENTE,8,671,100,0.149031297
DISTRITO,SAN LUIS POTOSI ORIENTE,9,653,84,0.12863706
DISTRITO,SAN LUIS POTOSI ORIENTE,10,588,87,0.147959184
DISTRITO,SAN LUIS POTOSI ORIENTE,11,567,67,0.118165785
DISTRITO,SAN LUIS POTOSI ORIENTE,12,528,73,0.138257576
DISTRITO,SAN LUIS POTOSI ORIENTE,13,534,57,0.106741573
DISTRITO,SAN LUIS POTOSI ORIENTE,14,364,54,0.148351648
DISTRITO,SAN LUIS POTOSI PONIENTE,1,545,63,0.11559633
DISTRITO,SAN LUIS POTOSI PONIENTE,2,486,68,0.139917695
DISTRITO,SAN LUIS POTOSI PONIENTE,3,427,61,0.142857143
DISTRITO,SAN LUIS POTOSI PONIENTE,4,573,61,0.106457243
DISTRITO,SAN LUIS POTOSI PONIENTE,5,491,56,0.114052953
DISTRITO,SAN LUIS POTOSI PONIENTE,6,562,63,0.112099644
DISTRITO,SAN LUIS POTOSI PONIENTE,7,513,54,0.105263158
DISTRITO,SAN LUIS POTOSI PONIENTE,8,537,40,0.074487896
DISTRITO,SAN LUIS POTOSI PONIENTE,9,620,57,0.091935484
DISTRITO,SAN LUIS POTOSI PONIENTE,10,563,67,0.119005329
DISTRITO,SAN LUIS POTOSI PONIENTE,11,512,42,0.08203125
DISTRITO,SAN LUIS POTOSI PONIENTE,12,483,42,0.086956522
DISTRITO,SAN LUIS POTOSI PONIENTE,13,464,42,0.090517241
DISTRITO,SAN LUIS POTOSI PONIENTE,14,339,47,0.138643068
DISTRITO,SANTA FE,1,262,15,0.057251908
DISTRITO,SANTA FE,2,260,25,0.096153846
DISTRITO,SANTA FE,3,298,26,0.087248322
DISTRITO,SANTA FE,4,296,15,0.050675676
DISTRITO,SANTA FE,5,295,17,0.057627119
DISTRITO,SANTA FE,6,263,17,0.064638783
DISTRITO,SANTA FE,7,311,26,0.083601286
DISTRITO,SANTA FE,8,292,29,0.099315068
DISTRITO,SANTA FE,9,279,15,0.053763441
DISTRITO,SANTA FE,10,350,27,0.077142857
DISTRITO,SANTA FE,11,267,14,0.052434457
DISTRITO,SANTA FE,12,239,17,0.071129707
DISTRITO,SANTA FE,13,260,14,0.053846154
DISTRITO,SANTA FE,14,149,8,0.053691275
DISTRITO,SATELITE,1,312,28,0.08974359
DISTRITO,SATELITE,2,272,27,0.099264706
DISTRITO,SATELITE,3,253,28,0.110671937
DISTRITO,SATELITE,4,313,47,0.150159744
DISTRITO,SATELITE,5,259,34,0.131274131
DISTRITO,SATELITE,6,249,31,0.124497992
DISTRITO,SATELITE,7,270,21,0.077777778
DISTRITO,SATELITE,8,351,45,0.128205128
DISTRITO,SATELITE,9,309,38,0.122977346
DISTRITO,SATELITE,10,323,24,0.074303406
DISTRITO,SATELITE,11,336,39,0.116071429
DISTRITO,SATELITE,12,254,27,0.106299213
DISTRITO,SATELITE,13,280,29,0.103571429
DISTRITO,SATELITE,14,185,21,0.113513514
DISTRITO,TAMPICO,1,65,4,0.061538462
DISTRITO,TAMPICO,2,103,10,0.097087379
DISTRITO,TAMPICO,3,84,10,0.119047619
DISTRITO,TAMPICO,4,137,15,0.109489051
DISTRITO,TAMPICO,5,135,15,0.111111111
DISTRITO,TAMPICO,6,141,13,0.092198582
DISTRITO,TAMPICO,7,144,10,0.069444444
DISTRITO,TAMPICO,8,161,20,0.124223602
DISTRITO,TAMPICO,9,161,24,0.149068323
DISTRITO,TAMPICO,10,159,12,0.075471698
DISTRITO,TAMPICO,11,153,23,0.150326797
DISTRITO,TAMPICO,12,137,15,0.109489051
DISTRITO,TAMPICO,13,122,15,0.12295082
DISTRITO,TAMPICO,14,73,11,0.150684932
DISTRITO,TECAMAC,1,371,34,0.091644205
DISTRITO,TECAMAC,2,344,28,0.081395349
DISTRITO,TECAMAC,3,345,27,0.07826087
DISTRITO,TECAMAC,4,343,25,0.072886297
DISTRITO,TECAMAC,5,329,30,0.09118541
DISTRITO,TECAMAC,6,369,24,0.06504065
DISTRITO,TECAMAC,7,336,26,0.077380952
DISTRITO,TECAMAC,8,351,15,0.042735043
DISTRITO,TECAMAC,9,322,17,0.052795031
DISTRITO,TECAMAC,10,350,22,0.062857143
DISTRITO,TECAMAC,11,329,17,0.051671733
DISTRITO,TECAMAC,12,348,28,0.08045977
DISTRITO,TECAMAC,13,290,21,0.072413793
DISTRITO,TECAMAC,14,217,13,0.059907834
DISTRITO,TEPIC,1,4,2,0.5
DISTRITO,TEPIC,2,10,,
DISTRITO,TEPIC,3,10,,
DISTRITO,TEPIC,4,17,3,0.176470588
DISTRITO,TEPIC,5,11,1,0.090909091
DISTRITO,TEPIC,6,13,,
DISTRITO,TEPIC,7,19,3,0.157894737
DISTRITO,TEPIC,8,24,2,0.083333333
DISTRITO,TEPIC,9,13,,
DISTRITO,TEPIC,10,23,2,0.086956522
DISTRITO,TEPIC,11,19,,
DISTRITO,TEPIC,12,25,2,0.08
DISTRITO,TEPIC,13,21,1,0.047619048
DISTRITO,TEPIC,14,9,1,0.111111111
DISTRITO,TEXCOCO,1,201,23,0.114427861
DISTRITO,TEXCOCO,2,191,22,0.115183246
DISTRITO,TEXCOCO,3,223,21,0.094170404
DISTRITO,TEXCOCO,4,180,13,0.072222222
DISTRITO,TEXCOCO,5,230,19,0.082608696
DISTRITO,TEXCOCO,6,201,13,0.064676617
DISTRITO,TEXCOCO,7,207,20,0.096618357
DISTRITO,TEXCOCO,8,210,16,0.076190476
DISTRITO,TEXCOCO,9,191,14,0.073298429
DISTRITO,TEXCOCO,10,207,15,0.072463768
DISTRITO,TEXCOCO,11,190,12,0.063157895
DISTRITO,TEXCOCO,12,163,12,0.073619632
DISTRITO,TEXCOCO,13,179,13,0.072625698
DISTRITO,TEXCOCO,14,125,16,0.128
DISTRITO,TIJ FRONTERA,1,536,131,0.244402985
DISTRITO,TIJ FRONTERA,2,437,73,0.167048055
DISTRITO,TIJ FRONTERA,3,592,126,0.212837838
DISTRITO,TIJ FRONTERA,4,533,88,0.165103189
DISTRITO,TIJ FRONTERA,5,558,100,0.17921147
DISTRITO,TIJ FRONTERA,6,490,79,0.16122449
DISTRITO,TIJ FRONTERA,7,537,81,0.150837989
DISTRITO,TIJ FRONTERA,8,538,78,0.144981413
DISTRITO,TIJ FRONTERA,9,529,68,0.128544423
DISTRITO,TIJ FRONTERA,10,533,82,0.153846154
DISTRITO,TIJ FRONTERA,11,539,81,0.150278293
DISTRITO,TIJ FRONTERA,12,544,65,0.119485294
DISTRITO,TIJ FRONTERA,13,458,58,0.126637555
DISTRITO,TIJ FRONTERA,14,258,34,0.131782946
DISTRITO,TIJ PLAYAS,1,320,30,0.09375
DISTRITO,TIJ PLAYAS,2,280,29,0.103571429
DISTRITO,TIJ PLAYAS,3,251,24,0.09561753
DISTRITO,TIJ PLAYAS,4,244,15,0.06147541
DISTRITO,TIJ PLAYAS,5,277,26,0.093862816
DISTRITO,TIJ PLAYAS,6,273,26,0.095238095
DISTRITO,TIJ PLAYAS,7,295,24,0.081355932
DISTRITO,TIJ PLAYAS,8,282,28,0.09929078
DISTRITO,TIJ PLAYAS,9,317,29,0.09148265
DISTRITO,TIJ PLAYAS,10,305,21,0.068852459
DISTRITO,TIJ PLAYAS,11,287,24,0.083623693
DISTRITO,TIJ PLAYAS,12,292,29,0.099315068
DISTRITO,TIJ PLAYAS,13,297,15,0.050505051
DISTRITO,TIJ PLAYAS,14,191,22,0.115183246
DISTRITO,TIJ RIO,1,451,94,0.208425721
DISTRITO,TIJ RIO,2,473,113,0.238900634
DISTRITO,TIJ RIO,3,519,101,0.19460501
DISTRITO,TIJ RIO,4,551,101,0.183303085
DISTRITO,TIJ RIO,5,609,96,0.157635468
DISTRITO,TIJ RIO,6,455,90,0.197802198
DISTRITO,TIJ RIO,7,598,130,0.217391304
DISTRITO,TIJ RIO,8,524,100,0.190839695
DISTRITO,TIJ RIO,9,529,98,0.185255198
DISTRITO,TIJ RIO,10,539,103,0.19109462
DISTRITO,TIJ RIO,11,529,104,0.196597353
DISTRITO,TIJ RIO,12,580,120,0.206896552
DISTRITO,TIJ RIO,13,457,105,0.2297593
DISTRITO,TIJ RIO,14,302,70,0.231788079
DISTRITO,TIJ TECATE,1,764,168,0.219895288
DISTRITO,TIJ TECATE,2,634,119,0.187697161
DISTRITO,TIJ TECATE,3,747,149,0.199464525
DISTRITO,TIJ TECATE,4,687,116,0.168850073
DISTRITO,TIJ TECATE,5,651,111,0.170506912
DISTRITO,TIJ TECATE,6,617,121,0.196110211
DISTRITO,TIJ TECATE,7,675,144,0.213333333
DISTRITO,TIJ TECATE,8,645,125,0.19379845
DISTRITO,TIJ TECATE,9,698,128,0.183381089
DISTRITO,TIJ TECATE,10,673,130,0.193164933
DISTRITO,TIJ TECATE,11,629,102,0.162162162
DISTRITO,TIJ TECATE,12,685,132,0.19270073
DISTRITO,TIJ TECATE,13,704,161,0.228693182
DISTRITO,TIJ TECATE,14,347,71,0.204610951
DISTRITO,TLALNEPANTLA,1,185,10,0.054054054
DISTRITO,TLALNEPANTLA,2,137,13,0.094890511
DISTRITO,TLALNEPANTLA,3,160,14,0.0875
DISTRITO,TLALNEPANTLA,4,173,15,0.086705202
DISTRITO,TLALNEPANTLA,5,176,17,0.096590909
DISTRITO,TLALNEPANTLA,6,173,17,0.098265896
DISTRITO,TLALNEPANTLA,7,184,18,0.097826087
DISTRITO,TLALNEPANTLA,8,210,17,0.080952381
DISTRITO,TLALNEPANTLA,9,221,20,0.090497738
DISTRITO,TLALNEPANTLA,10,166,13,0.078313253
DISTRITO,TLALNEPANTLA,11,196,18,0.091836735
DISTRITO,TLALNEPANTLA,12,185,21,0.113513514
DISTRITO,TLALNEPANTLA,13,158,14,0.088607595
DISTRITO,TLALNEPANTLA,14,96,5,0.052083333
DISTRITO,TLALPAN,1,319,35,0.109717868
DISTRITO,TLALPAN,2,334,24,0.071856287
DISTRITO,TLALPAN,3,293,22,0.075085324
DISTRITO,TLALPAN,4,320,27,0.084375
DISTRITO,TLALPAN,5,335,22,0.065671642
DISTRITO,TLALPAN,6,308,33,0.107142857
DISTRITO,TLALPAN,7,372,22,0.059139785
DISTRITO,TLALPAN,8,340,26,0.076470588
DISTRITO,TLALPAN,9,349,27,0.077363897
DISTRITO,TLALPAN,10,349,25,0.071633238
DISTRITO,TLALPAN,11,356,30,0.084269663
DISTRITO,TLALPAN,12,289,22,0.076124567
DISTRITO,TLALPAN,13,322,24,0.074534161
DISTRITO,TLALPAN,14,178,18,0.101123596
DISTRITO,TOL LERMA SAN MATEO,1,503,79,0.157057654
DISTRITO,TOL LERMA SAN MATEO,2,469,59,0.125799574
DISTRITO,TOL LERMA SAN MATEO,3,499,51,0.102204409
DISTRITO,TOL LERMA SAN MATEO,4,472,47,0.099576271
DISTRITO,TOL LERMA SAN MATEO,5,429,47,0.10955711
DISTRITO,TOL LERMA SAN MATEO,6,488,52,0.106557377
DISTRITO,TOL LERMA SAN MATEO,7,614,77,0.125407166
DISTRITO,TOL LERMA SAN MATEO,8,563,53,0.094138544
DISTRITO,TOL LERMA SAN MATEO,9,497,49,0.098591549
DISTRITO,TOL LERMA SAN MATEO,10,546,44,0.080586081
DISTRITO,TOL LERMA SAN MATEO,11,541,65,0.120147874
DISTRITO,TOL LERMA SAN MATEO,12,512,49,0.095703125
DISTRITO,TOL LERMA SAN MATEO,13,470,51,0.108510638
DISTRITO,TOL LERMA SAN MATEO,14,317,38,0.119873817
DISTRITO,TOL METEPEC,1,291,41,0.140893471
DISTRITO,TOL METEPEC,2,277,40,0.144404332
DISTRITO,TOL METEPEC,3,350,40,0.114285714
DISTRITO,TOL METEPEC,4,312,34,0.108974359
DISTRITO,TOL METEPEC,5,305,44,0.144262295
DISTRITO,TOL METEPEC,6,313,53,0.169329073
DISTRITO,TOL METEPEC,7,302,48,0.158940397
DISTRITO,TOL METEPEC,8,245,28,0.114285714
DISTRITO,TOL METEPEC,9,245,28,0.114285714
DISTRITO,TOL METEPEC,10,278,29,0.104316547
DISTRITO,TOL METEPEC,11,268,23,0.085820896
DISTRITO,TOL METEPEC,12,222,22,0.099099099
DISTRITO,TOL METEPEC,13,276,28,0.101449275
DISTRITO,TOL METEPEC,14,154,14,0.090909091
DISTRITO,TOL SAN CARLOS,1,469,51,0.108742004
DISTRITO,TOL SAN CARLOS,2,476,42,0.088235294
DISTRITO,TOL SAN CARLOS,3,517,52,0.100580271
DISTRITO,TOL SAN CARLOS,4,530,54,0.101886792
DISTRITO,TOL SAN CARLOS,5,549,55,0.100182149
DISTRITO,TOL SAN CARLOS,6,498,67,0.134538153
DISTRITO,TOL SAN CARLOS,7,512,48,0.09375
DISTRITO,TOL SAN CARLOS,8,532,46,0.086466165
DISTRITO,TOL SAN CARLOS,9,519,57,0.10982659
DISTRITO,TOL SAN CARLOS,10,504,51,0.101190476
DISTRITO,TOL SAN CARLOS,11,610,75,0.12295082
DISTRITO,TOL SAN CARLOS,12,555,55,0.099099099
DISTRITO,TOL SAN CARLOS,13,463,57,0.123110151
DISTRITO,TOL SAN CARLOS,14,262,26,0.099236641
DISTRITO,TULTEPEC,1,512,91,0.177734375
DISTRITO,TULTEPEC,2,541,73,0.134935305
DISTRITO,TULTEPEC,3,515,80,0.155339806
DISTRITO,TULTEPEC,4,506,83,0.164031621
DISTRITO,TULTEPEC,5,596,96,0.161073826
DISTRITO,TULTEPEC,6,559,100,0.178890877
DISTRITO,TULTEPEC,7,551,68,0.123411978
DISTRITO,TULTEPEC,8,586,58,0.098976109
DISTRITO,TULTEPEC,9,612,106,0.173202614
DISTRITO,TULTEPEC,10,658,97,0.147416413
DISTRITO,TULTEPEC,11,631,97,0.153724247
DISTRITO,TULTEPEC,12,638,101,0.15830721
DISTRITO,TULTEPEC,13,547,84,0.153564899
DISTRITO,TULTEPEC,14,396,70,0.176767677
DISTRITO,TULTITLAN,1,331,35,0.105740181
DISTRITO,TULTITLAN,2,306,24,0.078431373
DISTRITO,TULTITLAN,3,362,43,0.11878453
DISTRITO,TULTITLAN,4,356,28,0.078651685
DISTRITO,TULTITLAN,5,447,34,0.07606264
DISTRITO,TULTITLAN,6,443,57,0.128668172
DISTRITO,TULTITLAN,7,366,35,0.095628415
DISTRITO,TULTITLAN,8,398,46,0.115577889
DISTRITO,TULTITLAN,9,420,35,0.083333333
DISTRITO,TULTITLAN,10,408,34,0.083333333
DISTRITO,TULTITLAN,11,446,35,0.078475336
DISTRITO,TULTITLAN,12,374,33,0.088235294
DISTRITO,TULTITLAN,13,402,39,0.097014925
DISTRITO,TULTITLAN,14,247,32,0.129554656
DISTRITO,TUXTLA,1,118,7,0.059322034
DISTRITO,TUXTLA,2,101,6,0.059405941
DISTRITO,TUXTLA,3,113,4,0.03539823
DISTRITO,TUXTLA,4,104,4,0.038461538
DISTRITO,TUXTLA,5,147,10,0.068027211
DISTRITO,TUXTLA,6,148,9,0.060810811
DISTRITO,TUXTLA,7,134,4,0.029850746
DISTRITO,TUXTLA,8,175,6,0.034285714
DISTRITO,TUXTLA,9,141,14,0.09929078
DISTRITO,TUXTLA,10,147,3,0.020408163
DISTRITO,TUXTLA,11,153,10,0.065359477
DISTRITO,TUXTLA,12,155,14,0.090322581
DISTRITO,TUXTLA,13,152,12,0.078947368
DISTRITO,TUXTLA,14,109,5,0.04587156
DISTRITO,VERACRUZ,1,937,64,0.068303095
DISTRITO,VERACRUZ,2,528,50,0.09469697
DISTRITO,VERACRUZ,3,525,50,0.095238095
DISTRITO,VERACRUZ,4,516,42,0.081395349
DISTRITO,VERACRUZ,5,515,51,0.099029126
DISTRITO,VERACRUZ,6,439,38,0.086560364
DISTRITO,VERACRUZ,7,509,36,0.070726916
DISTRITO,VERACRUZ,8,498,38,0.076305221
DISTRITO,VERACRUZ,9,520,37,0.071153846
DISTRITO,VERACRUZ,10,624,47,0.075320513
DISTRITO,VERACRUZ,11,618,61,0.098705502
DISTRITO,VERACRUZ,12,554,51,0.092057762
DISTRITO,VERACRUZ,13,415,35,0.084337349
DISTRITO,VERACRUZ,14,284,31,0.10915493
DISTRITO,VILLAHERMOSA,1,81,1,0.012345679
DISTRITO,VILLAHERMOSA,2,75,5,0.066666667
DISTRITO,VILLAHERMOSA,3,84,1,0.011904762
DISTRITO,VILLAHERMOSA,4,77,6,0.077922078
DISTRITO,VILLAHERMOSA,5,74,4,0.054054054
DISTRITO,VILLAHERMOSA,6,74,3,0.040540541
DISTRITO,VILLAHERMOSA,7,80,,
DISTRITO,VILLAHERMOSA,8,82,4,0.048780488
DISTRITO,VILLAHERMOSA,9,81,3,0.037037037
DISTRITO,VILLAHERMOSA,10,64,2,0.03125
DISTRITO,VILLAHERMOSA,11,77,3,0.038961039
DISTRITO,VILLAHERMOSA,12,83,9,0.108433735
DISTRITO,VILLAHERMOSA,13,85,4,0.047058824
DISTRITO,VILLAHERMOSA,14,87,3,0.034482759
DISTRITO,XALAPA,1,272,16,0.058823529
DISTRITO,XALAPA,2,253,12,0.04743083
DISTRITO,XALAPA,3,229,8,0.034934498
DISTRITO,XALAPA,4,256,6,0.0234375
DISTRITO,XALAPA,5,232,14,0.060344828
DISTRITO,XALAPA,6,228,7,0.030701754
DISTRITO,XALAPA,7,250,17,0.068
DISTRITO,XALAPA,8,243,11,0.04526749
DISTRITO,XALAPA,9,256,8,0.03125
DISTRITO,XALAPA,10,286,14,0.048951049
DISTRITO,XALAPA,11,273,10,0.036630037
DISTRITO,XALAPA,12,303,11,0.03630363
DISTRITO,XALAPA,13,275,13,0.047272727
DISTRITO,XALAPA,14,201,8,0.039800995
DISTRITO,XOCHIMILCO,1,329,32,0.097264438
DISTRITO,XOCHIMILCO,2,356,36,0.101123596
DISTRITO,XOCHIMILCO,3,372,28,0.075268817
DISTRITO,XOCHIMILCO,4,330,24,0.072727273
DISTRITO,XOCHIMILCO,5,313,33,0.10543131
DISTRITO,XOCHIMILCO,6,338,36,0.106508876
DISTRITO,XOCHIMILCO,7,382,37,0.096858639
DISTRITO,XOCHIMILCO,8,366,29,0.079234973
DISTRITO,XOCHIMILCO,9,362,34,0.093922652
DISTRITO,XOCHIMILCO,10,389,24,0.061696658
DISTRITO,XOCHIMILCO,11,430,36,0.08372093
DISTRITO,XOCHIMILCO,12,366,22,0.06010929
DISTRITO,XOCHIMILCO,13,390,37,0.094871795
DISTRITO,XOCHIMILCO,14,212,17,0.080188679